mode,pixel_noise_std,blur_kernel_size,occlusion_percentage,latency_ms,camera_fps,rng_seed,goal_reached,collision,minimum_clearance,convergence_time,path_length,localization_rmse
ground_truth,5,0,0,0,20,1,True,False,0.0932591781715284,0.9500000000000003,1.9,
ground_truth,5,0,0,0,20,2,True,False,0.0932591781715284,0.9500000000000003,1.9,
ground_truth,5,0,0,0,20,3,True,False,0.0932591781715284,0.9500000000000003,1.9,
ground_truth,5,0,0,0,20,4,True,False,0.0932591781715284,0.9500000000000003,1.9,
ground_truth,5,0,0,0,20,5,True,False,0.0932591781715284,0.9500000000000003,1.9,
ground_truth,5,0,0,0,20,6,True,False,0.0932591781715284,0.9500000000000003,1.9,
ground_truth,5,0,0,0,20,7,True,False,0.0932591781715284,0.9500000000000003,1.9,
ground_truth,5,0,0,0,20,8,True,False,0.0932591781715284,0.9500000000000003,1.9,
ground_truth,5,0,0,0,20,9,True,False,0.0932591781715284,0.9500000000000003,1.9,
ground_truth,5,0,0,0,20,10,True,False,0.0932591781715284,0.9500000000000003,1.9,
ground_truth,5,0,0,0,20,11,True,False,0.0932591781715284,0.9500000000000003,1.9,
ground_truth,5,0,0,0,20,12,True,False,0.0932591781715284,0.9500000000000003,1.9,
ground_truth,5,0,0,0,20,13,True,False,0.0932591781715284,0.9500000000000003,1.9,
ground_truth,5,0,0,0,20,14,True,False,0.0932591781715284,0.9500000000000003,1.9,
ground_truth,5,0,0,0,20,15,True,False,0.0932591781715284,0.9500000000000003,1.9,
ground_truth,5,0,0,0,20,16,True,False,0.0932591781715284,0.9500000000000003,1.9,
ground_truth,5,0,0,0,20,17,True,False,0.0932591781715284,0.9500000000000003,1.9,
ground_truth,5,0,0,0,20,18,True,False,0.0932591781715284,0.9500000000000003,1.9,
ground_truth,5,0,0,0,20,19,True,False,0.0932591781715284,0.9500000000000003,1.9,
ground_truth,5,0,0,0,20,20,True,False,0.0932591781715284,0.9500000000000003,1.9,
ground_truth,5,0,0,0,20,21,True,False,0.0932591781715284,0.9500000000000003,1.9,
ground_truth,5,0,0,0,20,22,True,False,0.0932591781715284,0.9500000000000003,1.9,
ground_truth,5,0,0,0,20,23,True,False,0.0932591781715284,0.9500000000000003,1.9,
ground_truth,5,0,0,0,20,24,True,False,0.0932591781715284,0.9500000000000003,1.9,
ground_truth,5,0,0,0,20,25,True,False,0.0932591781715284,0.9500000000000003,1.9,
ground_truth,5,0,0,0,20,26,True,False,0.0932591781715284,0.9500000000000003,1.9,
ground_truth,5,0,0,0,20,27,True,False,0.0932591781715284,0.9500000000000003,1.9,
ground_truth,5,0,0,0,20,28,True,False,0.0932591781715284,0.9500000000000003,1.9,
ground_truth,5,0,0,0,20,29,True,False,0.0932591781715284,0.9500000000000003,1.9,
ground_truth,5,0,0,0,20,30,True,False,0.0932591781715284,0.9500000000000003,1.9,
ground_truth,5,0,0,0,20,31,True,False,0.0932591781715284,0.9500000000000003,1.9,
ground_truth,5,0,0,0,20,32,True,False,0.0932591781715284,0.9500000000000003,1.9,
ground_truth,5,0,0,0,20,33,True,False,0.0932591781715284,0.9500000000000003,1.9,
ground_truth,5,0,0,0,20,34,True,False,0.0932591781715284,0.9500000000000003,1.9,
ground_truth,5,0,0,0,20,35,True,False,0.0932591781715284,0.9500000000000003,1.9,
ground_truth,5,0,0,0,20,36,True,False,0.0932591781715284,0.9500000000000003,1.9,
ground_truth,5,0,0,0,20,37,True,False,0.0932591781715284,0.9500000000000003,1.9,
ground_truth,5,0,0,0,20,38,True,False,0.0932591781715284,0.9500000000000003,1.9,
ground_truth,5,0,0,0,20,39,True,False,0.0932591781715284,0.9500000000000003,1.9,
ground_truth,5,0,0,0,20,40,True,False,0.0932591781715284,0.9500000000000003,1.9,
ground_truth,5,0,0,0,20,41,True,False,0.0932591781715284,0.9500000000000003,1.9,
ground_truth,5,0,0,0,20,42,True,False,0.0932591781715284,0.9500000000000003,1.9,
ground_truth,5,0,0,0,20,43,True,False,0.0932591781715284,0.9500000000000003,1.9,
ground_truth,5,0,0,0,20,44,True,False,0.0932591781715284,0.9500000000000003,1.9,
ground_truth,5,0,0,0,20,45,True,False,0.0932591781715284,0.9500000000000003,1.9,
ground_truth,5,0,0,0,20,46,True,False,0.0932591781715284,0.9500000000000003,1.9,
ground_truth,5,0,0,0,20,47,True,False,0.0932591781715284,0.9500000000000003,1.9,
ground_truth,5,0,0,0,20,48,True,False,0.0932591781715284,0.9500000000000003,1.9,
ground_truth,5,0,0,0,20,49,True,False,0.0932591781715284,0.9500000000000003,1.9,
ground_truth,5,0,0,0,20,50,True,False,0.0932591781715284,0.9500000000000003,1.9,
ground_truth,5,0,0,0,20,51,True,False,0.0932591781715284,0.9500000000000003,1.9,
ground_truth,5,0,0,0,20,52,True,False,0.0932591781715284,0.9500000000000003,1.9,
ground_truth,5,0,0,0,20,53,True,False,0.0932591781715284,0.9500000000000003,1.9,
ground_truth,5,0,0,0,20,54,True,False,0.0932591781715284,0.9500000000000003,1.9,
ground_truth,5,0,0,0,20,55,True,False,0.0932591781715284,0.9500000000000003,1.9,
ground_truth,5,0,0,0,20,56,True,False,0.0932591781715284,0.9500000000000003,1.9,
ground_truth,5,0,0,0,20,57,True,False,0.0932591781715284,0.9500000000000003,1.9,
ground_truth,5,0,0,0,20,58,True,False,0.0932591781715284,0.9500000000000003,1.9,
ground_truth,5,0,0,0,20,59,True,False,0.0932591781715284,0.9500000000000003,1.9,
ground_truth,5,0,0,0,20,60,True,False,0.0932591781715284,0.9500000000000003,1.9,
ground_truth,5,0,0,0,20,61,True,False,0.0932591781715284,0.9500000000000003,1.9,
ground_truth,5,0,0,0,20,62,True,False,0.0932591781715284,0.9500000000000003,1.9,
ground_truth,5,0,0,0,20,63,True,False,0.0932591781715284,0.9500000000000003,1.9,
ground_truth,5,0,0,0,20,64,True,False,0.0932591781715284,0.9500000000000003,1.9,
ground_truth,5,0,0,0,20,65,True,False,0.0932591781715284,0.9500000000000003,1.9,
ground_truth,5,0,0,0,20,66,True,False,0.0932591781715284,0.9500000000000003,1.9,
ground_truth,5,0,0,0,20,67,True,False,0.0932591781715284,0.9500000000000003,1.9,
ground_truth,5,0,0,0,20,68,True,False,0.0932591781715284,0.9500000000000003,1.9,
ground_truth,5,0,0,0,20,69,True,False,0.0932591781715284,0.9500000000000003,1.9,
ground_truth,5,0,0,0,20,70,True,False,0.0932591781715284,0.9500000000000003,1.9,
ground_truth,5,0,0,0,20,71,True,False,0.0932591781715284,0.9500000000000003,1.9,
ground_truth,5,0,0,0,20,72,True,False,0.0932591781715284,0.9500000000000003,1.9,
ground_truth,5,0,0,0,20,73,True,False,0.0932591781715284,0.9500000000000003,1.9,
ground_truth,5,0,0,0,20,74,True,False,0.0932591781715284,0.9500000000000003,1.9,
ground_truth,5,0,0,0,20,75,True,False,0.0932591781715284,0.9500000000000003,1.9,
ground_truth,5,0,0,0,20,76,True,False,0.0932591781715284,0.9500000000000003,1.9,
ground_truth,5,0,0,0,20,77,True,False,0.0932591781715284,0.9500000000000003,1.9,
ground_truth,5,0,0,0,20,78,True,False,0.0932591781715284,0.9500000000000003,1.9,
ground_truth,5,0,0,0,20,79,True,False,0.0932591781715284,0.9500000000000003,1.9,
ground_truth,5,0,0,0,20,80,True,False,0.0932591781715284,0.9500000000000003,1.9,
ground_truth,5,0,0,0,20,81,True,False,0.0932591781715284,0.9500000000000003,1.9,
ground_truth,5,0,0,0,20,82,True,False,0.0932591781715284,0.9500000000000003,1.9,
ground_truth,5,0,0,0,20,83,True,False,0.0932591781715284,0.9500000000000003,1.9,
ground_truth,5,0,0,0,20,84,True,False,0.0932591781715284,0.9500000000000003,1.9,
ground_truth,5,0,0,0,20,85,True,False,0.0932591781715284,0.9500000000000003,1.9,
ground_truth,5,0,0,0,20,86,True,False,0.0932591781715284,0.9500000000000003,1.9,
ground_truth,5,0,0,0,20,87,True,False,0.0932591781715284,0.9500000000000003,1.9,
ground_truth,5,0,0,0,20,88,True,False,0.0932591781715284,0.9500000000000003,1.9,
ground_truth,5,0,0,0,20,89,True,False,0.0932591781715284,0.9500000000000003,1.9,
ground_truth,5,0,0,0,20,90,True,False,0.0932591781715284,0.9500000000000003,1.9,
ground_truth,5,0,0,0,20,91,True,False,0.0932591781715284,0.9500000000000003,1.9,
ground_truth,5,0,0,0,20,92,True,False,0.0932591781715284,0.9500000000000003,1.9,
ground_truth,5,0,0,0,20,93,True,False,0.0932591781715284,0.9500000000000003,1.9,
ground_truth,5,0,0,0,20,94,True,False,0.0932591781715284,0.9500000000000003,1.9,
ground_truth,5,0,0,0,20,95,True,False,0.0932591781715284,0.9500000000000003,1.9,
ground_truth,5,0,0,0,20,96,True,False,0.0932591781715284,0.9500000000000003,1.9,
ground_truth,5,0,0,0,20,97,True,False,0.0932591781715284,0.9500000000000003,1.9,
ground_truth,5,0,0,0,20,98,True,False,0.0932591781715284,0.9500000000000003,1.9,
ground_truth,5,0,0,0,20,99,True,False,0.0932591781715284,0.9500000000000003,1.9,
ground_truth,5,0,0,0,20,100,True,False,0.0932591781715284,0.9500000000000003,1.9,
noisy,5,0,0,0,20,1,True,False,0.10789389095066104,0.9500000000000003,1.9000000000000001,0.14155961647966062
noisy,5,0,0,0,20,2,True,False,0.08232660602601882,0.9500000000000003,1.900000000000001,0.13003286141504378
noisy,5,0,0,0,20,3,True,False,0.0678254326551675,0.9500000000000003,1.8999999999999984,0.16991641472889935
noisy,5,0,0,0,20,4,True,False,0.06356072246146827,0.9500000000000003,1.8999999999999992,0.13185120404421283
noisy,5,0,0,0,20,5,True,False,0.11152474755198516,1.0000000000000002,1.9869581638216363,0.13789288594863064
noisy,5,0,0,0,20,6,True,False,0.08338932189494419,0.9500000000000003,1.8999999999999997,0.13613605413428742
noisy,5,0,0,0,20,7,True,False,0.08608037263090895,1.0000000000000002,2.0000000000000018,0.1251623959211466
noisy,5,0,0,0,20,8,True,False,0.05615272969433982,0.9500000000000003,1.8962585478479153,0.1699331866261767
noisy,5,0,0,0,20,9,True,False,0.0892917430901703,0.9500000000000003,1.9,0.12518083116720996
noisy,5,0,0,0,20,10,True,False,0.10611966437776243,0.9500000000000003,1.9000000000000006,0.11318970408332703
noisy,5,0,0,0,20,11,True,False,0.09034927524705627,0.9500000000000003,1.885240326775974,0.13971230784956779
noisy,5,0,0,0,20,12,True,False,0.1045488382941071,1.0000000000000002,1.9999999999999996,0.12734689010489375
noisy,5,0,0,0,20,13,True,False,0.0697955798223191,0.9500000000000003,1.8999999999999992,0.151244829550199
noisy,5,0,0,0,20,14,True,False,0.07730790596508408,0.9500000000000003,1.9000000000000004,0.15466267269787068
noisy,5,0,0,0,20,15,True,False,0.049435470109292945,0.9500000000000003,1.9000000000000015,0.13917514580403273
noisy,5,0,0,0,20,16,True,False,0.09350154856424409,0.9500000000000003,1.899999999999999,0.1227997396008631
noisy,5,0,0,0,20,17,True,False,0.06829440885633553,0.9500000000000003,1.8467090818578156,0.15080160862939396
noisy,5,0,0,0,20,18,True,False,0.06533938825726082,0.9500000000000003,1.8999999999999981,0.14768263907682708
noisy,5,0,0,0,20,19,True,False,0.05768563798766446,0.9500000000000003,1.9000000000000012,0.12245667610467936
noisy,5,0,0,0,20,20,True,False,0.06148452916877356,0.9500000000000003,1.9000000000000012,0.16496061501203668
noisy,5,0,0,0,20,21,True,False,0.10101660840929338,0.9500000000000003,1.8999999999999997,0.14291968384334752
noisy,5,0,0,0,20,22,True,False,0.09213048476310481,0.9500000000000003,1.9000000000000006,0.1667158272179589
noisy,5,0,0,0,20,23,True,False,0.08786682154725378,0.9500000000000003,1.9000000000000015,0.14537658514846583
noisy,5,0,0,0,20,24,True,False,0.09677038618824185,0.9500000000000003,1.9000000000000012,0.15491195118875908
noisy,5,0,0,0,20,25,True,False,0.06478443836793102,1.0000000000000002,2.000000000000001,0.13472035104102723
noisy,5,0,0,0,20,26,True,False,0.09171900506099906,0.9500000000000003,1.9,0.17920588705012613
noisy,5,0,0,0,20,27,True,False,0.13151896151714615,1.0000000000000002,2.0,0.13001113766622027
noisy,5,0,0,0,20,28,True,False,0.07348907117238324,0.9500000000000003,1.8999999999999997,0.13973593473577994
noisy,5,0,0,0,20,29,True,False,0.06466019304020998,0.9500000000000003,1.8817472791877161,0.1627417459026566
noisy,5,0,0,0,20,30,True,False,0.07226511093108301,0.9500000000000003,1.9000000000000001,0.11540845258140664
noisy,5,0,0,0,20,31,True,False,0.10196193594614478,0.9500000000000003,1.899999999999999,0.1257380334291139
noisy,5,0,0,0,20,32,True,False,0.08736996540748798,0.9500000000000003,1.9000000000000001,0.14921312118418573
noisy,5,0,0,0,20,33,True,False,0.055300179646124104,0.9500000000000003,1.900000000000002,0.12447814313958473
noisy,5,0,0,0,20,34,True,False,0.0930409092975002,0.9500000000000003,1.9000000000000008,0.11908204166064328
noisy,5,0,0,0,20,35,True,False,0.05763104425276544,0.9500000000000003,1.8999999999999997,0.14283057593651005
noisy,5,0,0,0,20,36,True,False,0.10486442933980955,1.0000000000000002,1.9999999999999993,0.1281257136313594
noisy,5,0,0,0,20,37,True,False,0.09502322021614917,0.9500000000000003,1.9000000000000004,0.143570332180715
noisy,5,0,0,0,20,38,True,False,0.06490643126928086,0.9500000000000003,1.8999999999999997,0.1407962516097873
noisy,5,0,0,0,20,39,True,False,0.11222416896103549,1.0000000000000002,1.9811792426610726,0.1322084527400719
noisy,5,0,0,0,20,40,True,False,0.09292049773171462,0.9500000000000003,1.9000000000000006,0.13473643247290504
noisy,5,0,0,0,20,41,True,False,0.06662215169418162,1.0000000000000002,1.9999999999999991,0.1289770314188001
noisy,5,0,0,0,20,42,True,False,0.09725692399100883,0.9500000000000003,1.9000000000000001,0.11909970910384605
noisy,5,0,0,0,20,43,True,False,0.092691363914291,0.9500000000000003,1.8999999999999992,0.1295810000631869
noisy,5,0,0,0,20,44,True,False,0.09747572959148387,1.0000000000000002,1.9956615105492599,0.12437631463903381
noisy,5,0,0,0,20,45,True,False,0.10096124994458244,0.9500000000000003,1.9000000000000001,0.12087642575393988
noisy,5,0,0,0,20,46,True,False,0.08950925820241507,0.9500000000000003,1.8999999999999992,0.13986468289748683
noisy,5,0,0,0,20,47,True,False,0.10215773676283546,0.9500000000000003,1.8957846808911512,0.13283791473598305
noisy,5,0,0,0,20,48,True,False,0.0605325810445696,0.9500000000000003,1.8999999999999988,0.12725320106209473
noisy,5,0,0,0,20,49,True,False,0.0996985889611508,1.0000000000000002,2.000000000000001,0.13682487553122696
noisy,5,0,0,0,20,50,True,False,0.09619163705505063,1.0000000000000002,2.0,0.15918635406325857
noisy,5,0,0,0,20,51,True,False,0.08652879322258822,1.0000000000000002,1.9874818935113263,0.1583211075680237
noisy,5,0,0,0,20,52,True,False,0.09184566261507587,0.9500000000000003,1.9,0.14042158427144402
noisy,5,0,0,0,20,53,True,False,0.0728373794415782,1.0000000000000002,1.9999999999999998,0.15710494164975636
noisy,5,0,0,0,20,54,True,False,0.11256128333440496,1.0000000000000002,1.9999999999999987,0.13109058086488823
noisy,5,0,0,0,20,55,True,False,0.14503254291660195,1.0000000000000002,2.0000000000000004,0.17231564177410524
noisy,5,0,0,0,20,56,True,False,0.06442848529431444,0.9500000000000003,1.899999999999999,0.14116759438684992
noisy,5,0,0,0,20,57,True,False,0.04764294950565162,0.9500000000000003,1.9000000000000017,0.12888929372888602
noisy,5,0,0,0,20,58,True,False,0.10982557502196078,1.0000000000000002,2.0,0.13853495796798324
noisy,5,0,0,0,20,59,True,False,0.02337745735872021,0.9500000000000003,1.900000000000002,0.13412623652257435
noisy,5,0,0,0,20,60,True,False,0.052011985951545325,0.9500000000000003,1.8999999999999992,0.141171871578985
noisy,5,0,0,0,20,61,True,False,0.09635609165881065,0.9500000000000003,1.8999999999999986,0.1471799904989418
noisy,5,0,0,0,20,62,True,False,0.09005174310368425,0.9500000000000003,1.9000000000000017,0.13094524308575733
noisy,5,0,0,0,20,63,True,False,0.07404523803082919,0.9500000000000003,1.9000000000000006,0.14195897642263341
noisy,5,0,0,0,20,64,True,False,0.09684154611206153,0.9500000000000003,1.9000000000000015,0.13288860274816014
noisy,5,0,0,0,20,65,True,False,0.11555360028558348,1.0000000000000002,1.9999999999999998,0.1476058246707667
noisy,5,0,0,0,20,66,True,False,0.08508137236408753,0.9500000000000003,1.8659225460584015,0.134826824997632
noisy,5,0,0,0,20,67,True,False,0.06719265901096882,0.9500000000000003,1.863458802317026,0.12860974410913192
noisy,5,0,0,0,20,68,True,False,0.04965801552307458,0.9500000000000003,1.9000000000000008,0.12295472831383206
noisy,5,0,0,0,20,69,True,False,0.06991948641172208,0.9500000000000003,1.8999999999999988,0.12941491691832047
noisy,5,0,0,0,20,70,True,False,0.07308526424364792,0.9500000000000003,1.8999999999999995,0.11135626796044179
noisy,5,0,0,0,20,71,True,False,0.07890869590983973,0.9500000000000003,1.9,0.1158992496997955
noisy,5,0,0,0,20,72,True,False,0.10359388941355241,0.9500000000000003,1.8999999999999984,0.13345109940544292
noisy,5,0,0,0,20,73,True,False,0.08086482651661497,1.0000000000000002,1.9889828927008415,0.14244897186680933
noisy,5,0,0,0,20,74,True,False,0.07430701125037187,0.9500000000000003,1.9000000000000006,0.15482708700059208
noisy,5,0,0,0,20,75,True,False,0.11436945635307749,0.9500000000000003,1.8999999999999988,0.12792909373299954
noisy,5,0,0,0,20,76,True,False,0.07689285904998577,0.9500000000000003,1.9,0.14104771883491674
noisy,5,0,0,0,20,77,True,False,0.13260363887478688,1.0000000000000002,2.000000000000001,0.12141568876057128
noisy,5,0,0,0,20,78,True,False,0.04509467153096325,0.9500000000000003,1.8999999999999997,0.09296613397511659
noisy,5,0,0,0,20,79,True,False,0.09015882309209289,1.0000000000000002,1.9999999999999998,0.13099479254513346
noisy,5,0,0,0,20,80,True,False,0.10786544528641984,1.0000000000000002,1.99397084240629,0.13936641234376607
noisy,5,0,0,0,20,81,True,False,0.09256994150470788,0.9500000000000003,1.9000000000000001,0.13000947346259878
noisy,5,0,0,0,20,82,True,False,0.12870325365106927,1.0000000000000002,1.9999999999999996,0.14233277004420325
noisy,5,0,0,0,20,83,True,False,0.10169957047446787,0.9500000000000003,1.8999999999999995,0.11703617912560332
noisy,5,0,0,0,20,84,True,False,0.07610224452169612,0.9500000000000003,1.9000000000000015,0.14184879033118475
noisy,5,0,0,0,20,85,True,False,0.13055696321607724,1.0000000000000002,1.968287869928254,0.14443662167575025
noisy,5,0,0,0,20,86,True,False,0.03349007820702443,0.9500000000000003,1.900000000000001,0.14617154287004824
noisy,5,0,0,0,20,87,True,False,0.09335843031454005,0.9500000000000003,1.9000000000000012,0.12741942851315094
noisy,5,0,0,0,20,88,True,False,0.08087613213558154,0.9500000000000003,1.9000000000000001,0.1194457452383778
noisy,5,0,0,0,20,89,True,False,0.08191277841218825,0.9500000000000003,1.8999999999999995,0.11983412508374582
noisy,5,0,0,0,20,90,True,False,0.06674207308714108,0.9500000000000003,1.8989125044852166,0.16450022693456298
noisy,5,0,0,0,20,91,True,False,0.056736389384953956,0.9500000000000003,1.8999999999999997,0.12742085968563752
noisy,5,0,0,0,20,92,True,False,0.07645020311128259,0.9500000000000003,1.8999999999999992,0.1356749764287098
noisy,5,0,0,0,20,93,True,False,0.08725650372294536,1.0000000000000002,1.9999999999999993,0.12151141799560582
noisy,5,0,0,0,20,94,True,False,0.10701714078462543,0.9500000000000003,1.9,0.12793772773702294
noisy,5,0,0,0,20,95,True,False,0.12085969026956289,1.0000000000000002,2.000000000000002,0.14073539750248742
noisy,5,0,0,0,20,96,True,False,0.04757456330334908,0.9500000000000003,1.9000000000000006,0.12948495256702036
noisy,5,0,0,0,20,97,True,False,0.08545103894185502,0.9500000000000003,1.9000000000000012,0.15108564453367154
noisy,5,0,0,0,20,98,True,False,0.07710614052841969,0.9500000000000003,1.8999999999999986,0.12351929581307948
noisy,5,0,0,0,20,99,True,False,0.06937589408192535,0.9500000000000003,1.899999999999999,0.12974552538403422
noisy,5,0,0,0,20,100,True,False,0.03878527492789452,0.9500000000000003,1.9000000000000012,0.14426132924934745
kalman,5,0,0,0,20,1,True,False,0.09179452453560488,0.9500000000000003,1.9000000000000001,0.08680647732051588
kalman,5,0,0,0,20,2,True,False,0.06748249250973881,0.9500000000000003,1.8999999999999997,0.09785009567577146
kalman,5,0,0,0,20,3,True,False,0.05795754672840281,0.9500000000000003,1.899999999999999,0.11679234261616585
kalman,5,0,0,0,20,4,True,False,0.05557465636959735,0.9500000000000003,1.8999999999999997,0.06860634172994808
kalman,5,0,0,0,20,5,True,False,0.13155784665839043,0.9500000000000003,1.8999999999999988,0.09296458800221671
kalman,5,0,0,0,20,6,True,False,0.06116138521101977,0.9500000000000003,1.8999999999999997,0.10054028224471148
kalman,5,0,0,0,20,7,True,False,0.07371792680436573,0.9500000000000003,1.9000000000000004,0.09935875355652113
kalman,5,0,0,0,20,8,True,False,0.06737946789437377,0.9000000000000002,1.7999999999999987,0.11648699028860081
kalman,5,0,0,0,20,9,True,False,0.10279423907737906,0.9500000000000003,1.9000000000000001,0.07353882223987218
kalman,5,0,0,0,20,10,True,False,0.1289468474952813,0.9500000000000003,1.9,0.0715475275627313
kalman,5,0,0,0,20,11,True,False,0.08734789588807246,0.9500000000000003,1.9,0.08998199235461311
kalman,5,0,0,0,20,12,True,False,0.09065799337559421,0.9500000000000003,1.9000000000000008,0.07614145731489592
kalman,5,0,0,0,20,13,True,False,0.0686375926881686,0.9500000000000003,1.9,0.11236726893970772
kalman,5,0,0,0,20,14,True,False,0.07329652280897925,0.9500000000000003,1.9,0.12019338756796516
kalman,5,0,0,0,20,15,True,False,0.035203592666907424,0.9500000000000003,1.9000000000000006,0.09277592073643026
kalman,5,0,0,0,20,16,True,False,0.09978027726954775,1.0000000000000002,1.9999999999999976,0.08446221214319478
kalman,5,0,0,0,20,17,True,False,0.11096021921225185,0.9500000000000003,1.9,0.10420825334221322
kalman,5,0,0,0,20,18,True,False,0.03976222139409469,0.9500000000000003,1.8999999999999988,0.09450152318540946
kalman,5,0,0,0,20,19,True,False,0.05065579534804421,0.9500000000000003,1.8999999999999986,0.0787721236607358
kalman,5,0,0,0,20,20,True,False,0.07598691476409458,0.9500000000000003,1.9000000000000008,0.0905780350935523
kalman,5,0,0,0,20,21,True,False,0.12649219050500582,0.9500000000000003,1.9000000000000001,0.08092485402580143
kalman,5,0,0,0,20,22,True,False,0.07066462807007201,0.9500000000000003,1.9000000000000012,0.11542795607329023
kalman,5,0,0,0,20,23,True,False,0.076134666824615,0.9500000000000003,1.8999999999999995,0.0853572244447233
kalman,5,0,0,0,20,24,True,False,0.09083394704924852,0.9500000000000003,1.8999999999999995,0.06468120687179534
kalman,5,0,0,0,20,25,True,False,0.0417657085365597,1.0000000000000002,1.9999999999999996,0.09797738890523627
kalman,5,0,0,0,20,26,True,False,0.09728878832433896,1.0000000000000002,1.9999999999999998,0.11071937134710783
kalman,5,0,0,0,20,27,True,False,0.14198794203694365,1.0000000000000002,1.9999999999999982,0.1049878589665587
kalman,5,0,0,0,20,28,True,False,0.08140981732186026,1.0000000000000002,2.0,0.06961057953513929
kalman,5,0,0,0,20,29,True,False,0.12250437985298368,1.0000000000000002,2.0000000000000004,0.08972500418532069
kalman,5,0,0,0,20,30,True,False,0.06628421194674683,0.9500000000000003,1.9,0.0758438599502847
kalman,5,0,0,0,20,31,True,False,0.12768165790186736,0.9500000000000003,1.9,0.08385142275678278
kalman,5,0,0,0,20,32,True,False,0.07948421297013342,0.9500000000000003,1.8999999999999988,0.068162388936994
kalman,5,0,0,0,20,33,True,False,0.04977776227619812,0.9500000000000003,1.9000000000000012,0.08852375957751821
kalman,5,0,0,0,20,34,True,False,0.09693533253388287,0.9500000000000003,1.8999999999999964,0.06701554712762399
kalman,5,0,0,0,20,35,True,False,0.039750140856263494,0.9500000000000003,1.8999999999999984,0.09129508833595969
kalman,5,0,0,0,20,36,True,False,0.09665442695858117,1.0000000000000002,2.000000000000001,0.08048775820872675
kalman,5,0,0,0,20,37,True,False,0.07098242888468254,0.9500000000000003,1.9000000000000001,0.07388438649387363
kalman,5,0,0,0,20,38,True,False,0.060715210104100636,0.9500000000000003,1.9000000000000008,0.08688696543268748
kalman,5,0,0,0,20,39,True,False,0.1334342328916469,1.0000000000000002,1.9999999999999991,0.06939666550733332
kalman,5,0,0,0,20,40,True,False,0.11644797231497361,0.9500000000000003,1.9000000000000001,0.07286393037879195
kalman,5,0,0,0,20,41,True,False,0.06908425794822315,1.0000000000000002,2.0,0.1025686642843166
kalman,5,0,0,0,20,42,True,False,0.11940302273912407,1.0000000000000002,2.0000000000000013,0.08894016715150962
kalman,5,0,0,0,20,43,True,False,0.09126206288233019,0.9500000000000003,1.900000000000001,0.08044414060823324
kalman,5,0,0,0,20,44,True,False,0.11153028288877276,1.0000000000000002,2.0000000000000013,0.07917809014790785
kalman,5,0,0,0,20,45,True,False,0.12808609383225789,0.9500000000000003,1.9000000000000004,0.07865518014467868
kalman,5,0,0,0,20,46,True,False,0.08989888137686108,0.9500000000000003,1.899999999999999,0.06481544808993069
kalman,5,0,0,0,20,47,True,False,0.11681276399878482,0.9500000000000003,1.8999999999999992,0.10047577332700537
kalman,5,0,0,0,20,48,True,False,0.0623629815738862,0.9500000000000003,1.9000000000000001,0.08158517260952029
kalman,5,0,0,0,20,49,True,False,0.0853698873413633,1.0000000000000002,2.0,0.10270018587495067
kalman,5,0,0,0,20,50,True,False,0.07608998061624783,0.9500000000000003,1.900000000000001,0.10783095310792767
kalman,5,0,0,0,20,51,True,False,0.11860474642998509,1.0000000000000002,1.9728028704657272,0.08394036829560689
kalman,5,0,0,0,20,52,True,False,0.07919436430320936,0.9500000000000003,1.9000000000000001,0.06846190802377948
kalman,5,0,0,0,20,53,True,False,0.0719779378688874,1.0000000000000002,2.0000000000000013,0.09591627515692713
kalman,5,0,0,0,20,54,True,False,0.11645105257717803,1.0000000000000002,2.0000000000000004,0.08778888354341086
kalman,5,0,0,0,20,55,True,False,0.12326477131095426,1.0000000000000002,1.9999999999999984,0.1327893641868333
kalman,5,0,0,0,20,56,True,False,0.047190742434924715,0.9500000000000003,1.9000000000000012,0.08989696583444748
kalman,5,0,0,0,20,57,True,False,0.06916707972397496,0.9500000000000003,1.9000000000000004,0.0626529250214777
kalman,5,0,0,0,20,58,True,False,0.10275088159523138,1.0000000000000002,1.9999999999999996,0.08053713912558144
kalman,5,0,0,0,20,59,True,False,0.025567321736339466,0.9500000000000003,1.9000000000000004,0.09432068120066024
kalman,5,0,0,0,20,60,True,False,0.03214104463226053,0.9500000000000003,1.9000000000000024,0.0834795633817491
kalman,5,0,0,0,20,61,True,False,0.06401698431902836,0.9500000000000003,1.900000000000002,0.10697406258469583
kalman,5,0,0,0,20,62,True,False,0.07593072985283711,0.9500000000000003,1.899999999999999,0.08868013352345665
kalman,5,0,0,0,20,63,True,False,0.06782939086438655,0.9500000000000003,1.8999999999999986,0.0945861339150715
kalman,5,0,0,0,20,64,True,False,0.10203774521878417,0.9500000000000003,1.9,0.07422859586537618
kalman,5,0,0,0,20,65,True,False,0.10731122297774731,1.0000000000000002,2.000000000000001,0.0981580318391935
kalman,5,0,0,0,20,66,True,False,0.0819019021568903,0.9500000000000003,1.9,0.07804483402424812
kalman,5,0,0,0,20,67,True,False,0.06487099255572559,0.9000000000000002,1.7999999999999987,0.09362906390229216
kalman,5,0,0,0,20,68,True,False,0.039298082465862194,0.9500000000000003,1.9000000000000008,0.08503108482564946
kalman,5,0,0,0,20,69,True,False,0.06939703482765447,0.9500000000000003,1.8999999999999995,0.08460404557432732
kalman,5,0,0,0,20,70,True,False,0.11427532108442517,0.9500000000000003,1.8999999999999995,0.08458922410620401
kalman,5,0,0,0,20,71,True,False,0.10214919715908066,0.9500000000000003,1.9000000000000008,0.055624701619565
kalman,5,0,0,0,20,72,True,False,0.12237895427304912,0.9500000000000003,1.8999999999999997,0.0743068246337293
kalman,5,0,0,0,20,73,True,False,0.11003633914158284,1.0000000000000002,2.0,0.07883996853282914
kalman,5,0,0,0,20,74,True,False,0.07906436148144369,0.9500000000000003,1.8999999999999986,0.08654594745316813
kalman,5,0,0,0,20,75,True,False,0.10707165985221101,0.9500000000000003,1.9,0.06166188871534219
kalman,5,0,0,0,20,76,True,False,0.06169036122876004,0.9500000000000003,1.8999999999999992,0.08884969758570568
kalman,5,0,0,0,20,77,True,False,0.12349048933055973,0.9500000000000003,1.8999999999999992,0.08241273420259969
kalman,5,0,0,0,20,78,True,False,0.040191650182563876,0.9500000000000003,1.8999999999999995,0.07647732877853322
kalman,5,0,0,0,20,79,True,False,0.06810491933921137,0.9500000000000003,1.9000000000000001,0.08219524408856486
kalman,5,0,0,0,20,80,True,False,0.10893813838587607,1.0000000000000002,1.9999999999999998,0.09831109832268661
kalman,5,0,0,0,20,81,True,False,0.0824182162479461,0.9500000000000003,1.899999999999999,0.08569945464078502
kalman,5,0,0,0,20,82,True,False,0.1007093672040289,0.9500000000000003,1.9000000000000012,0.08871134602886185
kalman,5,0,0,0,20,83,True,False,0.11221666518487461,1.0000000000000002,2.0000000000000013,0.07549623966344791
kalman,5,0,0,0,20,84,True,False,0.13021998972518967,0.9500000000000003,1.9000000000000012,0.07893221966578952
kalman,5,0,0,0,20,85,True,False,0.14719570672510618,1.0000000000000002,2.000000000000001,0.09537254051817433
kalman,5,0,0,0,20,86,True,False,0.04193841071335025,0.9500000000000003,1.9000000000000026,0.09129774918322449
kalman,5,0,0,0,20,87,True,False,0.13345340054108634,0.9500000000000003,1.8999999999999997,0.08974203472730577
kalman,5,0,0,0,20,88,True,False,0.11581304805456294,0.9500000000000003,1.9000000000000004,0.06275306701052329
kalman,5,0,0,0,20,89,True,False,0.08109292553625225,0.9500000000000003,1.8999999999999997,0.07275308062434799
kalman,5,0,0,0,20,90,True,False,0.07646848083728353,0.9500000000000003,1.8999999999999997,0.1091872383707445
kalman,5,0,0,0,20,91,True,False,0.06584973431133423,0.9500000000000003,1.9,0.08640791044558091
kalman,5,0,0,0,20,92,True,False,0.08339349174602817,0.9500000000000003,1.8999999999999995,0.09949955691148264
kalman,5,0,0,0,20,93,True,False,0.07720496081987616,0.9500000000000003,1.9000000000000004,0.07652899121167536
kalman,5,0,0,0,20,94,True,False,0.12399702374207622,1.0000000000000002,1.9999999999999998,0.07594927738638953
kalman,5,0,0,0,20,95,True,False,0.1506412785573663,1.0000000000000002,2.0000000000000004,0.08751749340724901
kalman,5,0,0,0,20,96,True,False,0.047548375590310554,0.9500000000000003,1.9000000000000012,0.11526902832092419
kalman,5,0,0,0,20,97,True,False,0.11263001994198918,0.9500000000000003,1.9000000000000001,0.09082062162026752
kalman,5,0,0,0,20,98,True,False,0.060762608254364414,0.9500000000000003,1.8999999999999997,0.06676583414928668
kalman,5,0,0,0,20,99,True,False,0.06560039559395836,0.9500000000000003,1.9000000000000017,0.08185442670244318
kalman,5,0,0,0,20,100,True,False,0.04803149777141935,0.9500000000000003,1.9000000000000035,0.09170905702608927
ground_truth,5,3,0,0,20,1,True,False,0.0932591781715284,0.9500000000000003,1.9,
ground_truth,5,3,0,0,20,2,True,False,0.0932591781715284,0.9500000000000003,1.9,
ground_truth,5,3,0,0,20,3,True,False,0.0932591781715284,0.9500000000000003,1.9,
ground_truth,5,3,0,0,20,4,True,False,0.0932591781715284,0.9500000000000003,1.9,
ground_truth,5,3,0,0,20,5,True,False,0.0932591781715284,0.9500000000000003,1.9,
ground_truth,5,3,0,0,20,6,True,False,0.0932591781715284,0.9500000000000003,1.9,
ground_truth,5,3,0,0,20,7,True,False,0.0932591781715284,0.9500000000000003,1.9,
ground_truth,5,3,0,0,20,8,True,False,0.0932591781715284,0.9500000000000003,1.9,
ground_truth,5,3,0,0,20,9,True,False,0.0932591781715284,0.9500000000000003,1.9,
ground_truth,5,3,0,0,20,10,True,False,0.0932591781715284,0.9500000000000003,1.9,
ground_truth,5,3,0,0,20,11,True,False,0.0932591781715284,0.9500000000000003,1.9,
ground_truth,5,3,0,0,20,12,True,False,0.0932591781715284,0.9500000000000003,1.9,
ground_truth,5,3,0,0,20,13,True,False,0.0932591781715284,0.9500000000000003,1.9,
ground_truth,5,3,0,0,20,14,True,False,0.0932591781715284,0.9500000000000003,1.9,
ground_truth,5,3,0,0,20,15,True,False,0.0932591781715284,0.9500000000000003,1.9,
ground_truth,5,3,0,0,20,16,True,False,0.0932591781715284,0.9500000000000003,1.9,
ground_truth,5,3,0,0,20,17,True,False,0.0932591781715284,0.9500000000000003,1.9,
ground_truth,5,3,0,0,20,18,True,False,0.0932591781715284,0.9500000000000003,1.9,
ground_truth,5,3,0,0,20,19,True,False,0.0932591781715284,0.9500000000000003,1.9,
ground_truth,5,3,0,0,20,20,True,False,0.0932591781715284,0.9500000000000003,1.9,
ground_truth,5,3,0,0,20,21,True,False,0.0932591781715284,0.9500000000000003,1.9,
ground_truth,5,3,0,0,20,22,True,False,0.0932591781715284,0.9500000000000003,1.9,
ground_truth,5,3,0,0,20,23,True,False,0.0932591781715284,0.9500000000000003,1.9,
ground_truth,5,3,0,0,20,24,True,False,0.0932591781715284,0.9500000000000003,1.9,
ground_truth,5,3,0,0,20,25,True,False,0.0932591781715284,0.9500000000000003,1.9,
ground_truth,5,3,0,0,20,26,True,False,0.0932591781715284,0.9500000000000003,1.9,
ground_truth,5,3,0,0,20,27,True,False,0.0932591781715284,0.9500000000000003,1.9,
ground_truth,5,3,0,0,20,28,True,False,0.0932591781715284,0.9500000000000003,1.9,
ground_truth,5,3,0,0,20,29,True,False,0.0932591781715284,0.9500000000000003,1.9,
ground_truth,5,3,0,0,20,30,True,False,0.0932591781715284,0.9500000000000003,1.9,
ground_truth,5,3,0,0,20,31,True,False,0.0932591781715284,0.9500000000000003,1.9,
ground_truth,5,3,0,0,20,32,True,False,0.0932591781715284,0.9500000000000003,1.9,
ground_truth,5,3,0,0,20,33,True,False,0.0932591781715284,0.9500000000000003,1.9,
ground_truth,5,3,0,0,20,34,True,False,0.0932591781715284,0.9500000000000003,1.9,
ground_truth,5,3,0,0,20,35,True,False,0.0932591781715284,0.9500000000000003,1.9,
ground_truth,5,3,0,0,20,36,True,False,0.0932591781715284,0.9500000000000003,1.9,
ground_truth,5,3,0,0,20,37,True,False,0.0932591781715284,0.9500000000000003,1.9,
ground_truth,5,3,0,0,20,38,True,False,0.0932591781715284,0.9500000000000003,1.9,
ground_truth,5,3,0,0,20,39,True,False,0.0932591781715284,0.9500000000000003,1.9,
ground_truth,5,3,0,0,20,40,True,False,0.0932591781715284,0.9500000000000003,1.9,
ground_truth,5,3,0,0,20,41,True,False,0.0932591781715284,0.9500000000000003,1.9,
ground_truth,5,3,0,0,20,42,True,False,0.0932591781715284,0.9500000000000003,1.9,
ground_truth,5,3,0,0,20,43,True,False,0.0932591781715284,0.9500000000000003,1.9,
ground_truth,5,3,0,0,20,44,True,False,0.0932591781715284,0.9500000000000003,1.9,
ground_truth,5,3,0,0,20,45,True,False,0.0932591781715284,0.9500000000000003,1.9,
ground_truth,5,3,0,0,20,46,True,False,0.0932591781715284,0.9500000000000003,1.9,
ground_truth,5,3,0,0,20,47,True,False,0.0932591781715284,0.9500000000000003,1.9,
ground_truth,5,3,0,0,20,48,True,False,0.0932591781715284,0.9500000000000003,1.9,
ground_truth,5,3,0,0,20,49,True,False,0.0932591781715284,0.9500000000000003,1.9,
ground_truth,5,3,0,0,20,50,True,False,0.0932591781715284,0.9500000000000003,1.9,
ground_truth,5,3,0,0,20,51,True,False,0.0932591781715284,0.9500000000000003,1.9,
ground_truth,5,3,0,0,20,52,True,False,0.0932591781715284,0.9500000000000003,1.9,
ground_truth,5,3,0,0,20,53,True,False,0.0932591781715284,0.9500000000000003,1.9,
ground_truth,5,3,0,0,20,54,True,False,0.0932591781715284,0.9500000000000003,1.9,
ground_truth,5,3,0,0,20,55,True,False,0.0932591781715284,0.9500000000000003,1.9,
ground_truth,5,3,0,0,20,56,True,False,0.0932591781715284,0.9500000000000003,1.9,
ground_truth,5,3,0,0,20,57,True,False,0.0932591781715284,0.9500000000000003,1.9,
ground_truth,5,3,0,0,20,58,True,False,0.0932591781715284,0.9500000000000003,1.9,
ground_truth,5,3,0,0,20,59,True,False,0.0932591781715284,0.9500000000000003,1.9,
ground_truth,5,3,0,0,20,60,True,False,0.0932591781715284,0.9500000000000003,1.9,
ground_truth,5,3,0,0,20,61,True,False,0.0932591781715284,0.9500000000000003,1.9,
ground_truth,5,3,0,0,20,62,True,False,0.0932591781715284,0.9500000000000003,1.9,
ground_truth,5,3,0,0,20,63,True,False,0.0932591781715284,0.9500000000000003,1.9,
ground_truth,5,3,0,0,20,64,True,False,0.0932591781715284,0.9500000000000003,1.9,
ground_truth,5,3,0,0,20,65,True,False,0.0932591781715284,0.9500000000000003,1.9,
ground_truth,5,3,0,0,20,66,True,False,0.0932591781715284,0.9500000000000003,1.9,
ground_truth,5,3,0,0,20,67,True,False,0.0932591781715284,0.9500000000000003,1.9,
ground_truth,5,3,0,0,20,68,True,False,0.0932591781715284,0.9500000000000003,1.9,
ground_truth,5,3,0,0,20,69,True,False,0.0932591781715284,0.9500000000000003,1.9,
ground_truth,5,3,0,0,20,70,True,False,0.0932591781715284,0.9500000000000003,1.9,
ground_truth,5,3,0,0,20,71,True,False,0.0932591781715284,0.9500000000000003,1.9,
ground_truth,5,3,0,0,20,72,True,False,0.0932591781715284,0.9500000000000003,1.9,
ground_truth,5,3,0,0,20,73,True,False,0.0932591781715284,0.9500000000000003,1.9,
ground_truth,5,3,0,0,20,74,True,False,0.0932591781715284,0.9500000000000003,1.9,
ground_truth,5,3,0,0,20,75,True,False,0.0932591781715284,0.9500000000000003,1.9,
ground_truth,5,3,0,0,20,76,True,False,0.0932591781715284,0.9500000000000003,1.9,
ground_truth,5,3,0,0,20,77,True,False,0.0932591781715284,0.9500000000000003,1.9,
ground_truth,5,3,0,0,20,78,True,False,0.0932591781715284,0.9500000000000003,1.9,
ground_truth,5,3,0,0,20,79,True,False,0.0932591781715284,0.9500000000000003,1.9,
ground_truth,5,3,0,0,20,80,True,False,0.0932591781715284,0.9500000000000003,1.9,
ground_truth,5,3,0,0,20,81,True,False,0.0932591781715284,0.9500000000000003,1.9,
ground_truth,5,3,0,0,20,82,True,False,0.0932591781715284,0.9500000000000003,1.9,
ground_truth,5,3,0,0,20,83,True,False,0.0932591781715284,0.9500000000000003,1.9,
ground_truth,5,3,0,0,20,84,True,False,0.0932591781715284,0.9500000000000003,1.9,
ground_truth,5,3,0,0,20,85,True,False,0.0932591781715284,0.9500000000000003,1.9,
ground_truth,5,3,0,0,20,86,True,False,0.0932591781715284,0.9500000000000003,1.9,
ground_truth,5,3,0,0,20,87,True,False,0.0932591781715284,0.9500000000000003,1.9,
ground_truth,5,3,0,0,20,88,True,False,0.0932591781715284,0.9500000000000003,1.9,
ground_truth,5,3,0,0,20,89,True,False,0.0932591781715284,0.9500000000000003,1.9,
ground_truth,5,3,0,0,20,90,True,False,0.0932591781715284,0.9500000000000003,1.9,
ground_truth,5,3,0,0,20,91,True,False,0.0932591781715284,0.9500000000000003,1.9,
ground_truth,5,3,0,0,20,92,True,False,0.0932591781715284,0.9500000000000003,1.9,
ground_truth,5,3,0,0,20,93,True,False,0.0932591781715284,0.9500000000000003,1.9,
ground_truth,5,3,0,0,20,94,True,False,0.0932591781715284,0.9500000000000003,1.9,
ground_truth,5,3,0,0,20,95,True,False,0.0932591781715284,0.9500000000000003,1.9,
ground_truth,5,3,0,0,20,96,True,False,0.0932591781715284,0.9500000000000003,1.9,
ground_truth,5,3,0,0,20,97,True,False,0.0932591781715284,0.9500000000000003,1.9,
ground_truth,5,3,0,0,20,98,True,False,0.0932591781715284,0.9500000000000003,1.9,
ground_truth,5,3,0,0,20,99,True,False,0.0932591781715284,0.9500000000000003,1.9,
ground_truth,5,3,0,0,20,100,True,False,0.0932591781715284,0.9500000000000003,1.9,
noisy,5,3,0,0,20,1,True,False,0.11653162687783625,0.9500000000000003,1.9000000000000001,0.14155961647966062
noisy,5,3,0,0,20,2,True,False,0.09120952980845143,1.0000000000000002,1.9999999999999996,0.12775680122115962
noisy,5,3,0,0,20,3,True,False,0.07723919972098914,0.9500000000000003,1.9000000000000008,0.16991641472889935
noisy,5,3,0,0,20,4,True,False,0.07182772000946569,0.9500000000000003,1.9000000000000006,0.13185120404421283
noisy,5,3,0,0,20,5,True,False,0.12267990257622152,1.0000000000000002,1.980771203208593,0.13789288594863064
noisy,5,3,0,0,20,6,True,False,0.0914448527498164,0.9500000000000003,1.8999999999999992,0.13613605413428742
noisy,5,3,0,0,20,7,True,False,0.09398281152236065,1.0000000000000002,1.9999999999999996,0.1251623959211466
noisy,5,3,0,0,20,8,True,False,0.06560507418578632,0.9500000000000003,1.8974821725118387,0.1699331866261767
noisy,5,3,0,0,20,9,True,False,0.09962645934072167,0.9500000000000003,1.899999999999999,0.12518083116720996
noisy,5,3,0,0,20,10,True,False,0.1169736799459522,0.9500000000000003,1.9000000000000004,0.11318970408332703
noisy,5,3,0,0,20,11,True,False,0.10089678149610326,0.9500000000000003,1.8771177936558838,0.13971230784956779
noisy,5,3,0,0,20,12,True,False,0.1146693337742033,1.0000000000000002,1.9999999999999993,0.12734689010489375
noisy,5,3,0,0,20,13,True,False,0.07665676891177586,1.0000000000000002,1.999999999999999,0.1487624674161416
noisy,5,3,0,0,20,14,True,False,0.08503958160350678,1.0000000000000002,1.9999999999999991,0.15542678682017796
noisy,5,3,0,0,20,15,True,False,0.05684841044492428,0.9500000000000003,1.8999999999999992,0.13917514580403273
noisy,5,3,0,0,20,16,True,False,0.10004951345120938,1.0000000000000002,1.9905053169604647,0.12962962877675666
noisy,5,3,0,0,20,17,True,False,0.08019466572722855,0.9500000000000003,1.8454235138475932,0.15080160862939396
noisy,5,3,0,0,20,18,True,False,0.07385199501837403,0.9500000000000003,1.8999999999999977,0.14768263907682708
noisy,5,3,0,0,20,19,True,False,0.06594147775633008,0.9500000000000003,1.8999999999999992,0.12245667610467936
noisy,5,3,0,0,20,20,True,False,0.07117602721403604,0.9500000000000003,1.9000000000000008,0.16496061501203668
noisy,5,3,0,0,20,21,True,False,0.10989860161092668,1.0000000000000002,2.0,0.14037349669281163
noisy,5,3,0,0,20,22,True,False,0.10116099380032884,0.9500000000000003,1.8999999999999995,0.1667158272179589
noisy,5,3,0,0,20,23,True,False,0.09627746837123352,0.9500000000000003,1.9000000000000004,0.14537658514846583
noisy,5,3,0,0,20,24,True,False,0.1053822295303124,0.9500000000000003,1.9000000000000001,0.15491195118875908
noisy,5,3,0,0,20,25,True,False,0.07221973344693544,1.0000000000000002,2.0000000000000018,0.13472035104102723
noisy,5,3,0,0,20,26,True,False,0.09955553806302331,1.0000000000000002,1.9999999999999991,0.17656387997075557
noisy,5,3,0,0,20,27,True,False,0.14223288505660703,1.0000000000000002,1.9999999999999996,0.13001113766622027
noisy,5,3,0,0,20,28,True,False,0.07968838209860518,1.0000000000000002,2.0,0.1474513815563938
noisy,5,3,0,0,20,29,True,False,0.07664669543020497,1.0000000000000002,1.9795503026883168,0.16233673368175774
noisy,5,3,0,0,20,30,True,False,0.07939695667749325,0.9500000000000003,1.9000000000000008,0.11540845258140664
noisy,5,3,0,0,20,31,True,False,0.11001366502506094,0.9500000000000003,1.8999999999999992,0.1257380334291139
noisy,5,3,0,0,20,32,True,False,0.09665766993756009,0.9500000000000003,1.9000000000000012,0.14921312118418573
noisy,5,3,0,0,20,33,True,False,0.06387800238218566,0.9500000000000003,1.9000000000000001,0.12447814313958473
noisy,5,3,0,0,20,34,True,False,0.10196527241311015,0.9500000000000003,1.9000000000000004,0.11908204166064328
noisy,5,3,0,0,20,35,True,False,0.06586171890793135,0.9500000000000003,1.9000000000000015,0.14283057593651005
noisy,5,3,0,0,20,36,True,False,0.11354076537075719,1.0000000000000002,2.000000000000002,0.1281257136313594
noisy,5,3,0,0,20,37,True,False,0.10362614018762928,0.9500000000000003,1.900000000000001,0.143570332180715
noisy,5,3,0,0,20,38,True,False,0.07404346585571009,0.9500000000000003,1.9000000000000012,0.1407962516097873
noisy,5,3,0,0,20,39,True,False,0.12353728512811912,1.0000000000000002,1.9769870273547545,0.1322084527400719
noisy,5,3,0,0,20,40,True,False,0.10326295407281849,1.0000000000000002,2.000000000000001,0.13181161254694487
noisy,5,3,0,0,20,41,True,False,0.07476574103348743,1.0000000000000002,2.0,0.1289770314188001
noisy,5,3,0,0,20,42,True,False,0.10545389568377272,0.9500000000000003,1.9000000000000008,0.11909970910384605
noisy,5,3,0,0,20,43,True,False,0.10104278929066246,0.9500000000000003,1.8999999999999997,0.1295810000631869
noisy,5,3,0,0,20,44,True,False,0.1059991397970983,1.0000000000000002,1.997243269126369,0.12437631463903381
noisy,5,3,0,0,20,45,True,False,0.11097665851748961,0.9500000000000003,1.9000000000000006,0.12087642575393988
noisy,5,3,0,0,20,46,True,False,0.09887329564025604,1.0000000000000002,2.0,0.14602855914615678
noisy,5,3,0,0,20,47,True,False,0.11437108786340144,0.9500000000000003,1.8941883433606432,0.13283791473598305
noisy,5,3,0,0,20,48,True,False,0.06990328041566896,0.9500000000000003,1.8999999999999995,0.12725320106209473
noisy,5,3,0,0,20,49,True,False,0.1103023859571044,1.0000000000000002,2.0000000000000004,0.13682487553122696
noisy,5,3,0,0,20,50,True,False,0.10455171298042365,1.0000000000000002,2.0000000000000013,0.15918635406325857
noisy,5,3,0,0,20,51,True,False,0.09232200799791612,1.0000000000000002,1.9882946090970175,0.1583211075680237
noisy,5,3,0,0,20,52,True,False,0.10097947008280017,0.9500000000000003,1.9000000000000006,0.14042158427144402
noisy,5,3,0,0,20,53,True,False,0.08217701800165078,1.0000000000000002,2.0,0.15710494164975636
noisy,5,3,0,0,20,54,True,False,0.1171574895929941,1.0000000000000002,2.0000000000000004,0.13109058086488823
noisy,5,3,0,0,20,55,True,False,0.15565155972920475,1.0000000000000002,2.0,0.17231564177410524
noisy,5,3,0,0,20,56,True,False,0.07254925558401593,0.9500000000000003,1.899999999999998,0.14116759438684992
noisy,5,3,0,0,20,57,True,False,0.056590040197332714,0.9500000000000003,1.8999999999999984,0.12888929372888602
noisy,5,3,0,0,20,58,True,False,0.11729545574482514,1.0000000000000002,2.0,0.13853495796798324
noisy,5,3,0,0,20,59,True,False,0.03071081063636294,0.9500000000000003,1.9000000000000008,0.13412623652257435
noisy,5,3,0,0,20,60,True,False,0.05744835378727542,1.0000000000000002,2.0000000000000013,0.13795024286324778
noisy,5,3,0,0,20,61,True,False,0.10034056830636207,1.0000000000000002,1.9999999999999998,0.14622670016890563
noisy,5,3,0,0,20,62,True,False,0.09723368905443319,1.0000000000000002,1.9993204076528923,0.13271859553624815
noisy,5,3,0,0,20,63,True,False,0.08294114964715393,0.9500000000000003,1.8999999999999995,0.14195897642263341
noisy,5,3,0,0,20,64,True,False,0.10433240931915311,1.0000000000000002,2.0,0.1334972534621338
noisy,5,3,0,0,20,65,True,False,0.12404640953989499,1.0000000000000002,2.000000000000001,0.1476058246707667
noisy,5,3,0,0,20,66,True,False,0.09647183480175525,0.9500000000000003,1.8636764153942351,0.134826824997632
noisy,5,3,0,0,20,67,True,False,0.07852938089412254,0.9500000000000003,1.8637286504305244,0.12860974410913192
noisy,5,3,0,0,20,68,True,False,0.05789390513306247,1.0000000000000002,1.9999999999999996,0.12445833761202559
noisy,5,3,0,0,20,69,True,False,0.07847298497642363,0.9500000000000003,1.8999999999999995,0.12941491691832047
noisy,5,3,0,0,20,70,True,False,0.08484446955351244,0.9500000000000003,1.8999999999999981,0.11135626796044179
noisy,5,3,0,0,20,71,True,False,0.08958586811251212,0.9500000000000003,1.9000000000000004,0.1158992496997955
noisy,5,3,0,0,20,72,True,False,0.11283793639878259,1.0000000000000002,2.0,0.1302956118434494
noisy,5,3,0,0,20,73,True,False,0.09216784156983371,1.0000000000000002,1.9815570673756553,0.14244897186680933
noisy,5,3,0,0,20,74,True,False,0.08430019562761926,0.9500000000000003,1.8999999999999988,0.15482708700059208
noisy,5,3,0,0,20,75,True,False,0.12169880091733876,1.0000000000000002,2.000000000000001,0.1292236151082908
noisy,5,3,0,0,20,76,True,False,0.08614547408735596,0.9500000000000003,1.9000000000000004,0.14104771883491674
noisy,5,3,0,0,20,77,True,False,0.14378025501281155,1.0000000000000002,2.0000000000000004,0.12141568876057128
noisy,5,3,0,0,20,78,True,False,0.053726380497225,1.0000000000000002,2.0000000000000027,0.09530057846397613
noisy,5,3,0,0,20,79,True,False,0.09648963139329525,1.0000000000000002,2.0000000000000004,0.13099479254513346
noisy,5,3,0,0,20,80,True,False,0.11848124335426524,1.0000000000000002,1.9957106327033725,0.13936641234376607
noisy,5,3,0,0,20,81,True,False,0.09658363107835388,1.0000000000000002,2.000000000000001,0.13145041406314284
noisy,5,3,0,0,20,82,True,False,0.13666057578093738,1.0000000000000002,1.9999999999999982,0.14233277004420325
noisy,5,3,0,0,20,83,True,False,0.11168849443658035,1.0000000000000002,1.9999999999999982,0.11518807788973175
noisy,5,3,0,0,20,84,True,False,0.08735882913814286,0.9500000000000003,1.9000000000000006,0.14184879033118475
noisy,5,3,0,0,20,85,True,False,0.14154738295919378,1.0000000000000002,1.9614770580893428,0.14443662167575025
noisy,5,3,0,0,20,86,True,False,0.039765605336874454,0.9500000000000003,1.9000000000000017,0.14617154287004824
noisy,5,3,0,0,20,87,True,False,0.10264336852792022,1.0000000000000002,2.0000000000000004,0.12463075977912629
noisy,5,3,0,0,20,88,True,False,0.09122770795202562,0.9500000000000003,1.8999999999999995,0.1194457452383778
noisy,5,3,0,0,20,89,True,False,0.0921141907459444,0.9500000000000003,1.8999999999999992,0.11983412508374582
noisy,5,3,0,0,20,90,True,False,0.07730370908266915,0.9500000000000003,1.897418936325004,0.16450022693456298
noisy,5,3,0,0,20,91,True,False,0.06368933172396796,0.9500000000000003,1.899999999999999,0.12742085968563752
noisy,5,3,0,0,20,92,True,False,0.08611516171293254,0.9500000000000003,1.8999999999999984,0.1356749764287098
noisy,5,3,0,0,20,93,True,False,0.09372435697153869,1.0000000000000002,2.0000000000000004,0.12151141799560582
noisy,5,3,0,0,20,94,True,False,0.1168068726111684,1.0000000000000002,2.0000000000000004,0.12931798592573987
noisy,5,3,0,0,20,95,True,False,0.1298882392666012,1.0000000000000002,2.0,0.14073539750248742
noisy,5,3,0,0,20,96,True,False,0.05806703532842383,0.9500000000000003,1.9000000000000004,0.12948495256702036
noisy,5,3,0,0,20,97,True,False,0.09621469965019491,0.9500000000000003,1.900000000000001,0.15108564453367154
noisy,5,3,0,0,20,98,True,False,0.08481977703141075,0.9500000000000003,1.899999999999999,0.12351929581307948
noisy,5,3,0,0,20,99,True,False,0.0754462032994585,0.9500000000000003,1.9000000000000017,0.12974552538403422
noisy,5,3,0,0,20,100,True,False,0.04505889209742331,1.0000000000000002,2.0,0.1472379472550378
kalman,5,3,0,0,20,1,True,False,0.09957923862038709,0.9500000000000003,1.9000000000000004,0.08680647732051588
kalman,5,3,0,0,20,2,True,False,0.07625526769947055,0.9500000000000003,1.900000000000003,0.09785009567577146
kalman,5,3,0,0,20,3,True,False,0.06692787716015225,0.9500000000000003,1.9000000000000008,0.11679234261616585
kalman,5,3,0,0,20,4,True,False,0.06452534277818378,0.9500000000000003,1.9,0.06860634172994808
kalman,5,3,0,0,20,5,True,False,0.14135534429403762,0.9500000000000003,1.900000000000001,0.09296458800221671
kalman,5,3,0,0,20,6,True,False,0.06990291679397065,0.9500000000000003,1.9000000000000004,0.10054028224471148
kalman,5,3,0,0,20,7,True,False,0.08249960012424551,0.9500000000000003,1.8999999999999992,0.09935875355652113
kalman,5,3,0,0,20,8,True,False,0.07632669488101995,0.9500000000000003,1.9000000000000008,0.11633875495185796
kalman,5,3,0,0,20,9,True,False,0.11321105846027035,0.9500000000000003,1.9000000000000006,0.07353882223987218
kalman,5,3,0,0,20,10,True,False,0.13912561744295449,0.9500000000000003,1.9000000000000008,0.0715475275627313
kalman,5,3,0,0,20,11,True,False,0.09646122456903616,0.9500000000000003,1.9000000000000004,0.08998199235461311
kalman,5,3,0,0,20,12,True,False,0.10029651266250905,1.0000000000000002,1.9999999999999998,0.07815895427207833
kalman,5,3,0,0,20,13,True,False,0.0777248553992369,0.9500000000000003,1.9000000000000001,0.11236726893970772
kalman,5,3,0,0,20,14,True,False,0.07834282696784256,1.0000000000000002,2.000000000000001,0.11880853218932456
kalman,5,3,0,0,20,15,True,False,0.041154007251870794,0.9500000000000003,1.9000000000000012,0.09277592073643026
kalman,5,3,0,0,20,16,True,False,0.10583531102464216,1.0000000000000002,1.9999999999999998,0.08446221214319478
kalman,5,3,0,0,20,17,True,False,0.12274273774010536,0.9500000000000003,1.8999999999999997,0.10420825334221322
kalman,5,3,0,0,20,18,True,False,0.04751887054963122,0.9500000000000003,1.8999999999999997,0.09450152318540946
kalman,5,3,0,0,20,19,True,False,0.058463311804884066,0.9500000000000003,1.8999999999999997,0.0787721236607358
kalman,5,3,0,0,20,20,True,False,0.08604516055047018,0.9500000000000003,1.8999999999999997,0.0905780350935523
kalman,5,3,0,0,20,21,True,False,0.13318979443340595,1.0000000000000002,2.0,0.07909252509988009
kalman,5,3,0,0,20,22,True,False,0.07698962597954373,0.9500000000000003,1.9000000000000006,0.11542795607329023
kalman,5,3,0,0,20,23,True,False,0.08507711977871701,0.9500000000000003,1.900000000000001,0.0853572244447233
kalman,5,3,0,0,20,24,True,False,0.09943307714506511,0.9500000000000003,1.8999999999999997,0.06468120687179534
kalman,5,3,0,0,20,25,True,False,0.04971462693527973,1.0000000000000002,2.0000000000000004,0.09797738890523627
kalman,5,3,0,0,20,26,True,False,0.10174027092987603,1.0000000000000002,1.9999999999999998,0.11071937134710783
kalman,5,3,0,0,20,27,True,False,0.15273425683541553,1.0000000000000002,1.9999999999999996,0.1049878589665587
kalman,5,3,0,0,20,28,True,False,0.08853172174679247,1.0000000000000002,2.0000000000000004,0.06961057953513929
kalman,5,3,0,0,20,29,True,False,0.13254722953062914,1.0000000000000002,1.9999999999999984,0.08972500418532069
kalman,5,3,0,0,20,30,True,False,0.07391385913761073,0.9500000000000003,1.8999999999999995,0.0758438599502847
kalman,5,3,0,0,20,31,True,False,0.1382243932575411,0.9500000000000003,1.899999999999999,0.08385142275678278
kalman,5,3,0,0,20,32,True,False,0.086259790894754,1.0000000000000002,2.0000000000000004,0.06745091240271375
kalman,5,3,0,0,20,33,True,False,0.05839424392480108,0.9500000000000003,1.9000000000000006,0.08852375957751821
kalman,5,3,0,0,20,34,True,False,0.10609709217870389,0.9500000000000003,1.9000000000000012,0.06701554712762399
kalman,5,3,0,0,20,35,True,False,0.048005685816633115,0.9500000000000003,1.9,0.09129508833595969
kalman,5,3,0,0,20,36,True,False,0.10521135412141125,1.0000000000000002,1.9999999999999998,0.08048775820872675
kalman,5,3,0,0,20,37,True,False,0.07918390907399298,0.9500000000000003,1.899999999999999,0.07388438649387363
kalman,5,3,0,0,20,38,True,False,0.0693762124129933,0.9500000000000003,1.900000000000001,0.08688696543268748
kalman,5,3,0,0,20,39,True,False,0.14115123047591127,1.0000000000000002,1.9999999999999998,0.06939666550733332
kalman,5,3,0,0,20,40,True,False,0.12633329792947268,1.0000000000000002,1.9999999999999978,0.07159105523651926
kalman,5,3,0,0,20,41,True,False,0.07794739492668779,1.0000000000000002,2.0000000000000004,0.1025686642843166
kalman,5,3,0,0,20,42,True,False,0.12967326026065829,1.0000000000000002,1.9999999999999993,0.08894016715150962
kalman,5,3,0,0,20,43,True,False,0.10012226176793426,0.9500000000000003,1.8999999999999997,0.08044414060823324
kalman,5,3,0,0,20,44,True,False,0.12020290707694348,1.0000000000000002,1.9999999999999996,0.07917809014790785
kalman,5,3,0,0,20,45,True,False,0.1385631633312101,0.9500000000000003,1.9000000000000008,0.07865518014467868
kalman,5,3,0,0,20,46,True,False,0.09765888193599603,1.0000000000000002,1.9999999999999982,0.06483232822987448
kalman,5,3,0,0,20,47,True,False,0.1288764092045065,0.9500000000000003,1.9000000000000008,0.10047577332700537
kalman,5,3,0,0,20,48,True,False,0.06987793697645683,1.0000000000000002,2.0,0.08180339853179942
kalman,5,3,0,0,20,49,True,False,0.0950597576567509,1.0000000000000002,2.000000000000001,0.10270018587495067
kalman,5,3,0,0,20,50,True,False,0.08502937551860779,0.9500000000000003,1.8999999999999988,0.10783095310792767
kalman,5,3,0,0,20,51,True,False,0.13030782753282,1.0000000000000002,1.9739902859704934,0.08394036829560689
kalman,5,3,0,0,20,52,True,False,0.08564602397842291,0.9500000000000003,1.8999999999999992,0.06846190802377948
kalman,5,3,0,0,20,53,True,False,0.08143202633795754,1.0000000000000002,2.000000000000001,0.09591627515692713
kalman,5,3,0,0,20,54,True,False,0.12221039916794152,1.0000000000000002,1.9999999999999978,0.08778888354341086
kalman,5,3,0,0,20,55,True,False,0.12989871025335886,1.0000000000000002,2.0,0.1327893641868333
kalman,5,3,0,0,20,56,True,False,0.054441979326328216,0.9500000000000003,1.9000000000000008,0.08989696583444748
kalman,5,3,0,0,20,57,True,False,0.07765929415125128,0.9500000000000003,1.9000000000000006,0.0626529250214777
kalman,5,3,0,0,20,58,True,False,0.11182025943372387,1.0000000000000002,2.0000000000000018,0.08053713912558144
kalman,5,3,0,0,20,59,True,False,0.03372836861473805,0.9500000000000003,1.8999999999999992,0.09432068120066024
kalman,5,3,0,0,20,60,True,False,0.03951788400286138,0.9500000000000003,1.8999999999999997,0.0834795633817491
kalman,5,3,0,0,20,61,True,False,0.07078151659001919,1.0000000000000002,2.0000000000000004,0.10457350740727285
kalman,5,3,0,0,20,62,True,False,0.08431038791503842,1.0000000000000002,1.9999999999999998,0.08750457863406844
kalman,5,3,0,0,20,63,True,False,0.07620309019774818,0.9500000000000003,1.8999999999999981,0.0945861339150715
kalman,5,3,0,0,20,64,True,False,0.11141405747846078,1.0000000000000002,2.0000000000000004,0.07314159326077403
kalman,5,3,0,0,20,65,True,False,0.11744840444344185,1.0000000000000002,2.0,0.0981580318391935
kalman,5,3,0,0,20,66,True,False,0.09051394123702794,0.9500000000000003,1.899999999999999,0.07804483402424812
kalman,5,3,0,0,20,67,True,False,0.07442955647048421,0.9500000000000003,1.9000000000000012,0.09157302710089928
kalman,5,3,0,0,20,68,True,False,0.047352232476582934,1.0000000000000002,2.0000000000000027,0.08413330605577422
kalman,5,3,0,0,20,69,True,False,0.07775087691516647,0.9500000000000003,1.9000000000000006,0.08460404557432732
kalman,5,3,0,0,20,70,True,False,0.1257575654445946,0.9500000000000003,1.900000000000001,0.08458922410620401
kalman,5,3,0,0,20,71,True,False,0.11320902422458201,0.9500000000000003,1.8999999999999984,0.055624701619565
kalman,5,3,0,0,20,72,True,False,0.13353604751018477,0.9500000000000003,1.9000000000000008,0.0743068246337293
kalman,5,3,0,0,20,73,True,False,0.11692720447989191,1.0000000000000002,1.9999999999999996,0.07883996853282914
kalman,5,3,0,0,20,74,True,False,0.08868582888488774,0.9500000000000003,1.9000000000000012,0.08654594745316813
kalman,5,3,0,0,20,75,True,False,0.11453704878013404,0.9500000000000003,1.9,0.06166188871534219
kalman,5,3,0,0,20,76,True,False,0.07079114249996765,0.9500000000000003,1.9000000000000004,0.08884969758570568
kalman,5,3,0,0,20,77,True,False,0.13383700367264817,1.0000000000000002,1.9999999999999996,0.08061918192022027
kalman,5,3,0,0,20,78,True,False,0.04949262421475997,0.9500000000000003,1.900000000000002,0.07647732877853322
kalman,5,3,0,0,20,79,True,False,0.07431351317720347,0.9500000000000003,1.9000000000000001,0.08219524408856486
kalman,5,3,0,0,20,80,True,False,0.11635575389926167,1.0000000000000002,2.0,0.09831109832268661
kalman,5,3,0,0,20,81,True,False,0.0893429473786218,1.0000000000000002,1.9999999999999991,0.08550027609849892
kalman,5,3,0,0,20,82,True,False,0.10929033223980378,1.0000000000000002,2.0000000000000013,0.087542802801316
kalman,5,3,0,0,20,83,True,False,0.11856057547199184,1.0000000000000002,2.0000000000000013,0.07549623966344791
kalman,5,3,0,0,20,84,True,False,0.13782059390603685,1.0000000000000002,1.9999999999999993,0.07712447833112411
kalman,5,3,0,0,20,85,True,False,0.15485986846363664,1.0000000000000002,2.000000000000001,0.09537254051817433
kalman,5,3,0,0,20,86,True,False,0.04896604233362756,1.0000000000000002,2.0000000000000004,0.09015085530106616
kalman,5,3,0,0,20,87,True,False,0.1442837713791707,1.0000000000000002,2.0,0.08848535897895812
kalman,5,3,0,0,20,88,True,False,0.12648067375740246,1.0000000000000002,2.0000000000000004,0.06253113209092619
kalman,5,3,0,0,20,89,True,False,0.08939135254815977,0.9500000000000003,1.899999999999999,0.07275308062434799
kalman,5,3,0,0,20,90,True,False,0.08610704969519833,0.9500000000000003,1.9000000000000001,0.1091872383707445
kalman,5,3,0,0,20,91,True,False,0.0744236106527647,1.0000000000000002,1.9999999999999984,0.08737585813358528
kalman,5,3,0,0,20,92,True,False,0.09354174595783005,0.9500000000000003,1.8999999999999995,0.09949955691148264
kalman,5,3,0,0,20,93,True,False,0.08499582630039404,0.9500000000000003,1.9000000000000008,0.07652899121167536
kalman,5,3,0,0,20,94,True,False,0.1336844487237665,1.0000000000000002,2.000000000000001,0.07594927738638953
kalman,5,3,0,0,20,95,True,False,0.1626508714167667,1.0000000000000002,2.0000000000000004,0.08751749340724901
kalman,5,3,0,0,20,96,True,False,0.05839563849931828,0.9500000000000003,1.9000000000000001,0.11526902832092419
kalman,5,3,0,0,20,97,True,False,0.1225394362203398,0.9500000000000003,1.900000000000001,0.09082062162026752
kalman,5,3,0,0,20,98,True,False,0.06854122028351428,0.9500000000000003,1.8999999999999995,0.06676583414928668
kalman,5,3,0,0,20,99,True,False,0.07221804909180718,1.0000000000000002,1.999999999999999,0.08068271734296531
kalman,5,3,0,0,20,100,True,False,0.05442531043038756,0.9500000000000003,1.9000000000000006,0.09170905702608927
ground_truth,5,5,0,0,20,1,True,False,0.0932591781715284,0.9500000000000003,1.9,
ground_truth,5,5,0,0,20,2,True,False,0.0932591781715284,0.9500000000000003,1.9,
ground_truth,5,5,0,0,20,3,True,False,0.0932591781715284,0.9500000000000003,1.9,
ground_truth,5,5,0,0,20,4,True,False,0.0932591781715284,0.9500000000000003,1.9,
ground_truth,5,5,0,0,20,5,True,False,0.0932591781715284,0.9500000000000003,1.9,
ground_truth,5,5,0,0,20,6,True,False,0.0932591781715284,0.9500000000000003,1.9,
ground_truth,5,5,0,0,20,7,True,False,0.0932591781715284,0.9500000000000003,1.9,
ground_truth,5,5,0,0,20,8,True,False,0.0932591781715284,0.9500000000000003,1.9,
ground_truth,5,5,0,0,20,9,True,False,0.0932591781715284,0.9500000000000003,1.9,
ground_truth,5,5,0,0,20,10,True,False,0.0932591781715284,0.9500000000000003,1.9,
ground_truth,5,5,0,0,20,11,True,False,0.0932591781715284,0.9500000000000003,1.9,
ground_truth,5,5,0,0,20,12,True,False,0.0932591781715284,0.9500000000000003,1.9,
ground_truth,5,5,0,0,20,13,True,False,0.0932591781715284,0.9500000000000003,1.9,
ground_truth,5,5,0,0,20,14,True,False,0.0932591781715284,0.9500000000000003,1.9,
ground_truth,5,5,0,0,20,15,True,False,0.0932591781715284,0.9500000000000003,1.9,
ground_truth,5,5,0,0,20,16,True,False,0.0932591781715284,0.9500000000000003,1.9,
ground_truth,5,5,0,0,20,17,True,False,0.0932591781715284,0.9500000000000003,1.9,
ground_truth,5,5,0,0,20,18,True,False,0.0932591781715284,0.9500000000000003,1.9,
ground_truth,5,5,0,0,20,19,True,False,0.0932591781715284,0.9500000000000003,1.9,
ground_truth,5,5,0,0,20,20,True,False,0.0932591781715284,0.9500000000000003,1.9,
ground_truth,5,5,0,0,20,21,True,False,0.0932591781715284,0.9500000000000003,1.9,
ground_truth,5,5,0,0,20,22,True,False,0.0932591781715284,0.9500000000000003,1.9,
ground_truth,5,5,0,0,20,23,True,False,0.0932591781715284,0.9500000000000003,1.9,
ground_truth,5,5,0,0,20,24,True,False,0.0932591781715284,0.9500000000000003,1.9,
ground_truth,5,5,0,0,20,25,True,False,0.0932591781715284,0.9500000000000003,1.9,
ground_truth,5,5,0,0,20,26,True,False,0.0932591781715284,0.9500000000000003,1.9,
ground_truth,5,5,0,0,20,27,True,False,0.0932591781715284,0.9500000000000003,1.9,
ground_truth,5,5,0,0,20,28,True,False,0.0932591781715284,0.9500000000000003,1.9,
ground_truth,5,5,0,0,20,29,True,False,0.0932591781715284,0.9500000000000003,1.9,
ground_truth,5,5,0,0,20,30,True,False,0.0932591781715284,0.9500000000000003,1.9,
ground_truth,5,5,0,0,20,31,True,False,0.0932591781715284,0.9500000000000003,1.9,
ground_truth,5,5,0,0,20,32,True,False,0.0932591781715284,0.9500000000000003,1.9,
ground_truth,5,5,0,0,20,33,True,False,0.0932591781715284,0.9500000000000003,1.9,
ground_truth,5,5,0,0,20,34,True,False,0.0932591781715284,0.9500000000000003,1.9,
ground_truth,5,5,0,0,20,35,True,False,0.0932591781715284,0.9500000000000003,1.9,
ground_truth,5,5,0,0,20,36,True,False,0.0932591781715284,0.9500000000000003,1.9,
ground_truth,5,5,0,0,20,37,True,False,0.0932591781715284,0.9500000000000003,1.9,
ground_truth,5,5,0,0,20,38,True,False,0.0932591781715284,0.9500000000000003,1.9,
ground_truth,5,5,0,0,20,39,True,False,0.0932591781715284,0.9500000000000003,1.9,
ground_truth,5,5,0,0,20,40,True,False,0.0932591781715284,0.9500000000000003,1.9,
ground_truth,5,5,0,0,20,41,True,False,0.0932591781715284,0.9500000000000003,1.9,
ground_truth,5,5,0,0,20,42,True,False,0.0932591781715284,0.9500000000000003,1.9,
ground_truth,5,5,0,0,20,43,True,False,0.0932591781715284,0.9500000000000003,1.9,
ground_truth,5,5,0,0,20,44,True,False,0.0932591781715284,0.9500000000000003,1.9,
ground_truth,5,5,0,0,20,45,True,False,0.0932591781715284,0.9500000000000003,1.9,
ground_truth,5,5,0,0,20,46,True,False,0.0932591781715284,0.9500000000000003,1.9,
ground_truth,5,5,0,0,20,47,True,False,0.0932591781715284,0.9500000000000003,1.9,
ground_truth,5,5,0,0,20,48,True,False,0.0932591781715284,0.9500000000000003,1.9,
ground_truth,5,5,0,0,20,49,True,False,0.0932591781715284,0.9500000000000003,1.9,
ground_truth,5,5,0,0,20,50,True,False,0.0932591781715284,0.9500000000000003,1.9,
ground_truth,5,5,0,0,20,51,True,False,0.0932591781715284,0.9500000000000003,1.9,
ground_truth,5,5,0,0,20,52,True,False,0.0932591781715284,0.9500000000000003,1.9,
ground_truth,5,5,0,0,20,53,True,False,0.0932591781715284,0.9500000000000003,1.9,
ground_truth,5,5,0,0,20,54,True,False,0.0932591781715284,0.9500000000000003,1.9,
ground_truth,5,5,0,0,20,55,True,False,0.0932591781715284,0.9500000000000003,1.9,
ground_truth,5,5,0,0,20,56,True,False,0.0932591781715284,0.9500000000000003,1.9,
ground_truth,5,5,0,0,20,57,True,False,0.0932591781715284,0.9500000000000003,1.9,
ground_truth,5,5,0,0,20,58,True,False,0.0932591781715284,0.9500000000000003,1.9,
ground_truth,5,5,0,0,20,59,True,False,0.0932591781715284,0.9500000000000003,1.9,
ground_truth,5,5,0,0,20,60,True,False,0.0932591781715284,0.9500000000000003,1.9,
ground_truth,5,5,0,0,20,61,True,False,0.0932591781715284,0.9500000000000003,1.9,
ground_truth,5,5,0,0,20,62,True,False,0.0932591781715284,0.9500000000000003,1.9,
ground_truth,5,5,0,0,20,63,True,False,0.0932591781715284,0.9500000000000003,1.9,
ground_truth,5,5,0,0,20,64,True,False,0.0932591781715284,0.9500000000000003,1.9,
ground_truth,5,5,0,0,20,65,True,False,0.0932591781715284,0.9500000000000003,1.9,
ground_truth,5,5,0,0,20,66,True,False,0.0932591781715284,0.9500000000000003,1.9,
ground_truth,5,5,0,0,20,67,True,False,0.0932591781715284,0.9500000000000003,1.9,
ground_truth,5,5,0,0,20,68,True,False,0.0932591781715284,0.9500000000000003,1.9,
ground_truth,5,5,0,0,20,69,True,False,0.0932591781715284,0.9500000000000003,1.9,
ground_truth,5,5,0,0,20,70,True,False,0.0932591781715284,0.9500000000000003,1.9,
ground_truth,5,5,0,0,20,71,True,False,0.0932591781715284,0.9500000000000003,1.9,
ground_truth,5,5,0,0,20,72,True,False,0.0932591781715284,0.9500000000000003,1.9,
ground_truth,5,5,0,0,20,73,True,False,0.0932591781715284,0.9500000000000003,1.9,
ground_truth,5,5,0,0,20,74,True,False,0.0932591781715284,0.9500000000000003,1.9,
ground_truth,5,5,0,0,20,75,True,False,0.0932591781715284,0.9500000000000003,1.9,
ground_truth,5,5,0,0,20,76,True,False,0.0932591781715284,0.9500000000000003,1.9,
ground_truth,5,5,0,0,20,77,True,False,0.0932591781715284,0.9500000000000003,1.9,
ground_truth,5,5,0,0,20,78,True,False,0.0932591781715284,0.9500000000000003,1.9,
ground_truth,5,5,0,0,20,79,True,False,0.0932591781715284,0.9500000000000003,1.9,
ground_truth,5,5,0,0,20,80,True,False,0.0932591781715284,0.9500000000000003,1.9,
ground_truth,5,5,0,0,20,81,True,False,0.0932591781715284,0.9500000000000003,1.9,
ground_truth,5,5,0,0,20,82,True,False,0.0932591781715284,0.9500000000000003,1.9,
ground_truth,5,5,0,0,20,83,True,False,0.0932591781715284,0.9500000000000003,1.9,
ground_truth,5,5,0,0,20,84,True,False,0.0932591781715284,0.9500000000000003,1.9,
ground_truth,5,5,0,0,20,85,True,False,0.0932591781715284,0.9500000000000003,1.9,
ground_truth,5,5,0,0,20,86,True,False,0.0932591781715284,0.9500000000000003,1.9,
ground_truth,5,5,0,0,20,87,True,False,0.0932591781715284,0.9500000000000003,1.9,
ground_truth,5,5,0,0,20,88,True,False,0.0932591781715284,0.9500000000000003,1.9,
ground_truth,5,5,0,0,20,89,True,False,0.0932591781715284,0.9500000000000003,1.9,
ground_truth,5,5,0,0,20,90,True,False,0.0932591781715284,0.9500000000000003,1.9,
ground_truth,5,5,0,0,20,91,True,False,0.0932591781715284,0.9500000000000003,1.9,
ground_truth,5,5,0,0,20,92,True,False,0.0932591781715284,0.9500000000000003,1.9,
ground_truth,5,5,0,0,20,93,True,False,0.0932591781715284,0.9500000000000003,1.9,
ground_truth,5,5,0,0,20,94,True,False,0.0932591781715284,0.9500000000000003,1.9,
ground_truth,5,5,0,0,20,95,True,False,0.0932591781715284,0.9500000000000003,1.9,
ground_truth,5,5,0,0,20,96,True,False,0.0932591781715284,0.9500000000000003,1.9,
ground_truth,5,5,0,0,20,97,True,False,0.0932591781715284,0.9500000000000003,1.9,
ground_truth,5,5,0,0,20,98,True,False,0.0932591781715284,0.9500000000000003,1.9,
ground_truth,5,5,0,0,20,99,True,False,0.0932591781715284,0.9500000000000003,1.9,
ground_truth,5,5,0,0,20,100,True,False,0.0932591781715284,0.9500000000000003,1.9,
noisy,5,5,0,0,20,1,True,False,0.11653162687783625,0.9500000000000003,1.9000000000000001,0.14155961647966062
noisy,5,5,0,0,20,2,True,False,0.09120952980845143,1.0000000000000002,1.9999999999999996,0.12775680122115962
noisy,5,5,0,0,20,3,True,False,0.07723919972098914,0.9500000000000003,1.9000000000000008,0.16991641472889935
noisy,5,5,0,0,20,4,True,False,0.07182772000946569,0.9500000000000003,1.9000000000000006,0.13185120404421283
noisy,5,5,0,0,20,5,True,False,0.12267990257622152,1.0000000000000002,1.980771203208593,0.13789288594863064
noisy,5,5,0,0,20,6,True,False,0.0914448527498164,0.9500000000000003,1.8999999999999992,0.13613605413428742
noisy,5,5,0,0,20,7,True,False,0.09398281152236065,1.0000000000000002,1.9999999999999996,0.1251623959211466
noisy,5,5,0,0,20,8,True,False,0.06560507418578632,0.9500000000000003,1.8974821725118387,0.1699331866261767
noisy,5,5,0,0,20,9,True,False,0.09962645934072167,0.9500000000000003,1.899999999999999,0.12518083116720996
noisy,5,5,0,0,20,10,True,False,0.1169736799459522,0.9500000000000003,1.9000000000000004,0.11318970408332703
noisy,5,5,0,0,20,11,True,False,0.10089678149610326,0.9500000000000003,1.8771177936558838,0.13971230784956779
noisy,5,5,0,0,20,12,True,False,0.1146693337742033,1.0000000000000002,1.9999999999999993,0.12734689010489375
noisy,5,5,0,0,20,13,True,False,0.07665676891177586,1.0000000000000002,1.999999999999999,0.1487624674161416
noisy,5,5,0,0,20,14,True,False,0.08503958160350678,1.0000000000000002,1.9999999999999991,0.15542678682017796
noisy,5,5,0,0,20,15,True,False,0.05684841044492428,0.9500000000000003,1.8999999999999992,0.13917514580403273
noisy,5,5,0,0,20,16,True,False,0.10004951345120938,1.0000000000000002,1.9905053169604647,0.12962962877675666
noisy,5,5,0,0,20,17,True,False,0.08019466572722855,0.9500000000000003,1.8454235138475932,0.15080160862939396
noisy,5,5,0,0,20,18,True,False,0.07385199501837403,0.9500000000000003,1.8999999999999977,0.14768263907682708
noisy,5,5,0,0,20,19,True,False,0.06594147775633008,0.9500000000000003,1.8999999999999992,0.12245667610467936
noisy,5,5,0,0,20,20,True,False,0.07117602721403604,0.9500000000000003,1.9000000000000008,0.16496061501203668
noisy,5,5,0,0,20,21,True,False,0.10989860161092668,1.0000000000000002,2.0,0.14037349669281163
noisy,5,5,0,0,20,22,True,False,0.10116099380032884,0.9500000000000003,1.8999999999999995,0.1667158272179589
noisy,5,5,0,0,20,23,True,False,0.09627746837123352,0.9500000000000003,1.9000000000000004,0.14537658514846583
noisy,5,5,0,0,20,24,True,False,0.1053822295303124,0.9500000000000003,1.9000000000000001,0.15491195118875908
noisy,5,5,0,0,20,25,True,False,0.07221973344693544,1.0000000000000002,2.0000000000000018,0.13472035104102723
noisy,5,5,0,0,20,26,True,False,0.09955553806302331,1.0000000000000002,1.9999999999999991,0.17656387997075557
noisy,5,5,0,0,20,27,True,False,0.14223288505660703,1.0000000000000002,1.9999999999999996,0.13001113766622027
noisy,5,5,0,0,20,28,True,False,0.07968838209860518,1.0000000000000002,2.0,0.1474513815563938
noisy,5,5,0,0,20,29,True,False,0.07664669543020497,1.0000000000000002,1.9795503026883168,0.16233673368175774
noisy,5,5,0,0,20,30,True,False,0.07939695667749325,0.9500000000000003,1.9000000000000008,0.11540845258140664
noisy,5,5,0,0,20,31,True,False,0.11001366502506094,0.9500000000000003,1.8999999999999992,0.1257380334291139
noisy,5,5,0,0,20,32,True,False,0.09665766993756009,0.9500000000000003,1.9000000000000012,0.14921312118418573
noisy,5,5,0,0,20,33,True,False,0.06387800238218566,0.9500000000000003,1.9000000000000001,0.12447814313958473
noisy,5,5,0,0,20,34,True,False,0.10196527241311015,0.9500000000000003,1.9000000000000004,0.11908204166064328
noisy,5,5,0,0,20,35,True,False,0.06586171890793135,0.9500000000000003,1.9000000000000015,0.14283057593651005
noisy,5,5,0,0,20,36,True,False,0.11354076537075719,1.0000000000000002,2.000000000000002,0.1281257136313594
noisy,5,5,0,0,20,37,True,False,0.10362614018762928,0.9500000000000003,1.900000000000001,0.143570332180715
noisy,5,5,0,0,20,38,True,False,0.07404346585571009,0.9500000000000003,1.9000000000000012,0.1407962516097873
noisy,5,5,0,0,20,39,True,False,0.12353728512811912,1.0000000000000002,1.9769870273547545,0.1322084527400719
noisy,5,5,0,0,20,40,True,False,0.10326295407281849,1.0000000000000002,2.000000000000001,0.13181161254694487
noisy,5,5,0,0,20,41,True,False,0.07476574103348743,1.0000000000000002,2.0,0.1289770314188001
noisy,5,5,0,0,20,42,True,False,0.10545389568377272,0.9500000000000003,1.9000000000000008,0.11909970910384605
noisy,5,5,0,0,20,43,True,False,0.10104278929066246,0.9500000000000003,1.8999999999999997,0.1295810000631869
noisy,5,5,0,0,20,44,True,False,0.1059991397970983,1.0000000000000002,1.997243269126369,0.12437631463903381
noisy,5,5,0,0,20,45,True,False,0.11097665851748961,0.9500000000000003,1.9000000000000006,0.12087642575393988
noisy,5,5,0,0,20,46,True,False,0.09887329564025604,1.0000000000000002,2.0,0.14602855914615678
noisy,5,5,0,0,20,47,True,False,0.11437108786340144,0.9500000000000003,1.8941883433606432,0.13283791473598305
noisy,5,5,0,0,20,48,True,False,0.06990328041566896,0.9500000000000003,1.8999999999999995,0.12725320106209473
noisy,5,5,0,0,20,49,True,False,0.1103023859571044,1.0000000000000002,2.0000000000000004,0.13682487553122696
noisy,5,5,0,0,20,50,True,False,0.10455171298042365,1.0000000000000002,2.0000000000000013,0.15918635406325857
noisy,5,5,0,0,20,51,True,False,0.09232200799791612,1.0000000000000002,1.9882946090970175,0.1583211075680237
noisy,5,5,0,0,20,52,True,False,0.10097947008280017,0.9500000000000003,1.9000000000000006,0.14042158427144402
noisy,5,5,0,0,20,53,True,False,0.08217701800165078,1.0000000000000002,2.0,0.15710494164975636
noisy,5,5,0,0,20,54,True,False,0.1171574895929941,1.0000000000000002,2.0000000000000004,0.13109058086488823
noisy,5,5,0,0,20,55,True,False,0.15565155972920475,1.0000000000000002,2.0,0.17231564177410524
noisy,5,5,0,0,20,56,True,False,0.07254925558401593,0.9500000000000003,1.899999999999998,0.14116759438684992
noisy,5,5,0,0,20,57,True,False,0.056590040197332714,0.9500000000000003,1.8999999999999984,0.12888929372888602
noisy,5,5,0,0,20,58,True,False,0.11729545574482514,1.0000000000000002,2.0,0.13853495796798324
noisy,5,5,0,0,20,59,True,False,0.03071081063636294,0.9500000000000003,1.9000000000000008,0.13412623652257435
noisy,5,5,0,0,20,60,True,False,0.05744835378727542,1.0000000000000002,2.0000000000000013,0.13795024286324778
noisy,5,5,0,0,20,61,True,False,0.10034056830636207,1.0000000000000002,1.9999999999999998,0.14622670016890563
noisy,5,5,0,0,20,62,True,False,0.09723368905443319,1.0000000000000002,1.9993204076528923,0.13271859553624815
noisy,5,5,0,0,20,63,True,False,0.08294114964715393,0.9500000000000003,1.8999999999999995,0.14195897642263341
noisy,5,5,0,0,20,64,True,False,0.10433240931915311,1.0000000000000002,2.0,0.1334972534621338
noisy,5,5,0,0,20,65,True,False,0.12404640953989499,1.0000000000000002,2.000000000000001,0.1476058246707667
noisy,5,5,0,0,20,66,True,False,0.09647183480175525,0.9500000000000003,1.8636764153942351,0.134826824997632
noisy,5,5,0,0,20,67,True,False,0.07852938089412254,0.9500000000000003,1.8637286504305244,0.12860974410913192
noisy,5,5,0,0,20,68,True,False,0.05789390513306247,1.0000000000000002,1.9999999999999996,0.12445833761202559
noisy,5,5,0,0,20,69,True,False,0.07847298497642363,0.9500000000000003,1.8999999999999995,0.12941491691832047
noisy,5,5,0,0,20,70,True,False,0.08484446955351244,0.9500000000000003,1.8999999999999981,0.11135626796044179
noisy,5,5,0,0,20,71,True,False,0.08958586811251212,0.9500000000000003,1.9000000000000004,0.1158992496997955
noisy,5,5,0,0,20,72,True,False,0.11283793639878259,1.0000000000000002,2.0,0.1302956118434494
noisy,5,5,0,0,20,73,True,False,0.09216784156983371,1.0000000000000002,1.9815570673756553,0.14244897186680933
noisy,5,5,0,0,20,74,True,False,0.08430019562761926,0.9500000000000003,1.8999999999999988,0.15482708700059208
noisy,5,5,0,0,20,75,True,False,0.12169880091733876,1.0000000000000002,2.000000000000001,0.1292236151082908
noisy,5,5,0,0,20,76,True,False,0.08614547408735596,0.9500000000000003,1.9000000000000004,0.14104771883491674
noisy,5,5,0,0,20,77,True,False,0.14378025501281155,1.0000000000000002,2.0000000000000004,0.12141568876057128
noisy,5,5,0,0,20,78,True,False,0.053726380497225,1.0000000000000002,2.0000000000000027,0.09530057846397613
noisy,5,5,0,0,20,79,True,False,0.09648963139329525,1.0000000000000002,2.0000000000000004,0.13099479254513346
noisy,5,5,0,0,20,80,True,False,0.11848124335426524,1.0000000000000002,1.9957106327033725,0.13936641234376607
noisy,5,5,0,0,20,81,True,False,0.09658363107835388,1.0000000000000002,2.000000000000001,0.13145041406314284
noisy,5,5,0,0,20,82,True,False,0.13666057578093738,1.0000000000000002,1.9999999999999982,0.14233277004420325
noisy,5,5,0,0,20,83,True,False,0.11168849443658035,1.0000000000000002,1.9999999999999982,0.11518807788973175
noisy,5,5,0,0,20,84,True,False,0.08735882913814286,0.9500000000000003,1.9000000000000006,0.14184879033118475
noisy,5,5,0,0,20,85,True,False,0.14154738295919378,1.0000000000000002,1.9614770580893428,0.14443662167575025
noisy,5,5,0,0,20,86,True,False,0.039765605336874454,0.9500000000000003,1.9000000000000017,0.14617154287004824
noisy,5,5,0,0,20,87,True,False,0.10264336852792022,1.0000000000000002,2.0000000000000004,0.12463075977912629
noisy,5,5,0,0,20,88,True,False,0.09122770795202562,0.9500000000000003,1.8999999999999995,0.1194457452383778
noisy,5,5,0,0,20,89,True,False,0.0921141907459444,0.9500000000000003,1.8999999999999992,0.11983412508374582
noisy,5,5,0,0,20,90,True,False,0.07730370908266915,0.9500000000000003,1.897418936325004,0.16450022693456298
noisy,5,5,0,0,20,91,True,False,0.06368933172396796,0.9500000000000003,1.899999999999999,0.12742085968563752
noisy,5,5,0,0,20,92,True,False,0.08611516171293254,0.9500000000000003,1.8999999999999984,0.1356749764287098
noisy,5,5,0,0,20,93,True,False,0.09372435697153869,1.0000000000000002,2.0000000000000004,0.12151141799560582
noisy,5,5,0,0,20,94,True,False,0.1168068726111684,1.0000000000000002,2.0000000000000004,0.12931798592573987
noisy,5,5,0,0,20,95,True,False,0.1298882392666012,1.0000000000000002,2.0,0.14073539750248742
noisy,5,5,0,0,20,96,True,False,0.05806703532842383,0.9500000000000003,1.9000000000000004,0.12948495256702036
noisy,5,5,0,0,20,97,True,False,0.09621469965019491,0.9500000000000003,1.900000000000001,0.15108564453367154
noisy,5,5,0,0,20,98,True,False,0.08481977703141075,0.9500000000000003,1.899999999999999,0.12351929581307948
noisy,5,5,0,0,20,99,True,False,0.0754462032994585,0.9500000000000003,1.9000000000000017,0.12974552538403422
noisy,5,5,0,0,20,100,True,False,0.04505889209742331,1.0000000000000002,2.0,0.1472379472550378
kalman,5,5,0,0,20,1,True,False,0.09957923862038709,0.9500000000000003,1.9000000000000004,0.08680647732051588
kalman,5,5,0,0,20,2,True,False,0.07625526769947055,0.9500000000000003,1.900000000000003,0.09785009567577146
kalman,5,5,0,0,20,3,True,False,0.06692787716015225,0.9500000000000003,1.9000000000000008,0.11679234261616585
kalman,5,5,0,0,20,4,True,False,0.06452534277818378,0.9500000000000003,1.9,0.06860634172994808
kalman,5,5,0,0,20,5,True,False,0.14135534429403762,0.9500000000000003,1.900000000000001,0.09296458800221671
kalman,5,5,0,0,20,6,True,False,0.06990291679397065,0.9500000000000003,1.9000000000000004,0.10054028224471148
kalman,5,5,0,0,20,7,True,False,0.08249960012424551,0.9500000000000003,1.8999999999999992,0.09935875355652113
kalman,5,5,0,0,20,8,True,False,0.07632669488101995,0.9500000000000003,1.9000000000000008,0.11633875495185796
kalman,5,5,0,0,20,9,True,False,0.11321105846027035,0.9500000000000003,1.9000000000000006,0.07353882223987218
kalman,5,5,0,0,20,10,True,False,0.13912561744295449,0.9500000000000003,1.9000000000000008,0.0715475275627313
kalman,5,5,0,0,20,11,True,False,0.09646122456903616,0.9500000000000003,1.9000000000000004,0.08998199235461311
kalman,5,5,0,0,20,12,True,False,0.10029651266250905,1.0000000000000002,1.9999999999999998,0.07815895427207833
kalman,5,5,0,0,20,13,True,False,0.0777248553992369,0.9500000000000003,1.9000000000000001,0.11236726893970772
kalman,5,5,0,0,20,14,True,False,0.07834282696784256,1.0000000000000002,2.000000000000001,0.11880853218932456
kalman,5,5,0,0,20,15,True,False,0.041154007251870794,0.9500000000000003,1.9000000000000012,0.09277592073643026
kalman,5,5,0,0,20,16,True,False,0.10583531102464216,1.0000000000000002,1.9999999999999998,0.08446221214319478
kalman,5,5,0,0,20,17,True,False,0.12274273774010536,0.9500000000000003,1.8999999999999997,0.10420825334221322
kalman,5,5,0,0,20,18,True,False,0.04751887054963122,0.9500000000000003,1.8999999999999997,0.09450152318540946
kalman,5,5,0,0,20,19,True,False,0.058463311804884066,0.9500000000000003,1.8999999999999997,0.0787721236607358
kalman,5,5,0,0,20,20,True,False,0.08604516055047018,0.9500000000000003,1.8999999999999997,0.0905780350935523
kalman,5,5,0,0,20,21,True,False,0.13318979443340595,1.0000000000000002,2.0,0.07909252509988009
kalman,5,5,0,0,20,22,True,False,0.07698962597954373,0.9500000000000003,1.9000000000000006,0.11542795607329023
kalman,5,5,0,0,20,23,True,False,0.08507711977871701,0.9500000000000003,1.900000000000001,0.0853572244447233
kalman,5,5,0,0,20,24,True,False,0.09943307714506511,0.9500000000000003,1.8999999999999997,0.06468120687179534
kalman,5,5,0,0,20,25,True,False,0.04971462693527973,1.0000000000000002,2.0000000000000004,0.09797738890523627
kalman,5,5,0,0,20,26,True,False,0.10174027092987603,1.0000000000000002,1.9999999999999998,0.11071937134710783
kalman,5,5,0,0,20,27,True,False,0.15273425683541553,1.0000000000000002,1.9999999999999996,0.1049878589665587
kalman,5,5,0,0,20,28,True,False,0.08853172174679247,1.0000000000000002,2.0000000000000004,0.06961057953513929
kalman,5,5,0,0,20,29,True,False,0.13254722953062914,1.0000000000000002,1.9999999999999984,0.08972500418532069
kalman,5,5,0,0,20,30,True,False,0.07391385913761073,0.9500000000000003,1.8999999999999995,0.0758438599502847
kalman,5,5,0,0,20,31,True,False,0.1382243932575411,0.9500000000000003,1.899999999999999,0.08385142275678278
kalman,5,5,0,0,20,32,True,False,0.086259790894754,1.0000000000000002,2.0000000000000004,0.06745091240271375
kalman,5,5,0,0,20,33,True,False,0.05839424392480108,0.9500000000000003,1.9000000000000006,0.08852375957751821
kalman,5,5,0,0,20,34,True,False,0.10609709217870389,0.9500000000000003,1.9000000000000012,0.06701554712762399
kalman,5,5,0,0,20,35,True,False,0.048005685816633115,0.9500000000000003,1.9,0.09129508833595969
kalman,5,5,0,0,20,36,True,False,0.10521135412141125,1.0000000000000002,1.9999999999999998,0.08048775820872675
kalman,5,5,0,0,20,37,True,False,0.07918390907399298,0.9500000000000003,1.899999999999999,0.07388438649387363
kalman,5,5,0,0,20,38,True,False,0.0693762124129933,0.9500000000000003,1.900000000000001,0.08688696543268748
kalman,5,5,0,0,20,39,True,False,0.14115123047591127,1.0000000000000002,1.9999999999999998,0.06939666550733332
kalman,5,5,0,0,20,40,True,False,0.12633329792947268,1.0000000000000002,1.9999999999999978,0.07159105523651926
kalman,5,5,0,0,20,41,True,False,0.07794739492668779,1.0000000000000002,2.0000000000000004,0.1025686642843166
kalman,5,5,0,0,20,42,True,False,0.12967326026065829,1.0000000000000002,1.9999999999999993,0.08894016715150962
kalman,5,5,0,0,20,43,True,False,0.10012226176793426,0.9500000000000003,1.8999999999999997,0.08044414060823324
kalman,5,5,0,0,20,44,True,False,0.12020290707694348,1.0000000000000002,1.9999999999999996,0.07917809014790785
kalman,5,5,0,0,20,45,True,False,0.1385631633312101,0.9500000000000003,1.9000000000000008,0.07865518014467868
kalman,5,5,0,0,20,46,True,False,0.09765888193599603,1.0000000000000002,1.9999999999999982,0.06483232822987448
kalman,5,5,0,0,20,47,True,False,0.1288764092045065,0.9500000000000003,1.9000000000000008,0.10047577332700537
kalman,5,5,0,0,20,48,True,False,0.06987793697645683,1.0000000000000002,2.0,0.08180339853179942
kalman,5,5,0,0,20,49,True,False,0.0950597576567509,1.0000000000000002,2.000000000000001,0.10270018587495067
kalman,5,5,0,0,20,50,True,False,0.08502937551860779,0.9500000000000003,1.8999999999999988,0.10783095310792767
kalman,5,5,0,0,20,51,True,False,0.13030782753282,1.0000000000000002,1.9739902859704934,0.08394036829560689
kalman,5,5,0,0,20,52,True,False,0.08564602397842291,0.9500000000000003,1.8999999999999992,0.06846190802377948
kalman,5,5,0,0,20,53,True,False,0.08143202633795754,1.0000000000000002,2.000000000000001,0.09591627515692713
kalman,5,5,0,0,20,54,True,False,0.12221039916794152,1.0000000000000002,1.9999999999999978,0.08778888354341086
kalman,5,5,0,0,20,55,True,False,0.12989871025335886,1.0000000000000002,2.0,0.1327893641868333
kalman,5,5,0,0,20,56,True,False,0.054441979326328216,0.9500000000000003,1.9000000000000008,0.08989696583444748
kalman,5,5,0,0,20,57,True,False,0.07765929415125128,0.9500000000000003,1.9000000000000006,0.0626529250214777
kalman,5,5,0,0,20,58,True,False,0.11182025943372387,1.0000000000000002,2.0000000000000018,0.08053713912558144
kalman,5,5,0,0,20,59,True,False,0.03372836861473805,0.9500000000000003,1.8999999999999992,0.09432068120066024
kalman,5,5,0,0,20,60,True,False,0.03951788400286138,0.9500000000000003,1.8999999999999997,0.0834795633817491
kalman,5,5,0,0,20,61,True,False,0.07078151659001919,1.0000000000000002,2.0000000000000004,0.10457350740727285
kalman,5,5,0,0,20,62,True,False,0.08431038791503842,1.0000000000000002,1.9999999999999998,0.08750457863406844
kalman,5,5,0,0,20,63,True,False,0.07620309019774818,0.9500000000000003,1.8999999999999981,0.0945861339150715
kalman,5,5,0,0,20,64,True,False,0.11141405747846078,1.0000000000000002,2.0000000000000004,0.07314159326077403
kalman,5,5,0,0,20,65,True,False,0.11744840444344185,1.0000000000000002,2.0,0.0981580318391935
kalman,5,5,0,0,20,66,True,False,0.09051394123702794,0.9500000000000003,1.899999999999999,0.07804483402424812
kalman,5,5,0,0,20,67,True,False,0.07442955647048421,0.9500000000000003,1.9000000000000012,0.09157302710089928
kalman,5,5,0,0,20,68,True,False,0.047352232476582934,1.0000000000000002,2.0000000000000027,0.08413330605577422
kalman,5,5,0,0,20,69,True,False,0.07775087691516647,0.9500000000000003,1.9000000000000006,0.08460404557432732
kalman,5,5,0,0,20,70,True,False,0.1257575654445946,0.9500000000000003,1.900000000000001,0.08458922410620401
kalman,5,5,0,0,20,71,True,False,0.11320902422458201,0.9500000000000003,1.8999999999999984,0.055624701619565
kalman,5,5,0,0,20,72,True,False,0.13353604751018477,0.9500000000000003,1.9000000000000008,0.0743068246337293
kalman,5,5,0,0,20,73,True,False,0.11692720447989191,1.0000000000000002,1.9999999999999996,0.07883996853282914
kalman,5,5,0,0,20,74,True,False,0.08868582888488774,0.9500000000000003,1.9000000000000012,0.08654594745316813
kalman,5,5,0,0,20,75,True,False,0.11453704878013404,0.9500000000000003,1.9,0.06166188871534219
kalman,5,5,0,0,20,76,True,False,0.07079114249996765,0.9500000000000003,1.9000000000000004,0.08884969758570568
kalman,5,5,0,0,20,77,True,False,0.13383700367264817,1.0000000000000002,1.9999999999999996,0.08061918192022027
kalman,5,5,0,0,20,78,True,False,0.04949262421475997,0.9500000000000003,1.900000000000002,0.07647732877853322
kalman,5,5,0,0,20,79,True,False,0.07431351317720347,0.9500000000000003,1.9000000000000001,0.08219524408856486
kalman,5,5,0,0,20,80,True,False,0.11635575389926167,1.0000000000000002,2.0,0.09831109832268661
kalman,5,5,0,0,20,81,True,False,0.0893429473786218,1.0000000000000002,1.9999999999999991,0.08550027609849892
kalman,5,5,0,0,20,82,True,False,0.10929033223980378,1.0000000000000002,2.0000000000000013,0.087542802801316
kalman,5,5,0,0,20,83,True,False,0.11856057547199184,1.0000000000000002,2.0000000000000013,0.07549623966344791
kalman,5,5,0,0,20,84,True,False,0.13782059390603685,1.0000000000000002,1.9999999999999993,0.07712447833112411
kalman,5,5,0,0,20,85,True,False,0.15485986846363664,1.0000000000000002,2.000000000000001,0.09537254051817433
kalman,5,5,0,0,20,86,True,False,0.04896604233362756,1.0000000000000002,2.0000000000000004,0.09015085530106616
kalman,5,5,0,0,20,87,True,False,0.1442837713791707,1.0000000000000002,2.0,0.08848535897895812
kalman,5,5,0,0,20,88,True,False,0.12648067375740246,1.0000000000000002,2.0000000000000004,0.06253113209092619
kalman,5,5,0,0,20,89,True,False,0.08939135254815977,0.9500000000000003,1.899999999999999,0.07275308062434799
kalman,5,5,0,0,20,90,True,False,0.08610704969519833,0.9500000000000003,1.9000000000000001,0.1091872383707445
kalman,5,5,0,0,20,91,True,False,0.0744236106527647,1.0000000000000002,1.9999999999999984,0.08737585813358528
kalman,5,5,0,0,20,92,True,False,0.09354174595783005,0.9500000000000003,1.8999999999999995,0.09949955691148264
kalman,5,5,0,0,20,93,True,False,0.08499582630039404,0.9500000000000003,1.9000000000000008,0.07652899121167536
kalman,5,5,0,0,20,94,True,False,0.1336844487237665,1.0000000000000002,2.000000000000001,0.07594927738638953
kalman,5,5,0,0,20,95,True,False,0.1626508714167667,1.0000000000000002,2.0000000000000004,0.08751749340724901
kalman,5,5,0,0,20,96,True,False,0.05839563849931828,0.9500000000000003,1.9000000000000001,0.11526902832092419
kalman,5,5,0,0,20,97,True,False,0.1225394362203398,0.9500000000000003,1.900000000000001,0.09082062162026752
kalman,5,5,0,0,20,98,True,False,0.06854122028351428,0.9500000000000003,1.8999999999999995,0.06676583414928668
kalman,5,5,0,0,20,99,True,False,0.07221804909180718,1.0000000000000002,1.999999999999999,0.08068271734296531
kalman,5,5,0,0,20,100,True,False,0.05442531043038756,0.9500000000000003,1.9000000000000006,0.09170905702608927
ground_truth,5,7,0,0,20,1,True,False,0.0932591781715284,0.9500000000000003,1.9,
ground_truth,5,7,0,0,20,2,True,False,0.0932591781715284,0.9500000000000003,1.9,
ground_truth,5,7,0,0,20,3,True,False,0.0932591781715284,0.9500000000000003,1.9,
ground_truth,5,7,0,0,20,4,True,False,0.0932591781715284,0.9500000000000003,1.9,
ground_truth,5,7,0,0,20,5,True,False,0.0932591781715284,0.9500000000000003,1.9,
ground_truth,5,7,0,0,20,6,True,False,0.0932591781715284,0.9500000000000003,1.9,
ground_truth,5,7,0,0,20,7,True,False,0.0932591781715284,0.9500000000000003,1.9,
ground_truth,5,7,0,0,20,8,True,False,0.0932591781715284,0.9500000000000003,1.9,
ground_truth,5,7,0,0,20,9,True,False,0.0932591781715284,0.9500000000000003,1.9,
ground_truth,5,7,0,0,20,10,True,False,0.0932591781715284,0.9500000000000003,1.9,
ground_truth,5,7,0,0,20,11,True,False,0.0932591781715284,0.9500000000000003,1.9,
ground_truth,5,7,0,0,20,12,True,False,0.0932591781715284,0.9500000000000003,1.9,
ground_truth,5,7,0,0,20,13,True,False,0.0932591781715284,0.9500000000000003,1.9,
ground_truth,5,7,0,0,20,14,True,False,0.0932591781715284,0.9500000000000003,1.9,
ground_truth,5,7,0,0,20,15,True,False,0.0932591781715284,0.9500000000000003,1.9,
ground_truth,5,7,0,0,20,16,True,False,0.0932591781715284,0.9500000000000003,1.9,
ground_truth,5,7,0,0,20,17,True,False,0.0932591781715284,0.9500000000000003,1.9,
ground_truth,5,7,0,0,20,18,True,False,0.0932591781715284,0.9500000000000003,1.9,
ground_truth,5,7,0,0,20,19,True,False,0.0932591781715284,0.9500000000000003,1.9,
ground_truth,5,7,0,0,20,20,True,False,0.0932591781715284,0.9500000000000003,1.9,
ground_truth,5,7,0,0,20,21,True,False,0.0932591781715284,0.9500000000000003,1.9,
ground_truth,5,7,0,0,20,22,True,False,0.0932591781715284,0.9500000000000003,1.9,
ground_truth,5,7,0,0,20,23,True,False,0.0932591781715284,0.9500000000000003,1.9,
ground_truth,5,7,0,0,20,24,True,False,0.0932591781715284,0.9500000000000003,1.9,
ground_truth,5,7,0,0,20,25,True,False,0.0932591781715284,0.9500000000000003,1.9,
ground_truth,5,7,0,0,20,26,True,False,0.0932591781715284,0.9500000000000003,1.9,
ground_truth,5,7,0,0,20,27,True,False,0.0932591781715284,0.9500000000000003,1.9,
ground_truth,5,7,0,0,20,28,True,False,0.0932591781715284,0.9500000000000003,1.9,
ground_truth,5,7,0,0,20,29,True,False,0.0932591781715284,0.9500000000000003,1.9,
ground_truth,5,7,0,0,20,30,True,False,0.0932591781715284,0.9500000000000003,1.9,
ground_truth,5,7,0,0,20,31,True,False,0.0932591781715284,0.9500000000000003,1.9,
ground_truth,5,7,0,0,20,32,True,False,0.0932591781715284,0.9500000000000003,1.9,
ground_truth,5,7,0,0,20,33,True,False,0.0932591781715284,0.9500000000000003,1.9,
ground_truth,5,7,0,0,20,34,True,False,0.0932591781715284,0.9500000000000003,1.9,
ground_truth,5,7,0,0,20,35,True,False,0.0932591781715284,0.9500000000000003,1.9,
ground_truth,5,7,0,0,20,36,True,False,0.0932591781715284,0.9500000000000003,1.9,
ground_truth,5,7,0,0,20,37,True,False,0.0932591781715284,0.9500000000000003,1.9,
ground_truth,5,7,0,0,20,38,True,False,0.0932591781715284,0.9500000000000003,1.9,
ground_truth,5,7,0,0,20,39,True,False,0.0932591781715284,0.9500000000000003,1.9,
ground_truth,5,7,0,0,20,40,True,False,0.0932591781715284,0.9500000000000003,1.9,
ground_truth,5,7,0,0,20,41,True,False,0.0932591781715284,0.9500000000000003,1.9,
ground_truth,5,7,0,0,20,42,True,False,0.0932591781715284,0.9500000000000003,1.9,
ground_truth,5,7,0,0,20,43,True,False,0.0932591781715284,0.9500000000000003,1.9,
ground_truth,5,7,0,0,20,44,True,False,0.0932591781715284,0.9500000000000003,1.9,
ground_truth,5,7,0,0,20,45,True,False,0.0932591781715284,0.9500000000000003,1.9,
ground_truth,5,7,0,0,20,46,True,False,0.0932591781715284,0.9500000000000003,1.9,
ground_truth,5,7,0,0,20,47,True,False,0.0932591781715284,0.9500000000000003,1.9,
ground_truth,5,7,0,0,20,48,True,False,0.0932591781715284,0.9500000000000003,1.9,
ground_truth,5,7,0,0,20,49,True,False,0.0932591781715284,0.9500000000000003,1.9,
ground_truth,5,7,0,0,20,50,True,False,0.0932591781715284,0.9500000000000003,1.9,
ground_truth,5,7,0,0,20,51,True,False,0.0932591781715284,0.9500000000000003,1.9,
ground_truth,5,7,0,0,20,52,True,False,0.0932591781715284,0.9500000000000003,1.9,
ground_truth,5,7,0,0,20,53,True,False,0.0932591781715284,0.9500000000000003,1.9,
ground_truth,5,7,0,0,20,54,True,False,0.0932591781715284,0.9500000000000003,1.9,
ground_truth,5,7,0,0,20,55,True,False,0.0932591781715284,0.9500000000000003,1.9,
ground_truth,5,7,0,0,20,56,True,False,0.0932591781715284,0.9500000000000003,1.9,
ground_truth,5,7,0,0,20,57,True,False,0.0932591781715284,0.9500000000000003,1.9,
ground_truth,5,7,0,0,20,58,True,False,0.0932591781715284,0.9500000000000003,1.9,
ground_truth,5,7,0,0,20,59,True,False,0.0932591781715284,0.9500000000000003,1.9,
ground_truth,5,7,0,0,20,60,True,False,0.0932591781715284,0.9500000000000003,1.9,
ground_truth,5,7,0,0,20,61,True,False,0.0932591781715284,0.9500000000000003,1.9,
ground_truth,5,7,0,0,20,62,True,False,0.0932591781715284,0.9500000000000003,1.9,
ground_truth,5,7,0,0,20,63,True,False,0.0932591781715284,0.9500000000000003,1.9,
ground_truth,5,7,0,0,20,64,True,False,0.0932591781715284,0.9500000000000003,1.9,
ground_truth,5,7,0,0,20,65,True,False,0.0932591781715284,0.9500000000000003,1.9,
ground_truth,5,7,0,0,20,66,True,False,0.0932591781715284,0.9500000000000003,1.9,
ground_truth,5,7,0,0,20,67,True,False,0.0932591781715284,0.9500000000000003,1.9,
ground_truth,5,7,0,0,20,68,True,False,0.0932591781715284,0.9500000000000003,1.9,
ground_truth,5,7,0,0,20,69,True,False,0.0932591781715284,0.9500000000000003,1.9,
ground_truth,5,7,0,0,20,70,True,False,0.0932591781715284,0.9500000000000003,1.9,
ground_truth,5,7,0,0,20,71,True,False,0.0932591781715284,0.9500000000000003,1.9,
ground_truth,5,7,0,0,20,72,True,False,0.0932591781715284,0.9500000000000003,1.9,
ground_truth,5,7,0,0,20,73,True,False,0.0932591781715284,0.9500000000000003,1.9,
ground_truth,5,7,0,0,20,74,True,False,0.0932591781715284,0.9500000000000003,1.9,
ground_truth,5,7,0,0,20,75,True,False,0.0932591781715284,0.9500000000000003,1.9,
ground_truth,5,7,0,0,20,76,True,False,0.0932591781715284,0.9500000000000003,1.9,
ground_truth,5,7,0,0,20,77,True,False,0.0932591781715284,0.9500000000000003,1.9,
ground_truth,5,7,0,0,20,78,True,False,0.0932591781715284,0.9500000000000003,1.9,
ground_truth,5,7,0,0,20,79,True,False,0.0932591781715284,0.9500000000000003,1.9,
ground_truth,5,7,0,0,20,80,True,False,0.0932591781715284,0.9500000000000003,1.9,
ground_truth,5,7,0,0,20,81,True,False,0.0932591781715284,0.9500000000000003,1.9,
ground_truth,5,7,0,0,20,82,True,False,0.0932591781715284,0.9500000000000003,1.9,
ground_truth,5,7,0,0,20,83,True,False,0.0932591781715284,0.9500000000000003,1.9,
ground_truth,5,7,0,0,20,84,True,False,0.0932591781715284,0.9500000000000003,1.9,
ground_truth,5,7,0,0,20,85,True,False,0.0932591781715284,0.9500000000000003,1.9,
ground_truth,5,7,0,0,20,86,True,False,0.0932591781715284,0.9500000000000003,1.9,
ground_truth,5,7,0,0,20,87,True,False,0.0932591781715284,0.9500000000000003,1.9,
ground_truth,5,7,0,0,20,88,True,False,0.0932591781715284,0.9500000000000003,1.9,
ground_truth,5,7,0,0,20,89,True,False,0.0932591781715284,0.9500000000000003,1.9,
ground_truth,5,7,0,0,20,90,True,False,0.0932591781715284,0.9500000000000003,1.9,
ground_truth,5,7,0,0,20,91,True,False,0.0932591781715284,0.9500000000000003,1.9,
ground_truth,5,7,0,0,20,92,True,False,0.0932591781715284,0.9500000000000003,1.9,
ground_truth,5,7,0,0,20,93,True,False,0.0932591781715284,0.9500000000000003,1.9,
ground_truth,5,7,0,0,20,94,True,False,0.0932591781715284,0.9500000000000003,1.9,
ground_truth,5,7,0,0,20,95,True,False,0.0932591781715284,0.9500000000000003,1.9,
ground_truth,5,7,0,0,20,96,True,False,0.0932591781715284,0.9500000000000003,1.9,
ground_truth,5,7,0,0,20,97,True,False,0.0932591781715284,0.9500000000000003,1.9,
ground_truth,5,7,0,0,20,98,True,False,0.0932591781715284,0.9500000000000003,1.9,
ground_truth,5,7,0,0,20,99,True,False,0.0932591781715284,0.9500000000000003,1.9,
ground_truth,5,7,0,0,20,100,True,False,0.0932591781715284,0.9500000000000003,1.9,
noisy,5,7,0,0,20,1,True,False,0.1196514121232235,0.9500000000000003,1.9,0.14155961647966062
noisy,5,7,0,0,20,2,True,False,0.09484398069168876,1.0000000000000002,1.9999999999999976,0.12775680122115962
noisy,5,7,0,0,20,3,True,False,0.08109931396397552,0.9500000000000003,1.9000000000000001,0.16991641472889935
noisy,5,7,0,0,20,4,True,False,0.0751978526206456,0.9500000000000003,1.9,0.13185120404421283
noisy,5,7,0,0,20,5,True,False,0.12719722930539357,1.0000000000000002,1.9783299121318436,0.13789288594863064
noisy,5,7,0,0,20,6,True,False,0.09371196025770767,1.0000000000000002,1.9999999999999996,0.13453941633423305
noisy,5,7,0,0,20,7,True,False,0.09694862329248854,1.0000000000000002,2.000000000000001,0.1251623959211466
noisy,5,7,0,0,20,8,True,False,0.0694456745699703,0.9500000000000003,1.8979726760991715,0.1699331866261767
noisy,5,7,0,0,20,9,True,False,0.10378784155423637,0.9500000000000003,1.8999999999999986,0.12518083116720996
noisy,5,7,0,0,20,10,True,False,0.12136984070684798,0.9500000000000003,1.9000000000000006,0.11318970408332703
noisy,5,7,0,0,20,11,True,False,0.10517707770268503,1.0000000000000002,1.973818855232651,0.13751631332604453
noisy,5,7,0,0,20,12,True,False,0.11876483677536886,1.0000000000000002,1.9999999999999996,0.12734689010489375
noisy,5,7,0,0,20,13,True,False,0.07950468785875264,1.0000000000000002,1.9999999999999991,0.1487624674161416
noisy,5,7,0,0,20,14,True,False,0.08789056817858087,1.0000000000000002,1.9999999999999993,0.15542678682017796
noisy,5,7,0,0,20,15,True,False,0.05986441521806696,0.9500000000000003,1.9000000000000001,0.13917514580403273
noisy,5,7,0,0,20,16,True,False,0.10231119175731163,1.0000000000000002,1.9910220163137136,0.12962962877675666
noisy,5,7,0,0,20,17,True,False,0.08502157128251087,0.9500000000000003,1.8453033805618353,0.15080160862939396
noisy,5,7,0,0,20,18,True,False,0.0773459862314938,0.9500000000000003,1.8999999999999997,0.14768263907682708
noisy,5,7,0,0,20,19,True,False,0.06932098111056617,0.9500000000000003,1.8999999999999995,0.12245667610467936
noisy,5,7,0,0,20,20,True,False,0.07511735390393515,0.9500000000000003,1.8999999999999986,0.16496061501203668
noisy,5,7,0,0,20,21,True,False,0.11350427496758697,1.0000000000000002,1.999999999999999,0.14037349669281163
noisy,5,7,0,0,20,22,True,False,0.10482638344042083,1.0000000000000002,2.0,0.16464359484890287
noisy,5,7,0,0,20,23,True,False,0.09971721637187803,0.9500000000000003,1.9,0.14537658514846583
noisy,5,7,0,0,20,24,True,False,0.10889834834377221,0.9500000000000003,1.899999999999999,0.15491195118875908
noisy,5,7,0,0,20,25,True,False,0.07526714887053432,1.0000000000000002,2.0,0.13472035104102723
noisy,5,7,0,0,20,26,True,False,0.10276211174822691,1.0000000000000002,1.9999999999999987,0.17656387997075557
noisy,5,7,0,0,20,27,True,False,0.14656652206214926,1.0000000000000002,2.0,0.13001113766622027
noisy,5,7,0,0,20,28,True,False,0.08224061044623765,1.0000000000000002,1.9999999999999996,0.1474513815563938
noisy,5,7,0,0,20,29,True,False,0.08149709253718229,1.0000000000000002,1.9787071656350326,0.16233673368175774
noisy,5,7,0,0,20,30,True,False,0.08237127468440275,0.9500000000000003,1.9000000000000017,0.11540845258140664
noisy,5,7,0,0,20,31,True,False,0.11333883778993026,1.0000000000000002,2.0000000000000004,0.12295387920467847
noisy,5,7,0,0,20,32,True,False,0.09939696729620007,0.9500000000000003,1.9000000000000004,0.14921312118418573
noisy,5,7,0,0,20,33,True,False,0.06737402358339661,0.9500000000000003,1.9000000000000004,0.12447814313958473
noisy,5,7,0,0,20,34,True,False,0.10560290013352747,0.9500000000000003,1.899999999999998,0.11908204166064328
noisy,5,7,0,0,20,35,True,False,0.06921877982132929,0.9500000000000003,1.9,0.14283057593651005
noisy,5,7,0,0,20,36,True,False,0.11707260379873818,1.0000000000000002,2.0,0.1281257136313594
noisy,5,7,0,0,20,37,True,False,0.10713637980814061,0.9500000000000003,1.9,0.143570332180715
noisy,5,7,0,0,20,38,True,False,0.0777543590921348,0.9500000000000003,1.900000000000001,0.1407962516097873
noisy,5,7,0,0,20,39,True,False,0.12811519988487596,1.0000000000000002,1.975367642245534,0.1322084527400719
noisy,5,7,0,0,20,40,True,False,0.10745379549654488,1.0000000000000002,1.9999999999999991,0.13181161254694487
noisy,5,7,0,0,20,41,True,False,0.0781021507805919,1.0000000000000002,2.0,0.1289770314188001
noisy,5,7,0,0,20,42,True,False,0.1088230035014619,1.0000000000000002,1.9999999999999998,0.12211173663175465
noisy,5,7,0,0,20,43,True,False,0.1044572419555363,0.9500000000000003,1.9000000000000004,0.1295810000631869
noisy,5,7,0,0,20,44,True,False,0.10951840414294622,1.0000000000000002,1.9978878985122384,0.12437631463903381
noisy,5,7,0,0,20,45,True,False,0.11504049055228349,0.9500000000000003,1.8999999999999988,0.12087642575393988
noisy,5,7,0,0,20,46,True,False,0.1026771195306162,1.0000000000000002,2.0000000000000004,0.14602855914615678
noisy,5,7,0,0,20,47,True,False,0.11932353530943329,0.9500000000000003,1.8936730131131172,0.13283791473598305
noisy,5,7,0,0,20,48,True,False,0.07348233949042005,1.0000000000000002,1.9999999999999998,0.13567567129780894
noisy,5,7,0,0,20,49,True,False,0.11460641270041316,1.0000000000000002,2.0,0.13682487553122696
noisy,5,7,0,0,20,50,True,False,0.10796375064295916,1.0000000000000002,1.9999999999999996,0.15918635406325857
noisy,5,7,0,0,20,51,True,False,0.09473405087746656,1.0000000000000002,1.988629772411119,0.1583211075680237
noisy,5,7,0,0,20,52,True,False,0.10469988212456349,1.0000000000000002,2.0000000000000013,0.1382763116487606
noisy,5,7,0,0,20,53,True,False,0.08598704464453455,1.0000000000000002,2.0000000000000018,0.15710494164975636
noisy,5,7,0,0,20,54,True,False,0.11906942370248208,1.0000000000000002,2.0,0.13109058086488823
noisy,5,7,0,0,20,55,True,False,0.1596525597406735,1.0000000000000002,2.0000000000000013,0.17231564177410524
noisy,5,7,0,0,20,56,True,False,0.07561037570111284,0.9500000000000003,1.9000000000000004,0.14116759438684992
noisy,5,7,0,0,20,57,True,False,0.060305762753411374,0.9500000000000003,1.9000000000000015,0.12888929372888602
noisy,5,7,0,0,20,58,True,False,0.12036535379547963,1.0000000000000002,2.0000000000000004,0.13853495796798324
noisy,5,7,0,0,20,59,True,False,0.033730538847336344,0.9500000000000003,1.8999999999999995,0.13412623652257435
noisy,5,7,0,0,20,60,True,False,0.05970655648577905,1.0000000000000002,1.9999999999999991,0.13795024286324778
noisy,5,7,0,0,20,61,True,False,0.10201030463730465,1.0000000000000002,1.9999999999999996,0.14622670016890563
noisy,5,7,0,0,20,62,True,False,0.10000248380510901,1.0000000000000002,2.0000000000000004,0.13271859553624815
noisy,5,7,0,0,20,63,True,False,0.08659503785568123,0.9500000000000003,1.9000000000000006,0.14195897642263341
noisy,5,7,0,0,20,64,True,False,0.10741447816405936,1.0000000000000002,2.000000000000001,0.1334972534621338
noisy,5,7,0,0,20,65,True,False,0.12748427778171312,1.0000000000000002,2.0,0.1476058246707667
noisy,5,7,0,0,20,66,True,False,0.10109162376478431,1.0000000000000002,1.9626052728607355,0.13629870780980083
noisy,5,7,0,0,20,67,True,False,0.08312432634026945,0.9500000000000003,1.8641269727565257,0.12860974410913192
noisy,5,7,0,0,20,68,True,False,0.06126252915236319,1.0000000000000002,2.0000000000000004,0.12445833761202559
noisy,5,7,0,0,20,69,True,False,0.08203348424615609,0.9500000000000003,1.9000000000000001,0.12941491691832047
noisy,5,7,0,0,20,70,True,False,0.08961165335755372,0.9500000000000003,1.9000000000000004,0.11135626796044179
noisy,5,7,0,0,20,71,True,False,0.09391820896526237,0.9500000000000003,1.9000000000000012,0.1158992496997955
noisy,5,7,0,0,20,72,True,False,0.11660138595575353,1.0000000000000002,2.0,0.1302956118434494
noisy,5,7,0,0,20,73,True,False,0.09674756573898824,1.0000000000000002,1.978641562804669,0.14244897186680933
noisy,5,7,0,0,20,74,True,False,0.08838473357054255,0.9500000000000003,1.9000000000000006,0.15482708700059208
noisy,5,7,0,0,20,75,True,False,0.12469689036382925,1.0000000000000002,1.999999999999999,0.1292236151082908
noisy,5,7,0,0,20,76,True,False,0.08991626302394229,0.9500000000000003,1.8999999999999992,0.14104771883491674
noisy,5,7,0,0,20,77,True,False,0.1482952990238342,1.0000000000000002,1.9999999999999982,0.12141568876057128
noisy,5,7,0,0,20,78,True,False,0.05727865395113518,1.0000000000000002,1.9999999999999991,0.09530057846397613
noisy,5,7,0,0,20,79,True,False,0.09909343608915955,1.0000000000000002,1.9999999999999998,0.13099479254513346
noisy,5,7,0,0,20,80,True,False,0.12277954097796351,1.0000000000000002,1.9964082363295472,0.13936641234376607
noisy,5,7,0,0,20,81,True,False,0.09826684216980186,1.0000000000000002,2.0,0.13145041406314284
noisy,5,7,0,0,20,82,True,False,0.13991831251099218,1.0000000000000002,2.0000000000000004,0.14233277004420325
noisy,5,7,0,0,20,83,True,False,0.11580996802469379,1.0000000000000002,2.0000000000000004,0.11518807788973175
noisy,5,7,0,0,20,84,True,False,0.09191648556080834,0.9500000000000003,1.9000000000000008,0.14184879033118475
noisy,5,7,0,0,20,85,True,False,0.1460081149117991,1.0000000000000002,1.9587906147582403,0.14443662167575025
noisy,5,7,0,0,20,86,True,False,0.042411690677820024,0.9500000000000003,1.9,0.14617154287004824
noisy,5,7,0,0,20,87,True,False,0.1064209406993355,1.0000000000000002,2.0000000000000004,0.12463075977912629
noisy,5,7,0,0,20,88,True,False,0.09544730972336057,0.9500000000000003,1.899999999999999,0.1194457452383778
noisy,5,7,0,0,20,89,True,False,0.09625835119340742,1.0000000000000002,1.9999999999999987,0.12408870965629817
noisy,5,7,0,0,20,90,True,False,0.08160442716856853,0.9500000000000003,1.8969650557453561,0.16450022693456298
noisy,5,7,0,0,20,91,True,False,0.06660276708792567,0.9500000000000003,1.900000000000001,0.12742085968563752
noisy,5,7,0,0,20,92,True,False,0.09005389072337255,0.9500000000000003,1.900000000000001,0.1356749764287098
noisy,5,7,0,0,20,93,True,False,0.09638440220507238,1.0000000000000002,2.000000000000001,0.12151141799560582
noisy,5,7,0,0,20,94,True,False,0.12078649882935677,1.0000000000000002,2.0000000000000004,0.12931798592573987
noisy,5,7,0,0,20,95,True,False,0.13358350098292537,1.0000000000000002,2.0,0.14073539750248742
noisy,5,7,0,0,20,96,True,False,0.06234887628156138,0.9500000000000003,1.8999999999999997,0.12948495256702036
noisy,5,7,0,0,20,97,True,False,0.1005922527133829,0.9500000000000003,1.9000000000000006,0.15108564453367154
noisy,5,7,0,0,20,98,True,False,0.08797123832776266,0.9500000000000003,1.9000000000000001,0.12351929581307948
noisy,5,7,0,0,20,99,True,False,0.07795414345897078,0.9500000000000003,1.9000000000000001,0.12974552538403422
noisy,5,7,0,0,20,100,True,False,0.047634515124258536,1.0000000000000002,2.0000000000000004,0.1472379472550378
kalman,5,7,0,0,20,1,True,False,0.10279811667749938,0.9500000000000003,1.8999999999999997,0.08680647732051588
kalman,5,7,0,0,20,2,True,False,0.0798549959133037,0.9500000000000003,1.9000000000000006,0.09785009567577146
kalman,5,7,0,0,20,3,True,False,0.07061291942248893,0.9500000000000003,1.8999999999999981,0.11679234261616585
kalman,5,7,0,0,20,4,True,False,0.06818656909209242,0.9500000000000003,1.9000000000000006,0.06860634172994808
kalman,5,7,0,0,20,5,True,False,0.14532962969073848,1.0000000000000002,1.9999999999999993,0.09269242858088853
kalman,5,7,0,0,20,6,True,False,0.0735327742864249,1.0000000000000002,2.000000000000002,0.09987778264275772
kalman,5,7,0,0,20,7,True,False,0.08609242178216547,1.0000000000000002,2.000000000000001,0.09825226222872367
kalman,5,7,0,0,20,8,True,False,0.0799973206988358,0.9500000000000003,1.9000000000000004,0.11633875495185796
kalman,5,7,0,0,20,9,True,False,0.11744965140595331,0.9500000000000003,1.9,0.07353882223987218
kalman,5,7,0,0,20,10,True,False,0.14325927519577264,0.9500000000000003,1.9000000000000001,0.0715475275627313
kalman,5,7,0,0,20,11,True,False,0.10023349042818097,0.9500000000000003,1.9000000000000001,0.08998199235461311
kalman,5,7,0,0,20,12,True,False,0.10423903796151213,1.0000000000000002,2.000000000000002,0.07815895427207833
kalman,5,7,0,0,20,13,True,False,0.08144097766060066,0.9500000000000003,1.8999999999999988,0.11236726893970772
kalman,5,7,0,0,20,14,True,False,0.08056320461409916,1.0000000000000002,2.0000000000000018,0.11880853218932456
kalman,5,7,0,0,20,15,True,False,0.043650807725793994,0.9500000000000003,1.8999999999999986,0.09277592073643026
kalman,5,7,0,0,20,16,True,False,0.10840572429024031,1.0000000000000002,2.000000000000001,0.08446221214319478
kalman,5,7,0,0,20,17,True,False,0.12751129074286882,0.9500000000000003,1.900000000000001,0.10420825334221322
kalman,5,7,0,0,20,18,True,False,0.05070392825423875,0.9500000000000003,1.9000000000000012,0.09450152318540946
kalman,5,7,0,0,20,19,True,False,0.06166566174450838,0.9500000000000003,1.9000000000000004,0.0787721236607358
kalman,5,7,0,0,20,20,True,False,0.09013021480974115,0.9500000000000003,1.8999999999999995,0.0905780350935523
kalman,5,7,0,0,20,21,True,False,0.1359827834085643,1.0000000000000002,1.999999999999998,0.07909252509988009
kalman,5,7,0,0,20,22,True,False,0.07959827862152058,0.9500000000000003,1.9000000000000004,0.11542795607329023
kalman,5,7,0,0,20,23,True,False,0.08874322373789134,0.9500000000000003,1.9000000000000004,0.0853572244447233
kalman,5,7,0,0,20,24,True,False,0.10294964568537313,0.9500000000000003,1.8999999999999992,0.06468120687179534
kalman,5,7,0,0,20,25,True,False,0.05298469804981387,1.0000000000000002,2.0000000000000013,0.09797738890523627
kalman,5,7,0,0,20,26,True,False,0.10360979707284934,1.0000000000000002,1.9999999999999998,0.11071937134710783
kalman,5,7,0,0,20,27,True,False,0.15709032802059375,1.0000000000000002,2.000000000000001,0.1049878589665587
kalman,5,7,0,0,20,28,True,False,0.09147562230835504,1.0000000000000002,1.9999999999999991,0.06961057953513929
kalman,5,7,0,0,20,29,True,False,0.13662044051630362,1.0000000000000002,1.9999999999999998,0.08972500418532069
kalman,5,7,0,0,20,30,True,False,0.07708593469880864,0.9500000000000003,1.9000000000000021,0.0758438599502847
kalman,5,7,0,0,20,31,True,False,0.13927856207569844,1.0000000000000002,1.9999999999999998,0.08250440968046382
kalman,5,7,0,0,20,32,True,False,0.0890610844723343,1.0000000000000002,2.000000000000001,0.06745091240271375
kalman,5,7,0,0,20,33,True,False,0.06191318540388524,0.9500000000000003,1.899999999999999,0.08852375957751821
kalman,5,7,0,0,20,34,True,False,0.10983887729219366,0.9500000000000003,1.9000000000000004,0.06701554712762399
kalman,5,7,0,0,20,35,True,False,0.05138187654705795,0.9500000000000003,1.8999999999999977,0.09129508833595969
kalman,5,7,0,0,20,36,True,False,0.10870437416633671,1.0000000000000002,1.9999999999999984,0.08048775820872675
kalman,5,7,0,0,20,37,True,False,0.08254563436679674,0.9500000000000003,1.9000000000000006,0.07388438649387363
kalman,5,7,0,0,20,38,True,False,0.07291345278222527,0.9500000000000003,1.8999999999999995,0.08688696543268748
kalman,5,7,0,0,20,39,True,False,0.14436136818958611,1.0000000000000002,2.000000000000001,0.06939666550733332
kalman,5,7,0,0,20,40,True,False,0.1303589165752479,1.0000000000000002,2.0000000000000013,0.07159105523651926
kalman,5,7,0,0,20,41,True,False,0.08158030704103325,1.0000000000000002,1.9999999999999993,0.1025686642843166
kalman,5,7,0,0,20,42,True,False,0.13388257065721887,1.0000000000000002,1.9999999999999991,0.08894016715150962
kalman,5,7,0,0,20,43,True,False,0.10375082167932659,0.9500000000000003,1.9000000000000006,0.08044414060823324
kalman,5,7,0,0,20,44,True,False,0.12377553421975374,1.0000000000000002,1.9999999999999993,0.07917809014790785
kalman,5,7,0,0,20,45,True,False,0.14280729387923752,0.9500000000000003,1.9000000000000001,0.07865518014467868
kalman,5,7,0,0,20,46,True,False,0.10085782150103406,1.0000000000000002,1.9999999999999991,0.06483232822987448
kalman,5,7,0,0,20,47,True,False,0.13378312428458616,0.9500000000000003,1.9,0.10047577332700537
kalman,5,7,0,0,20,48,True,False,0.07300517927413752,1.0000000000000002,1.9999999999999996,0.08180339853179942
kalman,5,7,0,0,20,49,True,False,0.09902678279564636,1.0000000000000002,2.000000000000001,0.10270018587495067
kalman,5,7,0,0,20,50,True,False,0.08867289740221196,0.9500000000000003,1.8999999999999995,0.10783095310792767
kalman,5,7,0,0,20,51,True,False,0.13507617634716462,1.0000000000000002,1.9747117516358224,0.08394036829560689
kalman,5,7,0,0,20,52,True,False,0.0883014657404857,0.9500000000000003,1.9000000000000006,0.06846190802377948
kalman,5,7,0,0,20,53,True,False,0.08514621274646639,1.0000000000000002,2.0000000000000004,0.09591627515692713
kalman,5,7,0,0,20,54,True,False,0.12462850398487735,1.0000000000000002,1.9999999999999976,0.08778888354341086
kalman,5,7,0,0,20,55,True,False,0.13265827331929247,1.0000000000000002,1.9999999999999991,0.1327893641868333
kalman,5,7,0,0,20,56,True,False,0.05732439202050155,0.9500000000000003,1.8999999999999995,0.08989696583444748
kalman,5,7,0,0,20,57,True,False,0.08119083155888984,0.9500000000000003,1.9000000000000008,0.0626529250214777
kalman,5,7,0,0,20,58,True,False,0.11552666861224581,1.0000000000000002,1.9999999999999987,0.08053713912558144
kalman,5,7,0,0,20,59,True,False,0.0369336680212915,0.9500000000000003,1.9000000000000001,0.09432068120066024
kalman,5,7,0,0,20,60,True,False,0.04255942105244492,0.9500000000000003,1.899999999999999,0.0834795633817491
kalman,5,7,0,0,20,61,True,False,0.07358531553059255,1.0000000000000002,2.0000000000000004,0.10457350740727285
kalman,5,7,0,0,20,62,True,False,0.08774044377145751,1.0000000000000002,2.000000000000001,0.08750457863406844
kalman,5,7,0,0,20,63,True,False,0.07962818686613438,0.9500000000000003,1.9000000000000001,0.0945861339150715
kalman,5,7,0,0,20,64,True,False,0.11524573268656191,1.0000000000000002,1.9999999999999993,0.07314159326077403
kalman,5,7,0,0,20,65,True,False,0.12161484720060889,1.0000000000000002,1.9999999999999996,0.0981580318391935
kalman,5,7,0,0,20,66,True,False,0.09407268152784432,0.9500000000000003,1.9000000000000004,0.07804483402424812
kalman,5,7,0,0,20,67,True,False,0.0783253886396662,0.9500000000000003,1.9000000000000006,0.09157302710089928
kalman,5,7,0,0,20,68,True,False,0.05065770867385622,1.0000000000000002,1.9999999999999996,0.08413330605577422
kalman,5,7,0,0,20,69,True,False,0.08123978894124129,0.9500000000000003,1.8999999999999995,0.08460404557432732
kalman,5,7,0,0,20,70,True,False,0.13039904163389826,1.0000000000000002,2.0000000000000004,0.08529112013944795
kalman,5,7,0,0,20,71,True,False,0.11769386198710952,0.9500000000000003,1.9000000000000015,0.055624701619565
kalman,5,7,0,0,20,72,True,False,0.13805454980030518,1.0000000000000002,2.0000000000000018,0.0735824868423608
kalman,5,7,0,0,20,73,True,False,0.1198478790773454,1.0000000000000002,2.0000000000000018,0.07883996853282914
kalman,5,7,0,0,20,74,True,False,0.0926198200878714,0.9500000000000003,1.9,0.08654594745316813
kalman,5,7,0,0,20,75,True,False,0.11759793251336847,0.9500000000000003,1.8999999999999981,0.06166188871534219
kalman,5,7,0,0,20,76,True,False,0.07450790767212312,0.9500000000000003,1.900000000000001,0.08884969758570568
kalman,5,7,0,0,20,77,True,False,0.13807265223915244,1.0000000000000002,2.0000000000000013,0.08061918192022027
kalman,5,7,0,0,20,78,True,False,0.053334215943732666,0.9500000000000003,1.9000000000000012,0.07647732877853322
kalman,5,7,0,0,20,79,True,False,0.07688553806220244,0.9500000000000003,1.8999999999999992,0.08219524408856486
kalman,5,7,0,0,20,80,True,False,0.11940515840978505,1.0000000000000002,1.9999999999999998,0.09831109832268661
kalman,5,7,0,0,20,81,True,False,0.09100915913474195,1.0000000000000002,1.9999999999999998,0.08550027609849892
kalman,5,7,0,0,20,82,True,False,0.11241255627072055,1.0000000000000002,2.0000000000000013,0.087542802801316
kalman,5,7,0,0,20,83,True,False,0.12123770605441009,1.0000000000000002,1.9999999999999987,0.07549623966344791
kalman,5,7,0,0,20,84,True,False,0.14019438925843142,1.0000000000000002,1.999999999999999,0.07712447833112411
kalman,5,7,0,0,20,85,True,False,0.15651270495670855,1.0000000000000002,2.0000000000000018,0.09537254051817433
kalman,5,7,0,0,20,86,True,False,0.051927258625930284,1.0000000000000002,2.000000000000001,0.09015085530106616
kalman,5,7,0,0,20,87,True,False,0.14867672113365304,1.0000000000000002,1.9999999999999996,0.08848535897895812
kalman,5,7,0,0,20,88,True,False,0.13081204833846627,1.0000000000000002,2.000000000000001,0.06253113209092619
kalman,5,7,0,0,20,89,True,False,0.0927949827765,0.9500000000000003,1.8999999999999988,0.07275308062434799
kalman,5,7,0,0,20,90,True,False,0.0900927947780783,0.9500000000000003,1.9000000000000006,0.1091872383707445
kalman,5,7,0,0,20,91,True,False,0.07801265692734005,1.0000000000000002,1.9999999999999993,0.08737585813358528
kalman,5,7,0,0,20,92,True,False,0.09768190838865443,0.9500000000000003,1.900000000000001,0.09949955691148264
kalman,5,7,0,0,20,93,True,False,0.08823978709730684,1.0000000000000002,2.0000000000000004,0.07474635590251406
kalman,5,7,0,0,20,94,True,False,0.13762071092217698,1.0000000000000002,1.9999999999999987,0.07594927738638953
kalman,5,7,0,0,20,95,True,False,0.16750456281853854,1.0000000000000002,2.0000000000000004,0.08751749340724901
kalman,5,7,0,0,20,96,True,False,0.06284480401617887,0.9500000000000003,1.9,0.11526902832092419
kalman,5,7,0,0,20,97,True,False,0.12658341428292186,0.9500000000000003,1.8999999999999995,0.09082062162026752
kalman,5,7,0,0,20,98,True,False,0.07173178939867286,0.9500000000000003,1.9000000000000001,0.06676583414928668
kalman,5,7,0,0,20,99,True,False,0.07496404442351379,1.0000000000000002,2.000000000000001,0.08068271734296531
kalman,5,7,0,0,20,100,True,False,0.05710919660615166,0.9500000000000003,1.9000000000000001,0.09170905702608927
ground_truth,5,9,0,0,20,1,True,False,0.0932591781715284,0.9500000000000003,1.9,
ground_truth,5,9,0,0,20,2,True,False,0.0932591781715284,0.9500000000000003,1.9,
ground_truth,5,9,0,0,20,3,True,False,0.0932591781715284,0.9500000000000003,1.9,
ground_truth,5,9,0,0,20,4,True,False,0.0932591781715284,0.9500000000000003,1.9,
ground_truth,5,9,0,0,20,5,True,False,0.0932591781715284,0.9500000000000003,1.9,
ground_truth,5,9,0,0,20,6,True,False,0.0932591781715284,0.9500000000000003,1.9,
ground_truth,5,9,0,0,20,7,True,False,0.0932591781715284,0.9500000000000003,1.9,
ground_truth,5,9,0,0,20,8,True,False,0.0932591781715284,0.9500000000000003,1.9,
ground_truth,5,9,0,0,20,9,True,False,0.0932591781715284,0.9500000000000003,1.9,
ground_truth,5,9,0,0,20,10,True,False,0.0932591781715284,0.9500000000000003,1.9,
ground_truth,5,9,0,0,20,11,True,False,0.0932591781715284,0.9500000000000003,1.9,
ground_truth,5,9,0,0,20,12,True,False,0.0932591781715284,0.9500000000000003,1.9,
ground_truth,5,9,0,0,20,13,True,False,0.0932591781715284,0.9500000000000003,1.9,
ground_truth,5,9,0,0,20,14,True,False,0.0932591781715284,0.9500000000000003,1.9,
ground_truth,5,9,0,0,20,15,True,False,0.0932591781715284,0.9500000000000003,1.9,
ground_truth,5,9,0,0,20,16,True,False,0.0932591781715284,0.9500000000000003,1.9,
ground_truth,5,9,0,0,20,17,True,False,0.0932591781715284,0.9500000000000003,1.9,
ground_truth,5,9,0,0,20,18,True,False,0.0932591781715284,0.9500000000000003,1.9,
ground_truth,5,9,0,0,20,19,True,False,0.0932591781715284,0.9500000000000003,1.9,
ground_truth,5,9,0,0,20,20,True,False,0.0932591781715284,0.9500000000000003,1.9,
ground_truth,5,9,0,0,20,21,True,False,0.0932591781715284,0.9500000000000003,1.9,
ground_truth,5,9,0,0,20,22,True,False,0.0932591781715284,0.9500000000000003,1.9,
ground_truth,5,9,0,0,20,23,True,False,0.0932591781715284,0.9500000000000003,1.9,
ground_truth,5,9,0,0,20,24,True,False,0.0932591781715284,0.9500000000000003,1.9,
ground_truth,5,9,0,0,20,25,True,False,0.0932591781715284,0.9500000000000003,1.9,
ground_truth,5,9,0,0,20,26,True,False,0.0932591781715284,0.9500000000000003,1.9,
ground_truth,5,9,0,0,20,27,True,False,0.0932591781715284,0.9500000000000003,1.9,
ground_truth,5,9,0,0,20,28,True,False,0.0932591781715284,0.9500000000000003,1.9,
ground_truth,5,9,0,0,20,29,True,False,0.0932591781715284,0.9500000000000003,1.9,
ground_truth,5,9,0,0,20,30,True,False,0.0932591781715284,0.9500000000000003,1.9,
ground_truth,5,9,0,0,20,31,True,False,0.0932591781715284,0.9500000000000003,1.9,
ground_truth,5,9,0,0,20,32,True,False,0.0932591781715284,0.9500000000000003,1.9,
ground_truth,5,9,0,0,20,33,True,False,0.0932591781715284,0.9500000000000003,1.9,
ground_truth,5,9,0,0,20,34,True,False,0.0932591781715284,0.9500000000000003,1.9,
ground_truth,5,9,0,0,20,35,True,False,0.0932591781715284,0.9500000000000003,1.9,
ground_truth,5,9,0,0,20,36,True,False,0.0932591781715284,0.9500000000000003,1.9,
ground_truth,5,9,0,0,20,37,True,False,0.0932591781715284,0.9500000000000003,1.9,
ground_truth,5,9,0,0,20,38,True,False,0.0932591781715284,0.9500000000000003,1.9,
ground_truth,5,9,0,0,20,39,True,False,0.0932591781715284,0.9500000000000003,1.9,
ground_truth,5,9,0,0,20,40,True,False,0.0932591781715284,0.9500000000000003,1.9,
ground_truth,5,9,0,0,20,41,True,False,0.0932591781715284,0.9500000000000003,1.9,
ground_truth,5,9,0,0,20,42,True,False,0.0932591781715284,0.9500000000000003,1.9,
ground_truth,5,9,0,0,20,43,True,False,0.0932591781715284,0.9500000000000003,1.9,
ground_truth,5,9,0,0,20,44,True,False,0.0932591781715284,0.9500000000000003,1.9,
ground_truth,5,9,0,0,20,45,True,False,0.0932591781715284,0.9500000000000003,1.9,
ground_truth,5,9,0,0,20,46,True,False,0.0932591781715284,0.9500000000000003,1.9,
ground_truth,5,9,0,0,20,47,True,False,0.0932591781715284,0.9500000000000003,1.9,
ground_truth,5,9,0,0,20,48,True,False,0.0932591781715284,0.9500000000000003,1.9,
ground_truth,5,9,0,0,20,49,True,False,0.0932591781715284,0.9500000000000003,1.9,
ground_truth,5,9,0,0,20,50,True,False,0.0932591781715284,0.9500000000000003,1.9,
ground_truth,5,9,0,0,20,51,True,False,0.0932591781715284,0.9500000000000003,1.9,
ground_truth,5,9,0,0,20,52,True,False,0.0932591781715284,0.9500000000000003,1.9,
ground_truth,5,9,0,0,20,53,True,False,0.0932591781715284,0.9500000000000003,1.9,
ground_truth,5,9,0,0,20,54,True,False,0.0932591781715284,0.9500000000000003,1.9,
ground_truth,5,9,0,0,20,55,True,False,0.0932591781715284,0.9500000000000003,1.9,
ground_truth,5,9,0,0,20,56,True,False,0.0932591781715284,0.9500000000000003,1.9,
ground_truth,5,9,0,0,20,57,True,False,0.0932591781715284,0.9500000000000003,1.9,
ground_truth,5,9,0,0,20,58,True,False,0.0932591781715284,0.9500000000000003,1.9,
ground_truth,5,9,0,0,20,59,True,False,0.0932591781715284,0.9500000000000003,1.9,
ground_truth,5,9,0,0,20,60,True,False,0.0932591781715284,0.9500000000000003,1.9,
ground_truth,5,9,0,0,20,61,True,False,0.0932591781715284,0.9500000000000003,1.9,
ground_truth,5,9,0,0,20,62,True,False,0.0932591781715284,0.9500000000000003,1.9,
ground_truth,5,9,0,0,20,63,True,False,0.0932591781715284,0.9500000000000003,1.9,
ground_truth,5,9,0,0,20,64,True,False,0.0932591781715284,0.9500000000000003,1.9,
ground_truth,5,9,0,0,20,65,True,False,0.0932591781715284,0.9500000000000003,1.9,
ground_truth,5,9,0,0,20,66,True,False,0.0932591781715284,0.9500000000000003,1.9,
ground_truth,5,9,0,0,20,67,True,False,0.0932591781715284,0.9500000000000003,1.9,
ground_truth,5,9,0,0,20,68,True,False,0.0932591781715284,0.9500000000000003,1.9,
ground_truth,5,9,0,0,20,69,True,False,0.0932591781715284,0.9500000000000003,1.9,
ground_truth,5,9,0,0,20,70,True,False,0.0932591781715284,0.9500000000000003,1.9,
ground_truth,5,9,0,0,20,71,True,False,0.0932591781715284,0.9500000000000003,1.9,
ground_truth,5,9,0,0,20,72,True,False,0.0932591781715284,0.9500000000000003,1.9,
ground_truth,5,9,0,0,20,73,True,False,0.0932591781715284,0.9500000000000003,1.9,
ground_truth,5,9,0,0,20,74,True,False,0.0932591781715284,0.9500000000000003,1.9,
ground_truth,5,9,0,0,20,75,True,False,0.0932591781715284,0.9500000000000003,1.9,
ground_truth,5,9,0,0,20,76,True,False,0.0932591781715284,0.9500000000000003,1.9,
ground_truth,5,9,0,0,20,77,True,False,0.0932591781715284,0.9500000000000003,1.9,
ground_truth,5,9,0,0,20,78,True,False,0.0932591781715284,0.9500000000000003,1.9,
ground_truth,5,9,0,0,20,79,True,False,0.0932591781715284,0.9500000000000003,1.9,
ground_truth,5,9,0,0,20,80,True,False,0.0932591781715284,0.9500000000000003,1.9,
ground_truth,5,9,0,0,20,81,True,False,0.0932591781715284,0.9500000000000003,1.9,
ground_truth,5,9,0,0,20,82,True,False,0.0932591781715284,0.9500000000000003,1.9,
ground_truth,5,9,0,0,20,83,True,False,0.0932591781715284,0.9500000000000003,1.9,
ground_truth,5,9,0,0,20,84,True,False,0.0932591781715284,0.9500000000000003,1.9,
ground_truth,5,9,0,0,20,85,True,False,0.0932591781715284,0.9500000000000003,1.9,
ground_truth,5,9,0,0,20,86,True,False,0.0932591781715284,0.9500000000000003,1.9,
ground_truth,5,9,0,0,20,87,True,False,0.0932591781715284,0.9500000000000003,1.9,
ground_truth,5,9,0,0,20,88,True,False,0.0932591781715284,0.9500000000000003,1.9,
ground_truth,5,9,0,0,20,89,True,False,0.0932591781715284,0.9500000000000003,1.9,
ground_truth,5,9,0,0,20,90,True,False,0.0932591781715284,0.9500000000000003,1.9,
ground_truth,5,9,0,0,20,91,True,False,0.0932591781715284,0.9500000000000003,1.9,
ground_truth,5,9,0,0,20,92,True,False,0.0932591781715284,0.9500000000000003,1.9,
ground_truth,5,9,0,0,20,93,True,False,0.0932591781715284,0.9500000000000003,1.9,
ground_truth,5,9,0,0,20,94,True,False,0.0932591781715284,0.9500000000000003,1.9,
ground_truth,5,9,0,0,20,95,True,False,0.0932591781715284,0.9500000000000003,1.9,
ground_truth,5,9,0,0,20,96,True,False,0.0932591781715284,0.9500000000000003,1.9,
ground_truth,5,9,0,0,20,97,True,False,0.0932591781715284,0.9500000000000003,1.9,
ground_truth,5,9,0,0,20,98,True,False,0.0932591781715284,0.9500000000000003,1.9,
ground_truth,5,9,0,0,20,99,True,False,0.0932591781715284,0.9500000000000003,1.9,
ground_truth,5,9,0,0,20,100,True,False,0.0932591781715284,0.9500000000000003,1.9,
noisy,5,9,0,0,20,1,True,False,0.1196514121232235,0.9500000000000003,1.9,0.14155961647966062
noisy,5,9,0,0,20,2,True,False,0.09484398069168876,1.0000000000000002,1.9999999999999976,0.12775680122115962
noisy,5,9,0,0,20,3,True,False,0.08109931396397552,0.9500000000000003,1.9000000000000001,0.16991641472889935
noisy,5,9,0,0,20,4,True,False,0.0751978526206456,0.9500000000000003,1.9,0.13185120404421283
noisy,5,9,0,0,20,5,True,False,0.12719722930539357,1.0000000000000002,1.9783299121318436,0.13789288594863064
noisy,5,9,0,0,20,6,True,False,0.09371196025770767,1.0000000000000002,1.9999999999999996,0.13453941633423305
noisy,5,9,0,0,20,7,True,False,0.09694862329248854,1.0000000000000002,2.000000000000001,0.1251623959211466
noisy,5,9,0,0,20,8,True,False,0.0694456745699703,0.9500000000000003,1.8979726760991715,0.1699331866261767
noisy,5,9,0,0,20,9,True,False,0.10378784155423637,0.9500000000000003,1.8999999999999986,0.12518083116720996
noisy,5,9,0,0,20,10,True,False,0.12136984070684798,0.9500000000000003,1.9000000000000006,0.11318970408332703
noisy,5,9,0,0,20,11,True,False,0.10517707770268503,1.0000000000000002,1.973818855232651,0.13751631332604453
noisy,5,9,0,0,20,12,True,False,0.11876483677536886,1.0000000000000002,1.9999999999999996,0.12734689010489375
noisy,5,9,0,0,20,13,True,False,0.07950468785875264,1.0000000000000002,1.9999999999999991,0.1487624674161416
noisy,5,9,0,0,20,14,True,False,0.08789056817858087,1.0000000000000002,1.9999999999999993,0.15542678682017796
noisy,5,9,0,0,20,15,True,False,0.05986441521806696,0.9500000000000003,1.9000000000000001,0.13917514580403273
noisy,5,9,0,0,20,16,True,False,0.10231119175731163,1.0000000000000002,1.9910220163137136,0.12962962877675666
noisy,5,9,0,0,20,17,True,False,0.08502157128251087,0.9500000000000003,1.8453033805618353,0.15080160862939396
noisy,5,9,0,0,20,18,True,False,0.0773459862314938,0.9500000000000003,1.8999999999999997,0.14768263907682708
noisy,5,9,0,0,20,19,True,False,0.06932098111056617,0.9500000000000003,1.8999999999999995,0.12245667610467936
noisy,5,9,0,0,20,20,True,False,0.07511735390393515,0.9500000000000003,1.8999999999999986,0.16496061501203668
noisy,5,9,0,0,20,21,True,False,0.11350427496758697,1.0000000000000002,1.999999999999999,0.14037349669281163
noisy,5,9,0,0,20,22,True,False,0.10482638344042083,1.0000000000000002,2.0,0.16464359484890287
noisy,5,9,0,0,20,23,True,False,0.09971721637187803,0.9500000000000003,1.9,0.14537658514846583
noisy,5,9,0,0,20,24,True,False,0.10889834834377221,0.9500000000000003,1.899999999999999,0.15491195118875908
noisy,5,9,0,0,20,25,True,False,0.07526714887053432,1.0000000000000002,2.0,0.13472035104102723
noisy,5,9,0,0,20,26,True,False,0.10276211174822691,1.0000000000000002,1.9999999999999987,0.17656387997075557
noisy,5,9,0,0,20,27,True,False,0.14656652206214926,1.0000000000000002,2.0,0.13001113766622027
noisy,5,9,0,0,20,28,True,False,0.08224061044623765,1.0000000000000002,1.9999999999999996,0.1474513815563938
noisy,5,9,0,0,20,29,True,False,0.08149709253718229,1.0000000000000002,1.9787071656350326,0.16233673368175774
noisy,5,9,0,0,20,30,True,False,0.08237127468440275,0.9500000000000003,1.9000000000000017,0.11540845258140664
noisy,5,9,0,0,20,31,True,False,0.11333883778993026,1.0000000000000002,2.0000000000000004,0.12295387920467847
noisy,5,9,0,0,20,32,True,False,0.09939696729620007,0.9500000000000003,1.9000000000000004,0.14921312118418573
noisy,5,9,0,0,20,33,True,False,0.06737402358339661,0.9500000000000003,1.9000000000000004,0.12447814313958473
noisy,5,9,0,0,20,34,True,False,0.10560290013352747,0.9500000000000003,1.899999999999998,0.11908204166064328
noisy,5,9,0,0,20,35,True,False,0.06921877982132929,0.9500000000000003,1.9,0.14283057593651005
noisy,5,9,0,0,20,36,True,False,0.11707260379873818,1.0000000000000002,2.0,0.1281257136313594
noisy,5,9,0,0,20,37,True,False,0.10713637980814061,0.9500000000000003,1.9,0.143570332180715
noisy,5,9,0,0,20,38,True,False,0.0777543590921348,0.9500000000000003,1.900000000000001,0.1407962516097873
noisy,5,9,0,0,20,39,True,False,0.12811519988487596,1.0000000000000002,1.975367642245534,0.1322084527400719
noisy,5,9,0,0,20,40,True,False,0.10745379549654488,1.0000000000000002,1.9999999999999991,0.13181161254694487
noisy,5,9,0,0,20,41,True,False,0.0781021507805919,1.0000000000000002,2.0,0.1289770314188001
noisy,5,9,0,0,20,42,True,False,0.1088230035014619,1.0000000000000002,1.9999999999999998,0.12211173663175465
noisy,5,9,0,0,20,43,True,False,0.1044572419555363,0.9500000000000003,1.9000000000000004,0.1295810000631869
noisy,5,9,0,0,20,44,True,False,0.10951840414294622,1.0000000000000002,1.9978878985122384,0.12437631463903381
noisy,5,9,0,0,20,45,True,False,0.11504049055228349,0.9500000000000003,1.8999999999999988,0.12087642575393988
noisy,5,9,0,0,20,46,True,False,0.1026771195306162,1.0000000000000002,2.0000000000000004,0.14602855914615678
noisy,5,9,0,0,20,47,True,False,0.11932353530943329,0.9500000000000003,1.8936730131131172,0.13283791473598305
noisy,5,9,0,0,20,48,True,False,0.07348233949042005,1.0000000000000002,1.9999999999999998,0.13567567129780894
noisy,5,9,0,0,20,49,True,False,0.11460641270041316,1.0000000000000002,2.0,0.13682487553122696
noisy,5,9,0,0,20,50,True,False,0.10796375064295916,1.0000000000000002,1.9999999999999996,0.15918635406325857
noisy,5,9,0,0,20,51,True,False,0.09473405087746656,1.0000000000000002,1.988629772411119,0.1583211075680237
noisy,5,9,0,0,20,52,True,False,0.10469988212456349,1.0000000000000002,2.0000000000000013,0.1382763116487606
noisy,5,9,0,0,20,53,True,False,0.08598704464453455,1.0000000000000002,2.0000000000000018,0.15710494164975636
noisy,5,9,0,0,20,54,True,False,0.11906942370248208,1.0000000000000002,2.0,0.13109058086488823
noisy,5,9,0,0,20,55,True,False,0.1596525597406735,1.0000000000000002,2.0000000000000013,0.17231564177410524
noisy,5,9,0,0,20,56,True,False,0.07561037570111284,0.9500000000000003,1.9000000000000004,0.14116759438684992
noisy,5,9,0,0,20,57,True,False,0.060305762753411374,0.9500000000000003,1.9000000000000015,0.12888929372888602
noisy,5,9,0,0,20,58,True,False,0.12036535379547963,1.0000000000000002,2.0000000000000004,0.13853495796798324
noisy,5,9,0,0,20,59,True,False,0.033730538847336344,0.9500000000000003,1.8999999999999995,0.13412623652257435
noisy,5,9,0,0,20,60,True,False,0.05970655648577905,1.0000000000000002,1.9999999999999991,0.13795024286324778
noisy,5,9,0,0,20,61,True,False,0.10201030463730465,1.0000000000000002,1.9999999999999996,0.14622670016890563
noisy,5,9,0,0,20,62,True,False,0.10000248380510901,1.0000000000000002,2.0000000000000004,0.13271859553624815
noisy,5,9,0,0,20,63,True,False,0.08659503785568123,0.9500000000000003,1.9000000000000006,0.14195897642263341
noisy,5,9,0,0,20,64,True,False,0.10741447816405936,1.0000000000000002,2.000000000000001,0.1334972534621338
noisy,5,9,0,0,20,65,True,False,0.12748427778171312,1.0000000000000002,2.0,0.1476058246707667
noisy,5,9,0,0,20,66,True,False,0.10109162376478431,1.0000000000000002,1.9626052728607355,0.13629870780980083
noisy,5,9,0,0,20,67,True,False,0.08312432634026945,0.9500000000000003,1.8641269727565257,0.12860974410913192
noisy,5,9,0,0,20,68,True,False,0.06126252915236319,1.0000000000000002,2.0000000000000004,0.12445833761202559
noisy,5,9,0,0,20,69,True,False,0.08203348424615609,0.9500000000000003,1.9000000000000001,0.12941491691832047
noisy,5,9,0,0,20,70,True,False,0.08961165335755372,0.9500000000000003,1.9000000000000004,0.11135626796044179
noisy,5,9,0,0,20,71,True,False,0.09391820896526237,0.9500000000000003,1.9000000000000012,0.1158992496997955
noisy,5,9,0,0,20,72,True,False,0.11660138595575353,1.0000000000000002,2.0,0.1302956118434494
noisy,5,9,0,0,20,73,True,False,0.09674756573898824,1.0000000000000002,1.978641562804669,0.14244897186680933
noisy,5,9,0,0,20,74,True,False,0.08838473357054255,0.9500000000000003,1.9000000000000006,0.15482708700059208
noisy,5,9,0,0,20,75,True,False,0.12469689036382925,1.0000000000000002,1.999999999999999,0.1292236151082908
noisy,5,9,0,0,20,76,True,False,0.08991626302394229,0.9500000000000003,1.8999999999999992,0.14104771883491674
noisy,5,9,0,0,20,77,True,False,0.1482952990238342,1.0000000000000002,1.9999999999999982,0.12141568876057128
noisy,5,9,0,0,20,78,True,False,0.05727865395113518,1.0000000000000002,1.9999999999999991,0.09530057846397613
noisy,5,9,0,0,20,79,True,False,0.09909343608915955,1.0000000000000002,1.9999999999999998,0.13099479254513346
noisy,5,9,0,0,20,80,True,False,0.12277954097796351,1.0000000000000002,1.9964082363295472,0.13936641234376607
noisy,5,9,0,0,20,81,True,False,0.09826684216980186,1.0000000000000002,2.0,0.13145041406314284
noisy,5,9,0,0,20,82,True,False,0.13991831251099218,1.0000000000000002,2.0000000000000004,0.14233277004420325
noisy,5,9,0,0,20,83,True,False,0.11580996802469379,1.0000000000000002,2.0000000000000004,0.11518807788973175
noisy,5,9,0,0,20,84,True,False,0.09191648556080834,0.9500000000000003,1.9000000000000008,0.14184879033118475
noisy,5,9,0,0,20,85,True,False,0.1460081149117991,1.0000000000000002,1.9587906147582403,0.14443662167575025
noisy,5,9,0,0,20,86,True,False,0.042411690677820024,0.9500000000000003,1.9,0.14617154287004824
noisy,5,9,0,0,20,87,True,False,0.1064209406993355,1.0000000000000002,2.0000000000000004,0.12463075977912629
noisy,5,9,0,0,20,88,True,False,0.09544730972336057,0.9500000000000003,1.899999999999999,0.1194457452383778
noisy,5,9,0,0,20,89,True,False,0.09625835119340742,1.0000000000000002,1.9999999999999987,0.12408870965629817
noisy,5,9,0,0,20,90,True,False,0.08160442716856853,0.9500000000000003,1.8969650557453561,0.16450022693456298
noisy,5,9,0,0,20,91,True,False,0.06660276708792567,0.9500000000000003,1.900000000000001,0.12742085968563752
noisy,5,9,0,0,20,92,True,False,0.09005389072337255,0.9500000000000003,1.900000000000001,0.1356749764287098
noisy,5,9,0,0,20,93,True,False,0.09638440220507238,1.0000000000000002,2.000000000000001,0.12151141799560582
noisy,5,9,0,0,20,94,True,False,0.12078649882935677,1.0000000000000002,2.0000000000000004,0.12931798592573987
noisy,5,9,0,0,20,95,True,False,0.13358350098292537,1.0000000000000002,2.0,0.14073539750248742
noisy,5,9,0,0,20,96,True,False,0.06234887628156138,0.9500000000000003,1.8999999999999997,0.12948495256702036
noisy,5,9,0,0,20,97,True,False,0.1005922527133829,0.9500000000000003,1.9000000000000006,0.15108564453367154
noisy,5,9,0,0,20,98,True,False,0.08797123832776266,0.9500000000000003,1.9000000000000001,0.12351929581307948
noisy,5,9,0,0,20,99,True,False,0.07795414345897078,0.9500000000000003,1.9000000000000001,0.12974552538403422
noisy,5,9,0,0,20,100,True,False,0.047634515124258536,1.0000000000000002,2.0000000000000004,0.1472379472550378
kalman,5,9,0,0,20,1,True,False,0.10279811667749938,0.9500000000000003,1.8999999999999997,0.08680647732051588
kalman,5,9,0,0,20,2,True,False,0.0798549959133037,0.9500000000000003,1.9000000000000006,0.09785009567577146
kalman,5,9,0,0,20,3,True,False,0.07061291942248893,0.9500000000000003,1.8999999999999981,0.11679234261616585
kalman,5,9,0,0,20,4,True,False,0.06818656909209242,0.9500000000000003,1.9000000000000006,0.06860634172994808
kalman,5,9,0,0,20,5,True,False,0.14532962969073848,1.0000000000000002,1.9999999999999993,0.09269242858088853
kalman,5,9,0,0,20,6,True,False,0.0735327742864249,1.0000000000000002,2.000000000000002,0.09987778264275772
kalman,5,9,0,0,20,7,True,False,0.08609242178216547,1.0000000000000002,2.000000000000001,0.09825226222872367
kalman,5,9,0,0,20,8,True,False,0.0799973206988358,0.9500000000000003,1.9000000000000004,0.11633875495185796
kalman,5,9,0,0,20,9,True,False,0.11744965140595331,0.9500000000000003,1.9,0.07353882223987218
kalman,5,9,0,0,20,10,True,False,0.14325927519577264,0.9500000000000003,1.9000000000000001,0.0715475275627313
kalman,5,9,0,0,20,11,True,False,0.10023349042818097,0.9500000000000003,1.9000000000000001,0.08998199235461311
kalman,5,9,0,0,20,12,True,False,0.10423903796151213,1.0000000000000002,2.000000000000002,0.07815895427207833
kalman,5,9,0,0,20,13,True,False,0.08144097766060066,0.9500000000000003,1.8999999999999988,0.11236726893970772
kalman,5,9,0,0,20,14,True,False,0.08056320461409916,1.0000000000000002,2.0000000000000018,0.11880853218932456
kalman,5,9,0,0,20,15,True,False,0.043650807725793994,0.9500000000000003,1.8999999999999986,0.09277592073643026
kalman,5,9,0,0,20,16,True,False,0.10840572429024031,1.0000000000000002,2.000000000000001,0.08446221214319478
kalman,5,9,0,0,20,17,True,False,0.12751129074286882,0.9500000000000003,1.900000000000001,0.10420825334221322
kalman,5,9,0,0,20,18,True,False,0.05070392825423875,0.9500000000000003,1.9000000000000012,0.09450152318540946
kalman,5,9,0,0,20,19,True,False,0.06166566174450838,0.9500000000000003,1.9000000000000004,0.0787721236607358
kalman,5,9,0,0,20,20,True,False,0.09013021480974115,0.9500000000000003,1.8999999999999995,0.0905780350935523
kalman,5,9,0,0,20,21,True,False,0.1359827834085643,1.0000000000000002,1.999999999999998,0.07909252509988009
kalman,5,9,0,0,20,22,True,False,0.07959827862152058,0.9500000000000003,1.9000000000000004,0.11542795607329023
kalman,5,9,0,0,20,23,True,False,0.08874322373789134,0.9500000000000003,1.9000000000000004,0.0853572244447233
kalman,5,9,0,0,20,24,True,False,0.10294964568537313,0.9500000000000003,1.8999999999999992,0.06468120687179534
kalman,5,9,0,0,20,25,True,False,0.05298469804981387,1.0000000000000002,2.0000000000000013,0.09797738890523627
kalman,5,9,0,0,20,26,True,False,0.10360979707284934,1.0000000000000002,1.9999999999999998,0.11071937134710783
kalman,5,9,0,0,20,27,True,False,0.15709032802059375,1.0000000000000002,2.000000000000001,0.1049878589665587
kalman,5,9,0,0,20,28,True,False,0.09147562230835504,1.0000000000000002,1.9999999999999991,0.06961057953513929
kalman,5,9,0,0,20,29,True,False,0.13662044051630362,1.0000000000000002,1.9999999999999998,0.08972500418532069
kalman,5,9,0,0,20,30,True,False,0.07708593469880864,0.9500000000000003,1.9000000000000021,0.0758438599502847
kalman,5,9,0,0,20,31,True,False,0.13927856207569844,1.0000000000000002,1.9999999999999998,0.08250440968046382
kalman,5,9,0,0,20,32,True,False,0.0890610844723343,1.0000000000000002,2.000000000000001,0.06745091240271375
kalman,5,9,0,0,20,33,True,False,0.06191318540388524,0.9500000000000003,1.899999999999999,0.08852375957751821
kalman,5,9,0,0,20,34,True,False,0.10983887729219366,0.9500000000000003,1.9000000000000004,0.06701554712762399
kalman,5,9,0,0,20,35,True,False,0.05138187654705795,0.9500000000000003,1.8999999999999977,0.09129508833595969
kalman,5,9,0,0,20,36,True,False,0.10870437416633671,1.0000000000000002,1.9999999999999984,0.08048775820872675
kalman,5,9,0,0,20,37,True,False,0.08254563436679674,0.9500000000000003,1.9000000000000006,0.07388438649387363
kalman,5,9,0,0,20,38,True,False,0.07291345278222527,0.9500000000000003,1.8999999999999995,0.08688696543268748
kalman,5,9,0,0,20,39,True,False,0.14436136818958611,1.0000000000000002,2.000000000000001,0.06939666550733332
kalman,5,9,0,0,20,40,True,False,0.1303589165752479,1.0000000000000002,2.0000000000000013,0.07159105523651926
kalman,5,9,0,0,20,41,True,False,0.08158030704103325,1.0000000000000002,1.9999999999999993,0.1025686642843166
kalman,5,9,0,0,20,42,True,False,0.13388257065721887,1.0000000000000002,1.9999999999999991,0.08894016715150962
kalman,5,9,0,0,20,43,True,False,0.10375082167932659,0.9500000000000003,1.9000000000000006,0.08044414060823324
kalman,5,9,0,0,20,44,True,False,0.12377553421975374,1.0000000000000002,1.9999999999999993,0.07917809014790785
kalman,5,9,0,0,20,45,True,False,0.14280729387923752,0.9500000000000003,1.9000000000000001,0.07865518014467868
kalman,5,9,0,0,20,46,True,False,0.10085782150103406,1.0000000000000002,1.9999999999999991,0.06483232822987448
kalman,5,9,0,0,20,47,True,False,0.13378312428458616,0.9500000000000003,1.9,0.10047577332700537
kalman,5,9,0,0,20,48,True,False,0.07300517927413752,1.0000000000000002,1.9999999999999996,0.08180339853179942
kalman,5,9,0,0,20,49,True,False,0.09902678279564636,1.0000000000000002,2.000000000000001,0.10270018587495067
kalman,5,9,0,0,20,50,True,False,0.08867289740221196,0.9500000000000003,1.8999999999999995,0.10783095310792767
kalman,5,9,0,0,20,51,True,False,0.13507617634716462,1.0000000000000002,1.9747117516358224,0.08394036829560689
kalman,5,9,0,0,20,52,True,False,0.0883014657404857,0.9500000000000003,1.9000000000000006,0.06846190802377948
kalman,5,9,0,0,20,53,True,False,0.08514621274646639,1.0000000000000002,2.0000000000000004,0.09591627515692713
kalman,5,9,0,0,20,54,True,False,0.12462850398487735,1.0000000000000002,1.9999999999999976,0.08778888354341086
kalman,5,9,0,0,20,55,True,False,0.13265827331929247,1.0000000000000002,1.9999999999999991,0.1327893641868333
kalman,5,9,0,0,20,56,True,False,0.05732439202050155,0.9500000000000003,1.8999999999999995,0.08989696583444748
kalman,5,9,0,0,20,57,True,False,0.08119083155888984,0.9500000000000003,1.9000000000000008,0.0626529250214777
kalman,5,9,0,0,20,58,True,False,0.11552666861224581,1.0000000000000002,1.9999999999999987,0.08053713912558144
kalman,5,9,0,0,20,59,True,False,0.0369336680212915,0.9500000000000003,1.9000000000000001,0.09432068120066024
kalman,5,9,0,0,20,60,True,False,0.04255942105244492,0.9500000000000003,1.899999999999999,0.0834795633817491
kalman,5,9,0,0,20,61,True,False,0.07358531553059255,1.0000000000000002,2.0000000000000004,0.10457350740727285
kalman,5,9,0,0,20,62,True,False,0.08774044377145751,1.0000000000000002,2.000000000000001,0.08750457863406844
kalman,5,9,0,0,20,63,True,False,0.07962818686613438,0.9500000000000003,1.9000000000000001,0.0945861339150715
kalman,5,9,0,0,20,64,True,False,0.11524573268656191,1.0000000000000002,1.9999999999999993,0.07314159326077403
kalman,5,9,0,0,20,65,True,False,0.12161484720060889,1.0000000000000002,1.9999999999999996,0.0981580318391935
kalman,5,9,0,0,20,66,True,False,0.09407268152784432,0.9500000000000003,1.9000000000000004,0.07804483402424812
kalman,5,9,0,0,20,67,True,False,0.0783253886396662,0.9500000000000003,1.9000000000000006,0.09157302710089928
kalman,5,9,0,0,20,68,True,False,0.05065770867385622,1.0000000000000002,1.9999999999999996,0.08413330605577422
kalman,5,9,0,0,20,69,True,False,0.08123978894124129,0.9500000000000003,1.8999999999999995,0.08460404557432732
kalman,5,9,0,0,20,70,True,False,0.13039904163389826,1.0000000000000002,2.0000000000000004,0.08529112013944795
kalman,5,9,0,0,20,71,True,False,0.11769386198710952,0.9500000000000003,1.9000000000000015,0.055624701619565
kalman,5,9,0,0,20,72,True,False,0.13805454980030518,1.0000000000000002,2.0000000000000018,0.0735824868423608
kalman,5,9,0,0,20,73,True,False,0.1198478790773454,1.0000000000000002,2.0000000000000018,0.07883996853282914
kalman,5,9,0,0,20,74,True,False,0.0926198200878714,0.9500000000000003,1.9,0.08654594745316813
kalman,5,9,0,0,20,75,True,False,0.11759793251336847,0.9500000000000003,1.8999999999999981,0.06166188871534219
kalman,5,9,0,0,20,76,True,False,0.07450790767212312,0.9500000000000003,1.900000000000001,0.08884969758570568
kalman,5,9,0,0,20,77,True,False,0.13807265223915244,1.0000000000000002,2.0000000000000013,0.08061918192022027
kalman,5,9,0,0,20,78,True,False,0.053334215943732666,0.9500000000000003,1.9000000000000012,0.07647732877853322
kalman,5,9,0,0,20,79,True,False,0.07688553806220244,0.9500000000000003,1.8999999999999992,0.08219524408856486
kalman,5,9,0,0,20,80,True,False,0.11940515840978505,1.0000000000000002,1.9999999999999998,0.09831109832268661
kalman,5,9,0,0,20,81,True,False,0.09100915913474195,1.0000000000000002,1.9999999999999998,0.08550027609849892
kalman,5,9,0,0,20,82,True,False,0.11241255627072055,1.0000000000000002,2.0000000000000013,0.087542802801316
kalman,5,9,0,0,20,83,True,False,0.12123770605441009,1.0000000000000002,1.9999999999999987,0.07549623966344791
kalman,5,9,0,0,20,84,True,False,0.14019438925843142,1.0000000000000002,1.999999999999999,0.07712447833112411
kalman,5,9,0,0,20,85,True,False,0.15651270495670855,1.0000000000000002,2.0000000000000018,0.09537254051817433
kalman,5,9,0,0,20,86,True,False,0.051927258625930284,1.0000000000000002,2.000000000000001,0.09015085530106616
kalman,5,9,0,0,20,87,True,False,0.14867672113365304,1.0000000000000002,1.9999999999999996,0.08848535897895812
kalman,5,9,0,0,20,88,True,False,0.13081204833846627,1.0000000000000002,2.000000000000001,0.06253113209092619
kalman,5,9,0,0,20,89,True,False,0.0927949827765,0.9500000000000003,1.8999999999999988,0.07275308062434799
kalman,5,9,0,0,20,90,True,False,0.0900927947780783,0.9500000000000003,1.9000000000000006,0.1091872383707445
kalman,5,9,0,0,20,91,True,False,0.07801265692734005,1.0000000000000002,1.9999999999999993,0.08737585813358528
kalman,5,9,0,0,20,92,True,False,0.09768190838865443,0.9500000000000003,1.900000000000001,0.09949955691148264
kalman,5,9,0,0,20,93,True,False,0.08823978709730684,1.0000000000000002,2.0000000000000004,0.07474635590251406
kalman,5,9,0,0,20,94,True,False,0.13762071092217698,1.0000000000000002,1.9999999999999987,0.07594927738638953
kalman,5,9,0,0,20,95,True,False,0.16750456281853854,1.0000000000000002,2.0000000000000004,0.08751749340724901
kalman,5,9,0,0,20,96,True,False,0.06284480401617887,0.9500000000000003,1.9,0.11526902832092419
kalman,5,9,0,0,20,97,True,False,0.12658341428292186,0.9500000000000003,1.8999999999999995,0.09082062162026752
kalman,5,9,0,0,20,98,True,False,0.07173178939867286,0.9500000000000003,1.9000000000000001,0.06676583414928668
kalman,5,9,0,0,20,99,True,False,0.07496404442351379,1.0000000000000002,2.000000000000001,0.08068271734296531
kalman,5,9,0,0,20,100,True,False,0.05710919660615166,0.9500000000000003,1.9000000000000001,0.09170905702608927
