mode,pixel_noise_std,blur_kernel_size,occlusion_percentage,latency_ms,camera_fps,rng_seed,goal_reached,collision,minimum_clearance,convergence_time,path_length,localization_rmse
ground_truth,5,0,0,0,2,1,True,False,0.0932591781715284,0.9500000000000003,1.9,
ground_truth,5,0,0,0,2,2,True,False,0.0932591781715284,0.9500000000000003,1.9,
ground_truth,5,0,0,0,2,3,True,False,0.0932591781715284,0.9500000000000003,1.9,
ground_truth,5,0,0,0,2,4,True,False,0.0932591781715284,0.9500000000000003,1.9,
ground_truth,5,0,0,0,2,5,True,False,0.0932591781715284,0.9500000000000003,1.9,
ground_truth,5,0,0,0,2,6,True,False,0.0932591781715284,0.9500000000000003,1.9,
ground_truth,5,0,0,0,2,7,True,False,0.0932591781715284,0.9500000000000003,1.9,
ground_truth,5,0,0,0,2,8,True,False,0.0932591781715284,0.9500000000000003,1.9,
ground_truth,5,0,0,0,2,9,True,False,0.0932591781715284,0.9500000000000003,1.9,
ground_truth,5,0,0,0,2,10,True,False,0.0932591781715284,0.9500000000000003,1.9,
ground_truth,5,0,0,0,2,11,True,False,0.0932591781715284,0.9500000000000003,1.9,
ground_truth,5,0,0,0,2,12,True,False,0.0932591781715284,0.9500000000000003,1.9,
ground_truth,5,0,0,0,2,13,True,False,0.0932591781715284,0.9500000000000003,1.9,
ground_truth,5,0,0,0,2,14,True,False,0.0932591781715284,0.9500000000000003,1.9,
ground_truth,5,0,0,0,2,15,True,False,0.0932591781715284,0.9500000000000003,1.9,
ground_truth,5,0,0,0,2,16,True,False,0.0932591781715284,0.9500000000000003,1.9,
ground_truth,5,0,0,0,2,17,True,False,0.0932591781715284,0.9500000000000003,1.9,
ground_truth,5,0,0,0,2,18,True,False,0.0932591781715284,0.9500000000000003,1.9,
ground_truth,5,0,0,0,2,19,True,False,0.0932591781715284,0.9500000000000003,1.9,
ground_truth,5,0,0,0,2,20,True,False,0.0932591781715284,0.9500000000000003,1.9,
ground_truth,5,0,0,0,2,21,True,False,0.0932591781715284,0.9500000000000003,1.9,
ground_truth,5,0,0,0,2,22,True,False,0.0932591781715284,0.9500000000000003,1.9,
ground_truth,5,0,0,0,2,23,True,False,0.0932591781715284,0.9500000000000003,1.9,
ground_truth,5,0,0,0,2,24,True,False,0.0932591781715284,0.9500000000000003,1.9,
ground_truth,5,0,0,0,2,25,True,False,0.0932591781715284,0.9500000000000003,1.9,
ground_truth,5,0,0,0,2,26,True,False,0.0932591781715284,0.9500000000000003,1.9,
ground_truth,5,0,0,0,2,27,True,False,0.0932591781715284,0.9500000000000003,1.9,
ground_truth,5,0,0,0,2,28,True,False,0.0932591781715284,0.9500000000000003,1.9,
ground_truth,5,0,0,0,2,29,True,False,0.0932591781715284,0.9500000000000003,1.9,
ground_truth,5,0,0,0,2,30,True,False,0.0932591781715284,0.9500000000000003,1.9,
ground_truth,5,0,0,0,2,31,True,False,0.0932591781715284,0.9500000000000003,1.9,
ground_truth,5,0,0,0,2,32,True,False,0.0932591781715284,0.9500000000000003,1.9,
ground_truth,5,0,0,0,2,33,True,False,0.0932591781715284,0.9500000000000003,1.9,
ground_truth,5,0,0,0,2,34,True,False,0.0932591781715284,0.9500000000000003,1.9,
ground_truth,5,0,0,0,2,35,True,False,0.0932591781715284,0.9500000000000003,1.9,
ground_truth,5,0,0,0,2,36,True,False,0.0932591781715284,0.9500000000000003,1.9,
ground_truth,5,0,0,0,2,37,True,False,0.0932591781715284,0.9500000000000003,1.9,
ground_truth,5,0,0,0,2,38,True,False,0.0932591781715284,0.9500000000000003,1.9,
ground_truth,5,0,0,0,2,39,True,False,0.0932591781715284,0.9500000000000003,1.9,
ground_truth,5,0,0,0,2,40,True,False,0.0932591781715284,0.9500000000000003,1.9,
ground_truth,5,0,0,0,2,41,True,False,0.0932591781715284,0.9500000000000003,1.9,
ground_truth,5,0,0,0,2,42,True,False,0.0932591781715284,0.9500000000000003,1.9,
ground_truth,5,0,0,0,2,43,True,False,0.0932591781715284,0.9500000000000003,1.9,
ground_truth,5,0,0,0,2,44,True,False,0.0932591781715284,0.9500000000000003,1.9,
ground_truth,5,0,0,0,2,45,True,False,0.0932591781715284,0.9500000000000003,1.9,
ground_truth,5,0,0,0,2,46,True,False,0.0932591781715284,0.9500000000000003,1.9,
ground_truth,5,0,0,0,2,47,True,False,0.0932591781715284,0.9500000000000003,1.9,
ground_truth,5,0,0,0,2,48,True,False,0.0932591781715284,0.9500000000000003,1.9,
ground_truth,5,0,0,0,2,49,True,False,0.0932591781715284,0.9500000000000003,1.9,
ground_truth,5,0,0,0,2,50,True,False,0.0932591781715284,0.9500000000000003,1.9,
ground_truth,5,0,0,0,2,51,True,False,0.0932591781715284,0.9500000000000003,1.9,
ground_truth,5,0,0,0,2,52,True,False,0.0932591781715284,0.9500000000000003,1.9,
ground_truth,5,0,0,0,2,53,True,False,0.0932591781715284,0.9500000000000003,1.9,
ground_truth,5,0,0,0,2,54,True,False,0.0932591781715284,0.9500000000000003,1.9,
ground_truth,5,0,0,0,2,55,True,False,0.0932591781715284,0.9500000000000003,1.9,
ground_truth,5,0,0,0,2,56,True,False,0.0932591781715284,0.9500000000000003,1.9,
ground_truth,5,0,0,0,2,57,True,False,0.0932591781715284,0.9500000000000003,1.9,
ground_truth,5,0,0,0,2,58,True,False,0.0932591781715284,0.9500000000000003,1.9,
ground_truth,5,0,0,0,2,59,True,False,0.0932591781715284,0.9500000000000003,1.9,
ground_truth,5,0,0,0,2,60,True,False,0.0932591781715284,0.9500000000000003,1.9,
ground_truth,5,0,0,0,2,61,True,False,0.0932591781715284,0.9500000000000003,1.9,
ground_truth,5,0,0,0,2,62,True,False,0.0932591781715284,0.9500000000000003,1.9,
ground_truth,5,0,0,0,2,63,True,False,0.0932591781715284,0.9500000000000003,1.9,
ground_truth,5,0,0,0,2,64,True,False,0.0932591781715284,0.9500000000000003,1.9,
ground_truth,5,0,0,0,2,65,True,False,0.0932591781715284,0.9500000000000003,1.9,
ground_truth,5,0,0,0,2,66,True,False,0.0932591781715284,0.9500000000000003,1.9,
ground_truth,5,0,0,0,2,67,True,False,0.0932591781715284,0.9500000000000003,1.9,
ground_truth,5,0,0,0,2,68,True,False,0.0932591781715284,0.9500000000000003,1.9,
ground_truth,5,0,0,0,2,69,True,False,0.0932591781715284,0.9500000000000003,1.9,
ground_truth,5,0,0,0,2,70,True,False,0.0932591781715284,0.9500000000000003,1.9,
ground_truth,5,0,0,0,2,71,True,False,0.0932591781715284,0.9500000000000003,1.9,
ground_truth,5,0,0,0,2,72,True,False,0.0932591781715284,0.9500000000000003,1.9,
ground_truth,5,0,0,0,2,73,True,False,0.0932591781715284,0.9500000000000003,1.9,
ground_truth,5,0,0,0,2,74,True,False,0.0932591781715284,0.9500000000000003,1.9,
ground_truth,5,0,0,0,2,75,True,False,0.0932591781715284,0.9500000000000003,1.9,
ground_truth,5,0,0,0,2,76,True,False,0.0932591781715284,0.9500000000000003,1.9,
ground_truth,5,0,0,0,2,77,True,False,0.0932591781715284,0.9500000000000003,1.9,
ground_truth,5,0,0,0,2,78,True,False,0.0932591781715284,0.9500000000000003,1.9,
ground_truth,5,0,0,0,2,79,True,False,0.0932591781715284,0.9500000000000003,1.9,
ground_truth,5,0,0,0,2,80,True,False,0.0932591781715284,0.9500000000000003,1.9,
ground_truth,5,0,0,0,2,81,True,False,0.0932591781715284,0.9500000000000003,1.9,
ground_truth,5,0,0,0,2,82,True,False,0.0932591781715284,0.9500000000000003,1.9,
ground_truth,5,0,0,0,2,83,True,False,0.0932591781715284,0.9500000000000003,1.9,
ground_truth,5,0,0,0,2,84,True,False,0.0932591781715284,0.9500000000000003,1.9,
ground_truth,5,0,0,0,2,85,True,False,0.0932591781715284,0.9500000000000003,1.9,
ground_truth,5,0,0,0,2,86,True,False,0.0932591781715284,0.9500000000000003,1.9,
ground_truth,5,0,0,0,2,87,True,False,0.0932591781715284,0.9500000000000003,1.9,
ground_truth,5,0,0,0,2,88,True,False,0.0932591781715284,0.9500000000000003,1.9,
ground_truth,5,0,0,0,2,89,True,False,0.0932591781715284,0.9500000000000003,1.9,
ground_truth,5,0,0,0,2,90,True,False,0.0932591781715284,0.9500000000000003,1.9,
ground_truth,5,0,0,0,2,91,True,False,0.0932591781715284,0.9500000000000003,1.9,
ground_truth,5,0,0,0,2,92,True,False,0.0932591781715284,0.9500000000000003,1.9,
ground_truth,5,0,0,0,2,93,True,False,0.0932591781715284,0.9500000000000003,1.9,
ground_truth,5,0,0,0,2,94,True,False,0.0932591781715284,0.9500000000000003,1.9,
ground_truth,5,0,0,0,2,95,True,False,0.0932591781715284,0.9500000000000003,1.9,
ground_truth,5,0,0,0,2,96,True,False,0.0932591781715284,0.9500000000000003,1.9,
ground_truth,5,0,0,0,2,97,True,False,0.0932591781715284,0.9500000000000003,1.9,
ground_truth,5,0,0,0,2,98,True,False,0.0932591781715284,0.9500000000000003,1.9,
ground_truth,5,0,0,0,2,99,True,False,0.0932591781715284,0.9500000000000003,1.9,
ground_truth,5,0,0,0,2,100,True,False,0.0932591781715284,0.9500000000000003,1.9,
noisy,5,0,0,0,2,1,False,True,-0.005572728614127165,,0.49054089961428676,0.08913387725973507
noisy,5,0,0,0,2,2,True,False,0.07392219956828128,1.1000000000000003,2.1840133887549764,0.18451190941301313
noisy,5,0,0,0,2,3,False,True,-0.004269636163003021,,0.7000000000000005,0.3270592394707381
noisy,5,0,0,0,2,4,True,False,0.12651208201026187,1.0500000000000003,2.0203422365970796,0.11539522000023385
noisy,5,0,0,0,2,5,True,False,0.1666414400383862,1.1000000000000003,2.1999999999999997,0.126302493368554
noisy,5,0,0,0,2,6,False,True,-0.06287107983525964,,0.5000000000000004,0.20651813830473945
noisy,5,0,0,0,2,7,True,False,0.05566573645026707,1.1500000000000004,1.9379399617102655,0.09813127114497329
noisy,5,0,0,0,2,8,True,False,0.23135797043204165,1.0000000000000002,2.0000000000000004,0.1999555057514558
noisy,5,0,0,0,2,9,True,False,0.12493518399942438,1.2000000000000004,2.032444730671028,0.09468837978612861
noisy,5,0,0,0,2,10,True,False,0.17720877113615474,1.1000000000000003,2.188876417779728,0.10524354054934655
noisy,5,0,0,0,2,11,False,True,-0.02610089868801646,,0.49999999999999983,0.13601773850169008
noisy,5,0,0,0,2,12,False,True,-0.000339968907172139,,0.48639832670702604,0.10461655667043726
noisy,5,0,0,0,2,13,True,False,0.008236453167542734,1.1000000000000003,2.1703953452186235,0.24423814271289843
noisy,5,0,0,0,2,14,True,False,0.05196054648115411,0.9500000000000003,1.8999999999999992,0.22498159040819724
noisy,5,0,0,0,2,15,True,False,0.20684510704726922,1.1000000000000003,2.2000000000000015,0.14825271262463458
noisy,5,0,0,0,2,16,True,False,0.024874495815316422,1.3000000000000005,2.2938012542904955,0.13600484427428816
noisy,5,0,0,0,2,17,False,True,-0.022295219074008,,0.5000000000000002,0.11520914549262455
noisy,5,0,0,0,2,18,True,False,0.13789107899667852,1.1500000000000004,2.300000000000001,0.1549376628681097
noisy,5,0,0,0,2,19,False,True,-0.0009923431959582008,,0.5387587180779335,0.1060712390738297
noisy,5,0,0,0,2,20,False,True,-0.03382608502624418,,0.5745801262259272,0.12562623722560887
noisy,5,0,0,0,2,21,False,True,-0.04540561391200848,,0.5000000000000001,0.15526958129750704
noisy,5,0,0,0,2,22,True,False,0.20626351631539275,1.1500000000000004,2.2794140489390804,0.16703539145439286
noisy,5,0,0,0,2,23,True,False,0.01576321726408847,1.1000000000000003,1.9071402666614423,0.15397240044216176
noisy,5,0,0,0,2,24,False,True,-0.03455767400888399,,0.4999999999999998,0.13936389348734224
noisy,5,0,0,0,2,25,True,False,0.04208693261172525,1.1000000000000003,1.9918493150151697,0.14927077843941536
noisy,5,0,0,0,2,26,True,False,0.21016778344525977,1.1000000000000003,2.200000000000001,0.2388808212738037
noisy,5,0,0,0,2,27,False,True,-0.04774704407597552,,0.49999999999999944,0.14755396182319086
noisy,5,0,0,0,2,28,True,False,0.16603839405652865,1.1500000000000004,2.033647970753356,0.10372592093969032
noisy,5,0,0,0,2,29,True,False,0.09950300506236132,1.1500000000000004,2.072514743179462,0.030481804862360684
noisy,5,0,0,0,2,30,False,True,-0.05915887304468015,,0.49999999999999956,0.17412538363794675
noisy,5,0,0,0,2,31,True,False,0.09124067473528918,1.2000000000000004,2.0347790646133057,0.09032508749165556
noisy,5,0,0,0,2,32,False,True,-0.031934127636850995,,0.5000000000000004,0.11794667986440509
noisy,5,0,0,0,2,33,True,False,0.05812185311301965,1.0000000000000002,1.9841220581944092,0.10549416474013816
noisy,5,0,0,0,2,34,True,False,0.1099274007075337,1.1000000000000003,2.1943168375153426,0.08844150934829247
noisy,5,0,0,0,2,35,False,True,-0.006049293389216892,,0.7237677007318506,0.15046231039463204
noisy,5,0,0,0,2,36,True,False,0.16986836451144316,1.1500000000000004,2.266775114455582,0.09576394628040917
noisy,5,0,0,0,2,37,True,False,0.01929962589047074,1.1000000000000003,2.1422764253614557,0.19380978432462642
noisy,5,0,0,0,2,38,False,True,-0.03154982705149201,,0.5,0.14522970134639646
noisy,5,0,0,0,2,39,True,False,0.053901903369582005,1.1500000000000004,1.9414675010211924,0.1416781139436702
noisy,5,0,0,0,2,40,True,False,0.1861155518284494,1.0500000000000003,2.100000000000001,0.14371200848397114
noisy,5,0,0,0,2,41,True,False,0.1616145889145848,1.1500000000000004,1.8989123073422938,0.12883712830256572
noisy,5,0,0,0,2,42,True,False,0.08031904010713342,1.0000000000000002,2.0,0.14120873767708342
noisy,5,0,0,0,2,43,False,True,-0.005976755105918219,,0.5536513450391406,0.07208147374701124
noisy,5,0,0,0,2,44,False,True,-0.030327623128064474,,0.5000000000000001,0.1449577375139353
noisy,5,0,0,0,2,45,True,False,0.12318083948927505,1.1000000000000003,2.189645765944359,0.08347298858426526
noisy,5,0,0,0,2,46,False,True,-0.027444173593074606,,0.5788513040136983,0.13176424094412945
noisy,5,0,0,0,2,47,True,False,0.11911010740934791,1.1000000000000003,1.947321202618212,0.1522570407286289
noisy,5,0,0,0,2,48,False,True,-0.010628650288382557,,0.4996557165422558,0.13842073050188372
noisy,5,0,0,0,2,49,False,True,-0.04824046375072211,,0.4999999999999999,0.14957451521413423
noisy,5,0,0,0,2,50,True,False,0.048958423334859225,1.1500000000000004,2.258233577450866,0.1420422679486831
noisy,5,0,0,0,2,51,True,False,0.1317166386652855,1.1000000000000003,2.2000000000000024,0.1436276001884824
noisy,5,0,0,0,2,52,True,False,0.12693798554252678,1.2000000000000004,2.031945740782704,0.05544515890233102
noisy,5,0,0,0,2,53,True,False,0.08874898579783586,1.0000000000000002,1.9999999999999984,0.14353892161237802
noisy,5,0,0,0,2,54,True,False,0.15516353590164766,1.1000000000000003,2.138299627344202,0.12424551447986894
noisy,5,0,0,0,2,55,True,False,0.06277170339745597,1.0000000000000002,1.9891820642969549,0.23685821488558556
noisy,5,0,0,0,2,56,True,False,0.12523525877616604,1.2500000000000004,2.0680721174587307,0.1483229977658267
noisy,5,0,0,0,2,57,True,False,0.017585223301323838,1.1500000000000004,1.9474444311558918,0.11086641384988434
noisy,5,0,0,0,2,58,True,False,0.11151022025835888,1.1000000000000003,1.950432370849631,0.10677565157205997
noisy,5,0,0,0,2,59,False,True,-0.023989004639850764,,0.6000000000000003,0.1892484423657687
noisy,5,0,0,0,2,60,True,False,0.16559759877772473,1.0500000000000003,2.08416603562487,0.1718719646233201
noisy,5,0,0,0,2,61,True,False,0.14568659102181725,1.0000000000000002,2.000000000000003,0.15798526833683
noisy,5,0,0,0,2,62,True,False,0.18280781381079048,1.0500000000000003,2.1000000000000028,0.16877360985096562
noisy,5,0,0,0,2,63,False,True,-0.051749297033113484,,0.49999999999999983,0.24294809909831322
noisy,5,0,0,0,2,64,True,False,0.11670024303670967,1.1500000000000004,2.2143597758145446,0.10843755298934833
noisy,5,0,0,0,2,65,True,False,0.15442733816465015,1.1500000000000004,1.9689936074870515,0.11798307344112768
noisy,5,0,0,0,2,66,True,False,0.046657430416800816,1.0000000000000002,1.9778346478287452,0.12871978749611468
noisy,5,0,0,0,2,67,True,False,0.11382655831338084,1.2000000000000004,2.2037053411955148,0.10358105018458878
noisy,5,0,0,0,2,68,False,True,-0.0680751338884622,,0.49999999999999983,0.2056961510294473
noisy,5,0,0,0,2,69,False,True,-0.0017440737751219793,,0.4999999999999997,0.07904996414550113
noisy,5,0,0,0,2,70,True,False,0.10876046740409717,1.1000000000000003,2.2000000000000015,0.10669842058333924
noisy,5,0,0,0,2,71,True,False,0.03538868441565901,1.2000000000000004,2.048893680289735,0.09432496555966302
noisy,5,0,0,0,2,72,True,False,0.1533873234555625,1.1000000000000003,2.0558439415847647,0.16380463363615178
noisy,5,0,0,0,2,73,True,False,0.011551768330742451,1.3000000000000005,2.426701618876632,0.10305922113071672
noisy,5,0,0,0,2,74,True,False,0.04076172054832661,1.1000000000000003,1.8941542265394242,0.055852729508863816
noisy,5,0,0,0,2,75,True,False,0.14341169906827966,1.2500000000000004,1.9908601098273766,0.10270558862246912
noisy,5,0,0,0,2,76,False,True,-0.002345395681599749,,0.5000000000000003,0.18414907415405318
noisy,5,0,0,0,2,77,True,False,0.05605590696209428,1.1000000000000003,2.1846694825369086,0.12645055735421007
noisy,5,0,0,0,2,78,True,False,0.10712156456468525,1.2500000000000004,2.0336590076108894,0.09728059652629074
noisy,5,0,0,0,2,79,True,False,0.046643555744650955,1.1000000000000003,2.199999999999999,0.14711326835359598
noisy,5,0,0,0,2,80,True,False,0.01375591917553054,1.0000000000000002,1.924963106152721,0.11480934107884089
noisy,5,0,0,0,2,81,False,True,-0.017146951373513186,,0.4990706744308636,0.09597699848416437
noisy,5,0,0,0,2,82,False,True,-0.07028790592679623,,0.5,0.20102802959007784
noisy,5,0,0,0,2,83,True,False,0.1973315906570836,1.0500000000000003,2.095007070212975,0.11378022025683146
noisy,5,0,0,0,2,84,True,False,0.20284866788404243,1.0500000000000003,2.0871340619675074,0.13552004353259722
noisy,5,0,0,0,2,85,True,False,0.015062674581719504,1.0000000000000002,2.0000000000000018,0.11607485057763946
noisy,5,0,0,0,2,86,True,False,0.20913745253053562,1.1000000000000003,2.1671789447531427,0.11726539385138485
noisy,5,0,0,0,2,87,True,False,0.03592815768144586,1.0500000000000003,1.9466690938944917,0.11269018070428273
noisy,5,0,0,0,2,88,True,False,0.14141162002995733,1.0500000000000003,2.097847520976793,0.08845589010620546
noisy,5,0,0,0,2,89,True,False,0.11857756832262134,1.1500000000000004,2.2406687623740247,0.07282298609539699
noisy,5,0,0,0,2,90,False,True,-0.020310016804336417,,0.5000000000000001,0.1876411445572736
noisy,5,0,0,0,2,91,False,True,-0.0056369667210127705,,0.5560504644522124,0.07348060978607882
noisy,5,0,0,0,2,92,True,False,0.28393090681046407,1.1000000000000003,2.2000000000000006,0.17831692248139513
noisy,5,0,0,0,2,93,True,False,0.020553611948085138,1.1000000000000003,2.1989300868560684,0.12495297707959727
noisy,5,0,0,0,2,94,False,True,-0.025646184998224575,,0.5000000000000003,0.11352584606076566
noisy,5,0,0,0,2,95,True,False,0.09596056964985067,1.1000000000000003,2.1223254200759567,0.0631675172675766
noisy,5,0,0,0,2,96,False,True,-0.02223653397511427,,0.6000000000000005,0.16964846753268073
noisy,5,0,0,0,2,97,False,True,-0.032429426469855915,,0.567109016006739,0.11889014139218566
noisy,5,0,0,0,2,98,True,False,0.1845301308119951,1.1000000000000003,2.2,0.11302654732734282
noisy,5,0,0,0,2,99,True,False,0.08135468102151888,1.0000000000000002,1.9783552972905227,0.12034744682896197
noisy,5,0,0,0,2,100,True,False,0.15371829701210693,1.1500000000000004,1.879218371534471,0.11004652251133111
kalman,5,0,0,0,2,1,False,True,-0.005572728614127165,,0.49054089961428676,0.08913387725973507
kalman,5,0,0,0,2,2,True,False,0.07392219956828128,1.1500000000000004,2.2840133887549756,0.258725851103676
kalman,5,0,0,0,2,3,False,True,-0.004269636163003021,,0.7000000000000005,0.3270592394707381
kalman,5,0,0,0,2,4,True,False,0.12651208201026187,1.0500000000000003,2.0203422365970787,0.12533930686162484
kalman,5,0,0,0,2,5,True,False,0.1666414400383862,1.1500000000000004,2.2849646495484692,0.1562205124029371
kalman,5,0,0,0,2,6,False,True,-0.06287107983525964,,0.5000000000000004,0.20651813830473945
kalman,5,0,0,0,2,7,True,False,0.05566573645026707,1.2000000000000004,2.037939961710266,0.1484615017125469
kalman,5,0,0,0,2,8,True,False,0.23135797043204165,1.0000000000000002,2.0000000000000013,0.20114884606901764
kalman,5,0,0,0,2,9,True,False,0.12493518399942438,1.2500000000000004,2.1324447306710286,0.1701842808927777
kalman,5,0,0,0,2,10,True,False,0.17720877113615474,1.1000000000000003,2.193763163675387,0.1509055890116008
kalman,5,0,0,0,2,11,False,True,-0.02610089868801646,,0.49999999999999983,0.13601773850169008
kalman,5,0,0,0,2,12,False,True,-0.000339968907172139,,0.48639832670702604,0.10461655667043726
kalman,5,0,0,0,2,13,True,False,0.008236453167542734,1.1500000000000004,2.2288143888088916,0.26650237556461054
kalman,5,0,0,0,2,14,True,False,0.05196054648115411,1.0000000000000002,1.999999999999999,0.22484226761836487
kalman,5,0,0,0,2,15,True,False,0.20684510704726922,1.1500000000000004,2.3000000000000016,0.19374247653588614
kalman,5,0,0,0,2,16,True,False,0.025039261489230746,1.3500000000000005,2.3938012542904947,0.19545164324478628
kalman,5,0,0,0,2,17,False,True,-0.022295219074008,,0.5000000000000002,0.11520914549262455
kalman,5,0,0,0,2,18,True,False,0.13789107899667852,1.2000000000000004,2.388395405268912,0.23223016885765102
kalman,5,0,0,0,2,19,False,True,-0.0009923431959582008,,0.5387587180779335,0.1060712390738297
kalman,5,0,0,0,2,20,False,True,-0.03382608502624418,,0.5745801262259272,0.12562623722560887
kalman,5,0,0,0,2,21,False,True,-0.04540561391200848,,0.5000000000000001,0.15526958129750704
kalman,5,0,0,0,2,22,True,False,0.20626351631539275,1.2000000000000004,2.361736888722472,0.22917605964377744
kalman,5,0,0,0,2,23,True,False,0.01576321726408847,1.1000000000000003,1.9071402666614414,0.19536411701945708
kalman,5,0,0,0,2,24,False,True,-0.03455767400888399,,0.4999999999999998,0.13936389348734224
kalman,5,0,0,0,2,25,True,False,0.04208693261172525,1.1000000000000003,1.9918493150151695,0.15935056608038967
kalman,5,0,0,0,2,26,True,False,0.21016778344525977,1.1500000000000004,2.260415401249436,0.27188126980320376
kalman,5,0,0,0,2,27,False,True,-0.04774704407597552,,0.49999999999999944,0.14755396182319086
kalman,5,0,0,0,2,28,True,False,0.16603839405652865,1.2000000000000004,2.1336479707533584,0.10819353615876492
kalman,5,0,0,0,2,29,True,False,0.09950300506236132,1.1500000000000004,2.0725147431794624,0.10653258828626587
kalman,5,0,0,0,2,30,False,True,-0.05915887304468015,,0.49999999999999956,0.17412538363794675
kalman,5,0,0,0,2,31,True,False,0.09124067473528918,1.2500000000000004,2.1347790646133045,0.1527360187177736
kalman,5,0,0,0,2,32,False,True,-0.031934127636850995,,0.5000000000000004,0.11794667986440509
kalman,5,0,0,0,2,33,True,False,0.05812185311301965,1.0000000000000002,1.9841220581944083,0.12734699588095952
kalman,5,0,0,0,2,34,True,False,0.1099274007075337,1.1000000000000003,2.1930704724472156,0.1570388998633851
kalman,5,0,0,0,2,35,False,True,-0.0058772997691953766,,0.7237677007318506,0.15160853223769535
kalman,5,0,0,0,2,36,True,False,0.16986836451144316,1.2000000000000004,2.349689098403053,0.16236818730747868
kalman,5,0,0,0,2,37,True,False,0.01929962589047074,1.1500000000000004,2.242276425361455,0.13575916962750118
kalman,5,0,0,0,2,38,False,True,-0.03154982705149201,,0.5,0.14522970134639646
kalman,5,0,0,0,2,39,True,False,0.053901903369582005,1.1500000000000004,1.9414675010211926,0.15850465911480044
kalman,5,0,0,0,2,40,True,False,0.1861155518284494,1.0500000000000003,2.1000000000000014,0.1676228653505894
kalman,5,0,0,0,2,41,True,False,0.1616145889145848,1.1500000000000004,1.8989123073422924,0.11282471199827919
kalman,5,0,0,0,2,42,True,False,0.08031904010713342,1.0000000000000002,1.9999999999999998,0.1468073409258809
kalman,5,0,0,0,2,43,False,True,-0.005976755105918219,,0.5536513450391406,0.07208147374701124
kalman,5,0,0,0,2,44,False,True,-0.030327623128064474,,0.5000000000000001,0.1449577375139353
kalman,5,0,0,0,2,45,True,False,0.12318083948927505,1.1000000000000003,2.1891079308137313,0.14346708821623863
kalman,5,0,0,0,2,46,False,True,-0.027444173593074606,,0.5788513040136983,0.13176424094412945
kalman,5,0,0,0,2,47,True,False,0.11911010740934791,1.1000000000000003,1.947321202618212,0.16776091565083237
kalman,5,0,0,0,2,48,False,True,-0.010628650288382557,,0.4996557165422558,0.13842073050188372
kalman,5,0,0,0,2,49,False,True,-0.04824046375072211,,0.4999999999999999,0.14957451521413423
kalman,5,0,0,0,2,50,True,False,0.048958423334859225,1.2000000000000004,2.351893328467371,0.21596467305489497
kalman,5,0,0,0,2,51,True,False,0.1317166386652855,1.1000000000000003,2.1995756119992937,0.17573301977171416
kalman,5,0,0,0,2,52,True,False,0.12693798554252678,1.2500000000000004,2.1319457407827027,0.12925140758002693
kalman,5,0,0,0,2,53,True,False,0.08874898579783586,1.0000000000000002,1.9999999999999998,0.1503909699634225
kalman,5,0,0,0,2,54,True,False,0.15516353590164766,1.1000000000000003,2.138299627344201,0.15172247330848035
kalman,5,0,0,0,2,55,True,False,0.06277170339745597,1.0000000000000002,1.984638006874408,0.22846629181575903
kalman,5,0,0,0,2,56,True,False,0.12523525877616604,1.3000000000000005,2.1520861111290905,0.20032780202330155
kalman,5,0,0,0,2,57,True,False,0.017585223301323838,1.2000000000000004,2.047444431155892,0.12662439190493666
kalman,5,0,0,0,2,58,True,False,0.11151022025835888,1.1500000000000004,2.050432370849633,0.13061612762734376
kalman,5,0,0,0,2,59,False,True,-0.023989004639850764,,0.6000000000000003,0.1892484423657687
kalman,5,0,0,0,2,60,True,False,0.16559759877772473,1.1000000000000003,2.18416603562487,0.17445909521411615
kalman,5,0,0,0,2,61,True,False,0.14568659102181725,1.0000000000000002,2.0,0.14057032131807978
kalman,5,0,0,0,2,62,True,False,0.18280781381079048,1.0500000000000003,2.1000000000000023,0.12042220072741004
kalman,5,0,0,0,2,63,False,True,-0.051749297033113484,,0.49999999999999983,0.24294809909831322
kalman,5,0,0,0,2,64,True,False,0.11670024303670967,1.2000000000000004,2.3114218316738047,0.16656487306454373
kalman,5,0,0,0,2,65,True,False,0.15442733816465015,1.1500000000000004,1.9689936074870513,0.1533411830737922
kalman,5,0,0,0,2,66,True,False,0.046657430416800816,1.0000000000000002,1.9778346478287454,0.1491647623168267
kalman,5,0,0,0,2,67,True,False,0.11382655831338084,1.2500000000000004,2.299013669775542,0.1858689397654027
kalman,5,0,0,0,2,68,False,True,-0.0680751338884622,,0.49999999999999983,0.2056961510294473
kalman,5,0,0,0,2,69,False,True,-0.0017440737751219793,,0.4999999999999997,0.07904996414550113
kalman,5,0,0,0,2,70,True,False,0.10876046740409717,1.1500000000000004,2.287638444390663,0.17295328152517053
kalman,5,0,0,0,2,71,True,False,0.03538868441565901,1.2500000000000004,2.148893680289736,0.08343013290155034
kalman,5,0,0,0,2,72,True,False,0.1533873234555625,1.1000000000000003,2.0558439415847647,0.1720833724719572
kalman,5,0,0,0,2,73,True,False,0.012180737367547101,1.3500000000000005,2.526701618876633,0.11769255218979498
kalman,5,0,0,0,2,74,True,False,0.04076172054832661,1.1500000000000004,1.9941542265394245,0.1015070065999024
kalman,5,0,0,0,2,75,True,False,0.14341169906827966,1.3000000000000005,2.090860109827378,0.1717001817949032
kalman,5,0,0,0,2,76,False,True,-0.002345395681599749,,0.5000000000000003,0.18414907415405318
kalman,5,0,0,0,2,77,True,False,0.05605590696209428,1.1000000000000003,2.184669482536909,0.1954565918375134
kalman,5,0,0,0,2,78,True,False,0.10712156456468525,1.3000000000000005,2.133659007610892,0.17167649485472217
kalman,5,0,0,0,2,79,True,False,0.046643555744650955,1.1500000000000004,2.2999999999999994,0.19635487897884463
kalman,5,0,0,0,2,80,True,False,0.01375591917553054,1.0000000000000002,1.9249631061527193,0.13831728883782304
kalman,5,0,0,0,2,81,False,True,-0.017146951373513186,,0.4990706744308636,0.09597699848416437
kalman,5,0,0,0,2,82,False,True,-0.07028790592679623,,0.5,0.20102802959007784
kalman,5,0,0,0,2,83,True,False,0.1973315906570836,1.1000000000000003,2.1950070702129745,0.1238503704350132
kalman,5,0,0,0,2,84,True,False,0.20284866788404243,1.1000000000000003,2.183447057565729,0.15654544281029859
kalman,5,0,0,0,2,85,True,False,0.015062674581719504,1.0500000000000003,2.100000000000003,0.15670018164696473
kalman,5,0,0,0,2,86,True,False,0.20913745253053562,1.1000000000000003,2.1671789447531435,0.14566684807133823
kalman,5,0,0,0,2,87,True,False,0.03592815768144586,1.1000000000000003,2.043440324776988,0.14875459130910276
kalman,5,0,0,0,2,88,True,False,0.14141162002995733,1.1000000000000003,2.187652864947431,0.10693285717921984
kalman,5,0,0,0,2,89,True,False,0.11857756832262134,1.1500000000000004,2.2427673673426742,0.14916177734084196
kalman,5,0,0,0,2,90,False,True,-0.020310016804336417,,0.5000000000000001,0.1876411445572736
kalman,5,0,0,0,2,91,False,True,-0.0056369667210127705,,0.5560504644522124,0.07348060978607882
kalman,5,0,0,0,2,92,True,False,0.28393090681046407,1.1000000000000003,2.1999999999999997,0.20428494364128802
kalman,5,0,0,0,2,93,True,False,0.020553611948085138,1.1000000000000003,2.198930086856069,0.17397450420993907
kalman,5,0,0,0,2,94,False,True,-0.025646184998224575,,0.5000000000000003,0.11352584606076566
kalman,5,0,0,0,2,95,True,False,0.09596056964985067,1.1000000000000003,2.124851180964821,0.10839417502191358
kalman,5,0,0,0,2,96,False,True,-0.02223653397511427,,0.6000000000000005,0.16964846753268073
kalman,5,0,0,0,2,97,False,True,-0.032429426469855915,,0.567109016006739,0.11889014139218566
kalman,5,0,0,0,2,98,True,False,0.1845301308119951,1.1000000000000003,2.1987623199585085,0.17029009841356071
kalman,5,0,0,0,2,99,True,False,0.08135468102151888,1.0000000000000002,1.9783552972905238,0.11629327056778366
kalman,5,0,0,0,2,100,True,False,0.15371829701210693,1.2000000000000004,1.9792183715344693,0.1415577310868782
ground_truth,5,0,0,0,4,1,True,False,0.0932591781715284,0.9500000000000003,1.9,
ground_truth,5,0,0,0,4,2,True,False,0.0932591781715284,0.9500000000000003,1.9,
ground_truth,5,0,0,0,4,3,True,False,0.0932591781715284,0.9500000000000003,1.9,
ground_truth,5,0,0,0,4,4,True,False,0.0932591781715284,0.9500000000000003,1.9,
ground_truth,5,0,0,0,4,5,True,False,0.0932591781715284,0.9500000000000003,1.9,
ground_truth,5,0,0,0,4,6,True,False,0.0932591781715284,0.9500000000000003,1.9,
ground_truth,5,0,0,0,4,7,True,False,0.0932591781715284,0.9500000000000003,1.9,
ground_truth,5,0,0,0,4,8,True,False,0.0932591781715284,0.9500000000000003,1.9,
ground_truth,5,0,0,0,4,9,True,False,0.0932591781715284,0.9500000000000003,1.9,
ground_truth,5,0,0,0,4,10,True,False,0.0932591781715284,0.9500000000000003,1.9,
ground_truth,5,0,0,0,4,11,True,False,0.0932591781715284,0.9500000000000003,1.9,
ground_truth,5,0,0,0,4,12,True,False,0.0932591781715284,0.9500000000000003,1.9,
ground_truth,5,0,0,0,4,13,True,False,0.0932591781715284,0.9500000000000003,1.9,
ground_truth,5,0,0,0,4,14,True,False,0.0932591781715284,0.9500000000000003,1.9,
ground_truth,5,0,0,0,4,15,True,False,0.0932591781715284,0.9500000000000003,1.9,
ground_truth,5,0,0,0,4,16,True,False,0.0932591781715284,0.9500000000000003,1.9,
ground_truth,5,0,0,0,4,17,True,False,0.0932591781715284,0.9500000000000003,1.9,
ground_truth,5,0,0,0,4,18,True,False,0.0932591781715284,0.9500000000000003,1.9,
ground_truth,5,0,0,0,4,19,True,False,0.0932591781715284,0.9500000000000003,1.9,
ground_truth,5,0,0,0,4,20,True,False,0.0932591781715284,0.9500000000000003,1.9,
ground_truth,5,0,0,0,4,21,True,False,0.0932591781715284,0.9500000000000003,1.9,
ground_truth,5,0,0,0,4,22,True,False,0.0932591781715284,0.9500000000000003,1.9,
ground_truth,5,0,0,0,4,23,True,False,0.0932591781715284,0.9500000000000003,1.9,
ground_truth,5,0,0,0,4,24,True,False,0.0932591781715284,0.9500000000000003,1.9,
ground_truth,5,0,0,0,4,25,True,False,0.0932591781715284,0.9500000000000003,1.9,
ground_truth,5,0,0,0,4,26,True,False,0.0932591781715284,0.9500000000000003,1.9,
ground_truth,5,0,0,0,4,27,True,False,0.0932591781715284,0.9500000000000003,1.9,
ground_truth,5,0,0,0,4,28,True,False,0.0932591781715284,0.9500000000000003,1.9,
ground_truth,5,0,0,0,4,29,True,False,0.0932591781715284,0.9500000000000003,1.9,
ground_truth,5,0,0,0,4,30,True,False,0.0932591781715284,0.9500000000000003,1.9,
ground_truth,5,0,0,0,4,31,True,False,0.0932591781715284,0.9500000000000003,1.9,
ground_truth,5,0,0,0,4,32,True,False,0.0932591781715284,0.9500000000000003,1.9,
ground_truth,5,0,0,0,4,33,True,False,0.0932591781715284,0.9500000000000003,1.9,
ground_truth,5,0,0,0,4,34,True,False,0.0932591781715284,0.9500000000000003,1.9,
ground_truth,5,0,0,0,4,35,True,False,0.0932591781715284,0.9500000000000003,1.9,
ground_truth,5,0,0,0,4,36,True,False,0.0932591781715284,0.9500000000000003,1.9,
ground_truth,5,0,0,0,4,37,True,False,0.0932591781715284,0.9500000000000003,1.9,
ground_truth,5,0,0,0,4,38,True,False,0.0932591781715284,0.9500000000000003,1.9,
ground_truth,5,0,0,0,4,39,True,False,0.0932591781715284,0.9500000000000003,1.9,
ground_truth,5,0,0,0,4,40,True,False,0.0932591781715284,0.9500000000000003,1.9,
ground_truth,5,0,0,0,4,41,True,False,0.0932591781715284,0.9500000000000003,1.9,
ground_truth,5,0,0,0,4,42,True,False,0.0932591781715284,0.9500000000000003,1.9,
ground_truth,5,0,0,0,4,43,True,False,0.0932591781715284,0.9500000000000003,1.9,
ground_truth,5,0,0,0,4,44,True,False,0.0932591781715284,0.9500000000000003,1.9,
ground_truth,5,0,0,0,4,45,True,False,0.0932591781715284,0.9500000000000003,1.9,
ground_truth,5,0,0,0,4,46,True,False,0.0932591781715284,0.9500000000000003,1.9,
ground_truth,5,0,0,0,4,47,True,False,0.0932591781715284,0.9500000000000003,1.9,
ground_truth,5,0,0,0,4,48,True,False,0.0932591781715284,0.9500000000000003,1.9,
ground_truth,5,0,0,0,4,49,True,False,0.0932591781715284,0.9500000000000003,1.9,
ground_truth,5,0,0,0,4,50,True,False,0.0932591781715284,0.9500000000000003,1.9,
ground_truth,5,0,0,0,4,51,True,False,0.0932591781715284,0.9500000000000003,1.9,
ground_truth,5,0,0,0,4,52,True,False,0.0932591781715284,0.9500000000000003,1.9,
ground_truth,5,0,0,0,4,53,True,False,0.0932591781715284,0.9500000000000003,1.9,
ground_truth,5,0,0,0,4,54,True,False,0.0932591781715284,0.9500000000000003,1.9,
ground_truth,5,0,0,0,4,55,True,False,0.0932591781715284,0.9500000000000003,1.9,
ground_truth,5,0,0,0,4,56,True,False,0.0932591781715284,0.9500000000000003,1.9,
ground_truth,5,0,0,0,4,57,True,False,0.0932591781715284,0.9500000000000003,1.9,
ground_truth,5,0,0,0,4,58,True,False,0.0932591781715284,0.9500000000000003,1.9,
ground_truth,5,0,0,0,4,59,True,False,0.0932591781715284,0.9500000000000003,1.9,
ground_truth,5,0,0,0,4,60,True,False,0.0932591781715284,0.9500000000000003,1.9,
ground_truth,5,0,0,0,4,61,True,False,0.0932591781715284,0.9500000000000003,1.9,
ground_truth,5,0,0,0,4,62,True,False,0.0932591781715284,0.9500000000000003,1.9,
ground_truth,5,0,0,0,4,63,True,False,0.0932591781715284,0.9500000000000003,1.9,
ground_truth,5,0,0,0,4,64,True,False,0.0932591781715284,0.9500000000000003,1.9,
ground_truth,5,0,0,0,4,65,True,False,0.0932591781715284,0.9500000000000003,1.9,
ground_truth,5,0,0,0,4,66,True,False,0.0932591781715284,0.9500000000000003,1.9,
ground_truth,5,0,0,0,4,67,True,False,0.0932591781715284,0.9500000000000003,1.9,
ground_truth,5,0,0,0,4,68,True,False,0.0932591781715284,0.9500000000000003,1.9,
ground_truth,5,0,0,0,4,69,True,False,0.0932591781715284,0.9500000000000003,1.9,
ground_truth,5,0,0,0,4,70,True,False,0.0932591781715284,0.9500000000000003,1.9,
ground_truth,5,0,0,0,4,71,True,False,0.0932591781715284,0.9500000000000003,1.9,
ground_truth,5,0,0,0,4,72,True,False,0.0932591781715284,0.9500000000000003,1.9,
ground_truth,5,0,0,0,4,73,True,False,0.0932591781715284,0.9500000000000003,1.9,
ground_truth,5,0,0,0,4,74,True,False,0.0932591781715284,0.9500000000000003,1.9,
ground_truth,5,0,0,0,4,75,True,False,0.0932591781715284,0.9500000000000003,1.9,
ground_truth,5,0,0,0,4,76,True,False,0.0932591781715284,0.9500000000000003,1.9,
ground_truth,5,0,0,0,4,77,True,False,0.0932591781715284,0.9500000000000003,1.9,
ground_truth,5,0,0,0,4,78,True,False,0.0932591781715284,0.9500000000000003,1.9,
ground_truth,5,0,0,0,4,79,True,False,0.0932591781715284,0.9500000000000003,1.9,
ground_truth,5,0,0,0,4,80,True,False,0.0932591781715284,0.9500000000000003,1.9,
ground_truth,5,0,0,0,4,81,True,False,0.0932591781715284,0.9500000000000003,1.9,
ground_truth,5,0,0,0,4,82,True,False,0.0932591781715284,0.9500000000000003,1.9,
ground_truth,5,0,0,0,4,83,True,False,0.0932591781715284,0.9500000000000003,1.9,
ground_truth,5,0,0,0,4,84,True,False,0.0932591781715284,0.9500000000000003,1.9,
ground_truth,5,0,0,0,4,85,True,False,0.0932591781715284,0.9500000000000003,1.9,
ground_truth,5,0,0,0,4,86,True,False,0.0932591781715284,0.9500000000000003,1.9,
ground_truth,5,0,0,0,4,87,True,False,0.0932591781715284,0.9500000000000003,1.9,
ground_truth,5,0,0,0,4,88,True,False,0.0932591781715284,0.9500000000000003,1.9,
ground_truth,5,0,0,0,4,89,True,False,0.0932591781715284,0.9500000000000003,1.9,
ground_truth,5,0,0,0,4,90,True,False,0.0932591781715284,0.9500000000000003,1.9,
ground_truth,5,0,0,0,4,91,True,False,0.0932591781715284,0.9500000000000003,1.9,
ground_truth,5,0,0,0,4,92,True,False,0.0932591781715284,0.9500000000000003,1.9,
ground_truth,5,0,0,0,4,93,True,False,0.0932591781715284,0.9500000000000003,1.9,
ground_truth,5,0,0,0,4,94,True,False,0.0932591781715284,0.9500000000000003,1.9,
ground_truth,5,0,0,0,4,95,True,False,0.0932591781715284,0.9500000000000003,1.9,
ground_truth,5,0,0,0,4,96,True,False,0.0932591781715284,0.9500000000000003,1.9,
ground_truth,5,0,0,0,4,97,True,False,0.0932591781715284,0.9500000000000003,1.9,
ground_truth,5,0,0,0,4,98,True,False,0.0932591781715284,0.9500000000000003,1.9,
ground_truth,5,0,0,0,4,99,True,False,0.0932591781715284,0.9500000000000003,1.9,
ground_truth,5,0,0,0,4,100,True,False,0.0932591781715284,0.9500000000000003,1.9,
noisy,5,0,0,0,4,1,True,False,0.11399585785064015,1.1000000000000003,2.199999999999999,0.09586048063652713
noisy,5,0,0,0,4,2,True,False,0.13983049421671012,1.1000000000000003,2.1786303739431787,0.15627778416731028
noisy,5,0,0,0,4,3,True,False,0.11485716144371927,1.0000000000000002,1.991221607169394,0.23227948176216642
noisy,5,0,0,0,4,4,True,False,0.03857377500937886,1.0000000000000002,2.000000000000001,0.09454730897547597
noisy,5,0,0,0,4,5,True,False,0.10024244998276521,1.0000000000000002,2.000000000000001,0.14839776036764107
noisy,5,0,0,0,4,6,True,False,0.06685513127126552,1.1000000000000003,2.1928767143538,0.13547799878423042
noisy,5,0,0,0,4,7,True,False,0.10849560189694873,1.0500000000000003,2.1,0.09370956402107088
noisy,5,0,0,0,4,8,True,False,0.1151127644676262,1.0500000000000003,2.0874261487620704,0.18723126795942077
noisy,5,0,0,0,4,9,True,False,0.03726074665823975,1.0000000000000002,1.9822512852142167,0.1669082544359016
noisy,5,0,0,0,4,10,True,False,0.1030267411464787,1.0000000000000002,2.0000000000000018,0.09183520027344282
noisy,5,0,0,0,4,11,True,False,0.08781761875957383,1.0500000000000003,2.0999999999999988,0.13323109385117726
noisy,5,0,0,0,4,12,False,True,-0.0003232417416862976,,0.4999999999999997,0.14558523153787703
noisy,5,0,0,0,4,13,True,False,0.09560735539367315,1.0000000000000002,1.9999999999999991,0.19492621301440965
noisy,5,0,0,0,4,14,True,False,0.14378933813902717,1.1000000000000003,2.1962272092324744,0.227350268449844
noisy,5,0,0,0,4,15,True,False,0.16203995125357085,1.0500000000000003,2.1,0.15229348230970757
noisy,5,0,0,0,4,16,False,True,-0.01391316202324111,,0.4946629430394771,0.15998356426209726
noisy,5,0,0,0,4,17,True,False,0.08348028762734461,0.9500000000000003,1.9000000000000012,0.18103326390824834
noisy,5,0,0,0,4,18,True,False,0.17235971366380154,1.0500000000000003,2.03546436170574,0.18128269742303152
noisy,5,0,0,0,4,19,True,False,0.09784203281861736,1.0500000000000003,2.100000000000001,0.08880060599847364
noisy,5,0,0,0,4,20,True,False,0.04144417141959189,1.0000000000000002,2.0000000000000004,0.10914307731915568
noisy,5,0,0,0,4,21,False,True,-0.009596986467097945,,0.5000000000000003,0.16213834114438108
noisy,5,0,0,0,4,22,True,False,0.17412923520667611,1.0500000000000003,2.087377045810254,0.17044701841314974
noisy,5,0,0,0,4,23,True,False,0.12066662796444771,1.0500000000000003,2.0999999999999996,0.14321323046877643
noisy,5,0,0,0,4,24,True,False,0.078403874477871,1.0000000000000002,1.9999999999999982,0.11234221594676762
noisy,5,0,0,0,4,25,True,False,0.1253483471087491,1.0000000000000002,2.0000000000000013,0.15165140660418938
noisy,5,0,0,0,4,26,True,False,0.06930719384652906,1.0000000000000002,1.9935153596165875,0.19936725191723723
noisy,5,0,0,0,4,27,True,False,0.11506572179036323,1.0500000000000003,2.0999999999999996,0.1459854117771522
noisy,5,0,0,0,4,28,True,False,0.12652579158179633,1.0500000000000003,2.063079591338615,0.11207562173994134
noisy,5,0,0,0,4,29,True,False,0.08940377291114943,1.0000000000000002,1.9999999999999987,0.1312503964120754
noisy,5,0,0,0,4,30,True,False,0.07731946335625994,1.0500000000000003,2.0999999999999996,0.12032486533510565
noisy,5,0,0,0,4,31,True,False,0.12142998029921848,1.1000000000000003,2.2000000000000006,0.12064222063873711
noisy,5,0,0,0,4,32,True,False,0.0302609998869523,1.0000000000000002,2.000000000000001,0.13149746183269112
noisy,5,0,0,0,4,33,True,False,0.060533603532379354,1.0000000000000002,1.9999999999999996,0.12426868169065149
noisy,5,0,0,0,4,34,True,False,0.08367590460763119,1.0000000000000002,1.9999999999999978,0.08516999041840495
noisy,5,0,0,0,4,35,True,False,0.011019212491362618,1.0500000000000003,1.9855425781831537,0.1515126271367688
noisy,5,0,0,0,4,36,True,False,0.12090183764218754,1.0500000000000003,2.0918687911833813,0.10099254266371395
noisy,5,0,0,0,4,37,True,False,0.04381201090232856,0.9500000000000003,1.9000000000000006,0.19834046204202915
noisy,5,0,0,0,4,38,True,False,0.029684558477333978,1.0500000000000003,2.0999999999999988,0.13478966860251454
noisy,5,0,0,0,4,39,True,False,0.09244157191003932,1.0500000000000003,2.1,0.14174085684742005
noisy,5,0,0,0,4,40,True,False,0.08056622566567606,1.0000000000000002,2.000000000000001,0.11994485848790978
noisy,5,0,0,0,4,41,True,False,0.05541829531138931,0.9500000000000003,1.856776428918978,0.1341806891108039
noisy,5,0,0,0,4,42,True,False,0.027591159790628872,0.9500000000000003,1.8999999999999997,0.13677533603933903
noisy,5,0,0,0,4,43,True,False,0.06612148152946706,1.0500000000000003,2.0999999999999996,0.12794858900785863
noisy,5,0,0,0,4,44,True,False,0.00942246057267071,1.0000000000000002,2.0000000000000004,0.11685575381522213
noisy,5,0,0,0,4,45,True,False,0.05762916326438927,1.0000000000000002,1.9999999999999987,0.07511653573664598
noisy,5,0,0,0,4,46,True,False,0.013862341490340269,1.0000000000000002,1.9999999999999984,0.11121690391555274
noisy,5,0,0,0,4,47,True,False,0.12856547727860157,1.0000000000000002,1.992571307915261,0.13092561118683113
noisy,5,0,0,0,4,48,False,True,-0.004611759005546112,,0.4999999999999997,0.1400133199461027
noisy,5,0,0,0,4,49,True,False,0.11342162793894062,1.0500000000000003,2.097086567702676,0.19201409090825977
noisy,5,0,0,0,4,50,True,False,0.13516969124729483,1.0500000000000003,2.06661685085149,0.12789781356325686
noisy,5,0,0,0,4,51,True,False,0.0403302553320426,1.0000000000000002,2.0000000000000018,0.14989545456978842
noisy,5,0,0,0,4,52,True,False,0.0902023306241635,1.0000000000000002,1.9809736559184539,0.10725937228403291
noisy,5,0,0,0,4,53,True,False,0.11414914682838351,1.0000000000000002,2.000000000000001,0.11666452153345336
noisy,5,0,0,0,4,54,True,False,0.01253358240349356,1.0500000000000003,2.0898589011310404,0.1490905259157479
noisy,5,0,0,0,4,55,True,False,0.03243331660505344,0.9500000000000003,1.8976973545638842,0.22713506157473187
noisy,5,0,0,0,4,56,True,False,0.03451341038261857,1.0500000000000003,2.0785994679207733,0.12674173180188641
noisy,5,0,0,0,4,57,False,True,-0.0014295443928076246,,0.6000000000000004,0.10310996116190459
noisy,5,0,0,0,4,58,True,False,0.12564178501422663,1.0000000000000002,1.9972834570087894,0.09728999620245082
noisy,5,0,0,0,4,59,True,False,0.055039062323857246,1.0500000000000003,2.1,0.12622903930464904
noisy,5,0,0,0,4,60,True,False,0.13197777886161322,1.0500000000000003,2.0981530093582346,0.14694646074034998
noisy,5,0,0,0,4,61,True,False,0.11656684375563553,0.9500000000000003,1.89519691485448,0.2015556253576023
noisy,5,0,0,0,4,62,True,False,0.13274496261044777,0.9500000000000003,1.9,0.1557376864678183
noisy,5,0,0,0,4,63,True,False,0.05664912706126102,1.0500000000000003,2.044351267345448,0.20177931304868163
noisy,5,0,0,0,4,64,True,False,0.04367814828821803,1.0000000000000002,1.9935807266280827,0.10905149415809091
noisy,5,0,0,0,4,65,True,False,0.15292506830162012,1.0500000000000003,2.0658649124803694,0.10990138970432774
noisy,5,0,0,0,4,66,True,False,0.10539441330429122,1.0500000000000003,2.097713301318261,0.1156463776877075
noisy,5,0,0,0,4,67,True,False,0.1020263268979007,1.0500000000000003,2.0793465775710556,0.12417521145344097
noisy,5,0,0,0,4,68,True,False,0.06465144940375533,1.0500000000000003,2.070103852592165,0.13843211632780061
noisy,5,0,0,0,4,69,True,False,0.08533397410629529,1.0000000000000002,1.9999999999999991,0.11690098109734813
noisy,5,0,0,0,4,70,True,False,0.12453652374640511,1.0500000000000003,2.1000000000000014,0.10587478761638225
noisy,5,0,0,0,4,71,True,False,0.07734392130925838,1.0000000000000002,2.000000000000001,0.08494468500746569
noisy,5,0,0,0,4,72,True,False,0.1359807087032998,1.0500000000000003,2.0806624720994025,0.13720329278927126
noisy,5,0,0,0,4,73,True,False,0.0567915460907622,1.0000000000000002,1.9740080875822539,0.13941370439133247
noisy,5,0,0,0,4,74,True,False,0.07544748522742828,1.0500000000000003,2.100000000000002,0.09035280993418718
noisy,5,0,0,0,4,75,True,False,0.06321959312993464,1.0500000000000003,2.062801240030418,0.08887443765084788
noisy,5,0,0,0,4,76,True,False,0.01174302476867961,1.0500000000000003,2.07046250173719,0.14936315457025434
noisy,5,0,0,0,4,77,True,False,0.13802474257079078,1.1000000000000003,2.199999999999998,0.11480182556939213
noisy,5,0,0,0,4,78,True,False,0.12991439787397852,1.1000000000000003,2.188037183091964,0.09727190694990097
noisy,5,0,0,0,4,79,True,False,0.11592374159965413,1.0500000000000003,2.0990136139169766,0.12464102687546257
noisy,5,0,0,0,4,80,True,False,0.10973797794976159,1.0000000000000002,1.9999999999999978,0.10517300494642784
noisy,5,0,0,0,4,81,True,False,0.027702688563338462,1.0500000000000003,2.08052604973562,0.1414528479478466
noisy,5,0,0,0,4,82,True,False,0.10472820686750128,1.0000000000000002,1.9999999999999993,0.16789878094628552
noisy,5,0,0,0,4,83,True,False,0.09326701726369246,1.0000000000000002,1.9945965648803876,0.10837452268205201
noisy,5,0,0,0,4,84,True,False,0.0638953331329275,1.0000000000000002,1.9894314821311483,0.1382312194822425
noisy,5,0,0,0,4,85,True,False,0.1278428343102227,1.0500000000000003,2.100000000000002,0.13496628666582702
noisy,5,0,0,0,4,86,True,False,0.0845086507435695,1.0000000000000002,1.9761176270058702,0.13059481703523532
noisy,5,0,0,0,4,87,True,False,0.0013870008117402577,0.9500000000000003,1.899999999999999,0.11815146263905471
noisy,5,0,0,0,4,88,True,False,0.07864931139667686,0.9500000000000003,1.8999999999999995,0.11990271324332051
noisy,5,0,0,0,4,89,True,False,0.07447898453433299,1.0500000000000003,2.1000000000000005,0.084319881842397
noisy,5,0,0,0,4,90,True,False,0.052913549027671536,1.0000000000000002,2.000000000000001,0.1329936177827354
noisy,5,0,0,0,4,91,True,False,0.09577459152972079,1.0500000000000003,2.100000000000001,0.09038566306525057
noisy,5,0,0,0,4,92,True,False,0.22244869321691163,1.0000000000000002,2.0000000000000004,0.14277013949266426
noisy,5,0,0,0,4,93,True,False,0.0549339617813136,1.0500000000000003,2.1000000000000014,0.14124954307902932
noisy,5,0,0,0,4,94,True,False,0.06178931390028186,1.0000000000000002,1.9999999999999998,0.12654576895082076
noisy,5,0,0,0,4,95,True,False,0.07749848422119832,1.0000000000000002,2.0000000000000013,0.14790081326499324
noisy,5,0,0,0,4,96,True,False,0.127257049873037,1.1000000000000003,2.2,0.1370202073733526
noisy,5,0,0,0,4,97,True,False,0.09038606973499763,1.0000000000000002,1.9999999999999998,0.156739976645086
noisy,5,0,0,0,4,98,True,False,0.0951338358324536,1.0000000000000002,1.9999999999999982,0.11212638465302734
noisy,5,0,0,0,4,99,True,False,0.033504253644977666,1.0000000000000002,1.996531099436145,0.1143299099793897
noisy,5,0,0,0,4,100,True,False,0.055975342603716616,1.1000000000000003,2.1569440401729207,0.1610164422838662
kalman,5,0,0,0,4,1,True,False,0.11399585785064015,1.1500000000000004,2.3,0.1507068356824219
kalman,5,0,0,0,4,2,True,False,0.13983049421671012,1.1500000000000004,2.2785616420717805,0.21692510923390332
kalman,5,0,0,0,4,3,True,False,0.11380367032606209,1.0500000000000003,2.0999999999999988,0.18564817717106946
kalman,5,0,0,0,4,4,True,False,0.0399124918921443,1.0000000000000002,1.9999999999999998,0.12458650948013904
kalman,5,0,0,0,4,5,True,False,0.10089668408865005,1.0500000000000003,2.1000000000000005,0.15107540761915453
kalman,5,0,0,0,4,6,True,False,0.06617959576749666,1.1500000000000004,2.2897665315835276,0.18910036515993014
kalman,5,0,0,0,4,7,True,False,0.10855478300012722,1.1000000000000003,2.200000000000001,0.13142740620504295
kalman,5,0,0,0,4,8,True,False,0.11649410117079673,1.0500000000000003,2.088583145800764,0.20073760974012872
kalman,5,0,0,0,4,9,True,False,0.03772347021204081,1.1000000000000003,2.182251285214218,0.13563648617920973
kalman,5,0,0,0,4,10,True,False,0.1038553151485535,1.0500000000000003,2.1,0.11438289045977218
kalman,5,0,0,0,4,11,True,False,0.08803646295561651,1.1000000000000003,2.200000000000001,0.14553027404443308
kalman,5,0,0,0,4,12,False,True,-0.00018698221208612864,,0.4999999999999997,0.14619255780764942
kalman,5,0,0,0,4,13,True,False,0.0946645395591661,1.1000000000000003,2.1916492596509314,0.22405866578766048
kalman,5,0,0,0,4,14,True,False,0.14378933813902717,1.1500000000000004,2.293802062626232,0.26219589924975767
kalman,5,0,0,0,4,15,True,False,0.16250504530948828,1.1000000000000003,2.1937331401199454,0.17709023977717328
kalman,5,0,0,0,4,16,False,True,-0.013210993195888143,,0.49466294303947717,0.1599274373114332
kalman,5,0,0,0,4,17,True,False,0.08429166137095057,1.0000000000000002,2.0,0.1488422458919246
kalman,5,0,0,0,4,18,True,False,0.17235971366380154,1.1500000000000004,2.2300078499141764,0.1837698708122897
kalman,5,0,0,0,4,19,True,False,0.09759789117082107,1.1000000000000003,2.2000000000000006,0.09091499455590486
kalman,5,0,0,0,4,20,True,False,0.04152558419488783,1.1000000000000003,2.1999999999999993,0.08769719867597169
kalman,5,0,0,0,4,21,False,True,-0.009719727397455635,,0.5000000000000002,0.16142509885618478
kalman,5,0,0,0,4,22,True,False,0.17465947654356495,1.1500000000000004,2.2662341825963015,0.20615934248879486
kalman,5,0,0,0,4,23,True,False,0.12066662796444771,1.1500000000000004,2.2939329343366874,0.18087199238487436
kalman,5,0,0,0,4,24,True,False,0.07799666506410818,1.0500000000000003,2.099999999999999,0.08108007229371927
kalman,5,0,0,0,4,25,True,False,0.1253483471087491,1.1000000000000003,2.1860842435306536,0.14434599709698182
kalman,5,0,0,0,4,26,True,False,0.07229262679908799,1.0500000000000003,2.0921015236663556,0.22184564350623182
kalman,5,0,0,0,4,27,True,False,0.11506572179036323,1.1500000000000004,2.3000000000000003,0.17207957431534196
kalman,5,0,0,0,4,28,True,False,0.12703058834563086,1.0500000000000003,2.0630795913386146,0.10053498657798039
kalman,5,0,0,0,4,29,True,False,0.08970397588605117,1.0500000000000003,2.1000000000000005,0.08210949271740488
kalman,5,0,0,0,4,30,True,False,0.07678762953563822,1.1000000000000003,2.200000000000001,0.151711868971469
kalman,5,0,0,0,4,31,True,False,0.12142998029921848,1.1500000000000004,2.3,0.17346558959022568
kalman,5,0,0,0,4,32,True,False,0.03049039025992739,1.0500000000000003,2.1,0.12384422836892464
kalman,5,0,0,0,4,33,True,False,0.06103351329592832,1.0000000000000002,2.0000000000000004,0.09076237818411009
kalman,5,0,0,0,4,34,True,False,0.08390574015592334,1.1000000000000003,2.193065056341162,0.13441094632733674
kalman,5,0,0,0,4,35,True,False,0.01219785749308433,1.1500000000000004,2.1817077074387963,0.14577308705758413
kalman,5,0,0,0,4,36,True,False,0.12146669775708663,1.1000000000000003,2.19186879118338,0.13364131273609095
kalman,5,0,0,0,4,37,True,False,0.04357216437874678,1.0500000000000003,2.0990960127353193,0.09613965359212827
kalman,5,0,0,0,4,38,True,False,0.029210884496361222,1.1000000000000003,2.2,0.16638374179503843
kalman,5,0,0,0,4,39,True,False,0.0929215800486567,1.1000000000000003,2.1999999999999984,0.13174888208570665
kalman,5,0,0,0,4,40,True,False,0.08171892382042656,1.0500000000000003,2.0999999999999996,0.14304597693490748
kalman,5,0,0,0,4,41,True,False,0.05695326687757318,1.0000000000000002,1.9567764289189788,0.09424236529661834
kalman,5,0,0,0,4,42,True,False,0.028398577409010084,1.0000000000000002,2.000000000000002,0.15716079218381293
kalman,5,0,0,0,4,43,True,False,0.0672822187478499,1.0500000000000003,2.1000000000000005,0.1415485681345732
kalman,5,0,0,0,4,44,True,False,0.009025216791520574,1.0500000000000003,2.100000000000002,0.1396976330518396
kalman,5,0,0,0,4,45,True,False,0.05834560730789473,1.0500000000000003,2.0999999999999996,0.12203643877536689
kalman,5,0,0,0,4,46,True,False,0.014858208314594501,1.0500000000000003,2.099999999999998,0.10743899235667943
kalman,5,0,0,0,4,47,True,False,0.1293684187919666,1.0500000000000003,2.0925713079152626,0.15739408926191364
kalman,5,0,0,0,4,48,False,True,-0.004597694677189068,,0.4999999999999998,0.13936660808875154
kalman,5,0,0,0,4,49,True,False,0.11342162793894062,1.1000000000000003,2.2,0.14517518598140652
kalman,5,0,0,0,4,50,True,False,0.13516969124729483,1.1500000000000004,2.2663117707970337,0.1532356751493127
kalman,5,0,0,0,4,51,True,False,0.041135203076931415,1.1000000000000003,2.197152505208736,0.17155932805759097
kalman,5,0,0,0,4,52,True,False,0.09064125964939107,1.1000000000000003,2.1708070697434385,0.09806758170942637
kalman,5,0,0,0,4,53,True,False,0.11431563568644032,1.0500000000000003,2.1,0.1313573954987906
kalman,5,0,0,0,4,54,True,False,0.014002187101545438,1.0500000000000003,2.0909167895269274,0.1662526360494797
kalman,5,0,0,0,4,55,True,False,0.03271609027367206,1.0000000000000002,1.9945651731349863,0.20477248175230833
kalman,5,0,0,0,4,56,True,False,0.03548583456802179,1.1000000000000003,2.178599467920776,0.17076451552907146
kalman,5,0,0,0,4,57,False,True,-0.0010285717099935976,,0.6000000000000003,0.10265805193547253
kalman,5,0,0,0,4,58,True,False,0.12590498588855503,1.0500000000000003,2.0972834570087895,0.10387475115931523
kalman,5,0,0,0,4,59,True,False,0.05623091831467364,1.1000000000000003,2.2000000000000006,0.13180569155534433
kalman,5,0,0,0,4,60,True,False,0.1328883242656258,1.1000000000000003,2.17887479286473,0.17225469039234334
kalman,5,0,0,0,4,61,True,False,0.11721208688230633,1.0000000000000002,1.9913291564779878,0.1576000422017465
kalman,5,0,0,0,4,62,True,False,0.13326872579021942,1.0000000000000002,2.000000000000001,0.10172885301942264
kalman,5,0,0,0,4,63,True,False,0.055558993749683205,1.1500000000000004,2.2350504731237733,0.1919247596572281
kalman,5,0,0,0,4,64,True,False,0.04437386600950122,1.1000000000000003,2.1930654427711533,0.13915396226326968
kalman,5,0,0,0,4,65,True,False,0.15323381398704106,1.1000000000000003,2.1658649124803695,0.15588288569447448
kalman,5,0,0,0,4,66,True,False,0.10556160546309967,1.0500000000000003,2.1,0.132257246964335
kalman,5,0,0,0,4,67,True,False,0.10216014737035062,1.1000000000000003,2.178563377013254,0.1404600067758312
kalman,5,0,0,0,4,68,True,False,0.06357021684484554,1.1500000000000004,2.254533228755997,0.18493306607377008
kalman,5,0,0,0,4,69,True,False,0.08607918968237693,1.0500000000000003,2.1,0.1308010021394995
kalman,5,0,0,0,4,70,True,False,0.12442739598524022,1.1000000000000003,2.2,0.14340802437292346
kalman,5,0,0,0,4,71,True,False,0.07730881337777662,1.0500000000000003,2.1000000000000028,0.09643296139205934
kalman,5,0,0,0,4,72,True,False,0.13671350806690352,1.1000000000000003,2.1680671254703245,0.14826610765925272
kalman,5,0,0,0,4,73,True,False,0.0572185851173026,1.0500000000000003,2.0740080875822544,0.0978558047533549
kalman,5,0,0,0,4,74,True,False,0.07570178340182321,1.1000000000000003,2.1930287826316777,0.13373550555943012
kalman,5,0,0,0,4,75,True,False,0.06369590489745458,1.1000000000000003,2.162801240030417,0.1266115587727455
kalman,5,0,0,0,4,76,True,False,0.012001774949918831,1.1500000000000004,2.26466498050437,0.16236269752140856
kalman,5,0,0,0,4,77,True,False,0.13802474257079078,1.1500000000000004,2.300000000000001,0.17209870756459097
kalman,5,0,0,0,4,78,True,False,0.12991439787397852,1.1500000000000004,2.288037183091968,0.1656051532648059
kalman,5,0,0,0,4,79,True,False,0.11522572773910822,1.1500000000000004,2.2892328704628753,0.16835410801610393
kalman,5,0,0,0,4,80,True,False,0.10975881973812784,1.0500000000000003,2.1000000000000023,0.10227356366393796
kalman,5,0,0,0,4,81,True,False,0.027479514135427374,1.1500000000000004,2.2667641742045115,0.16997720598553726
kalman,5,0,0,0,4,82,True,False,0.10439214472346481,1.0500000000000003,2.0999999999999996,0.13642363411330596
kalman,5,0,0,0,4,83,True,False,0.09445602333128233,1.0500000000000003,2.086861582528323,0.11688555470101158
kalman,5,0,0,0,4,84,True,False,0.06533416840354378,1.0500000000000003,2.0835135072136337,0.12836756469277252
kalman,5,0,0,0,4,85,True,False,0.12726763764708005,1.1000000000000003,2.2000000000000015,0.16114981949317406
kalman,5,0,0,0,4,86,True,False,0.0859873990004345,1.0500000000000003,2.07469129693152,0.125966751608124
kalman,5,0,0,0,4,87,True,False,0.0018387407063424899,1.0000000000000002,1.9999999999999996,0.1374964198762656
kalman,5,0,0,0,4,88,True,False,0.0794223890470791,1.0000000000000002,2.0,0.08094578995655886
kalman,5,0,0,0,4,89,True,False,0.07487696511090114,1.1000000000000003,2.199999999999999,0.14441107668441658
kalman,5,0,0,0,4,90,True,False,0.05243269371561077,1.1000000000000003,2.187023707526464,0.16920882346586824
kalman,5,0,0,0,4,91,True,False,0.09541013576973145,1.1000000000000003,2.2000000000000015,0.1426815123771378
kalman,5,0,0,0,4,92,True,False,0.2232096084157389,1.0500000000000003,2.1000000000000005,0.1613923656082363
kalman,5,0,0,0,4,93,True,False,0.0546453748120892,1.1000000000000003,2.2000000000000006,0.17379107900780513
kalman,5,0,0,0,4,94,True,False,0.061328996510168876,1.0500000000000003,2.1000000000000005,0.0866814730787987
kalman,5,0,0,0,4,95,True,False,0.07802690396594403,1.0500000000000003,2.099999999999999,0.1362909362052623
kalman,5,0,0,0,4,96,True,False,0.127257049873037,1.1500000000000004,2.3,0.18925494919283198
kalman,5,0,0,0,4,97,True,False,0.09117271388577275,1.0500000000000003,2.1000000000000014,0.12586947008931365
kalman,5,0,0,0,4,98,True,False,0.09607801662305904,1.0500000000000003,2.097770109757758,0.13548348383446382
kalman,5,0,0,0,4,99,True,False,0.0345056953424856,1.0000000000000002,1.9999999999999998,0.12771832316625326
kalman,5,0,0,0,4,100,True,False,0.05701135693627424,1.1500000000000004,2.231833580660966,0.2019225636770594
ground_truth,5,0,0,0,5,1,True,False,0.0932591781715284,0.9500000000000003,1.9,
ground_truth,5,0,0,0,5,2,True,False,0.0932591781715284,0.9500000000000003,1.9,
ground_truth,5,0,0,0,5,3,True,False,0.0932591781715284,0.9500000000000003,1.9,
ground_truth,5,0,0,0,5,4,True,False,0.0932591781715284,0.9500000000000003,1.9,
ground_truth,5,0,0,0,5,5,True,False,0.0932591781715284,0.9500000000000003,1.9,
ground_truth,5,0,0,0,5,6,True,False,0.0932591781715284,0.9500000000000003,1.9,
ground_truth,5,0,0,0,5,7,True,False,0.0932591781715284,0.9500000000000003,1.9,
ground_truth,5,0,0,0,5,8,True,False,0.0932591781715284,0.9500000000000003,1.9,
ground_truth,5,0,0,0,5,9,True,False,0.0932591781715284,0.9500000000000003,1.9,
ground_truth,5,0,0,0,5,10,True,False,0.0932591781715284,0.9500000000000003,1.9,
ground_truth,5,0,0,0,5,11,True,False,0.0932591781715284,0.9500000000000003,1.9,
ground_truth,5,0,0,0,5,12,True,False,0.0932591781715284,0.9500000000000003,1.9,
ground_truth,5,0,0,0,5,13,True,False,0.0932591781715284,0.9500000000000003,1.9,
ground_truth,5,0,0,0,5,14,True,False,0.0932591781715284,0.9500000000000003,1.9,
ground_truth,5,0,0,0,5,15,True,False,0.0932591781715284,0.9500000000000003,1.9,
ground_truth,5,0,0,0,5,16,True,False,0.0932591781715284,0.9500000000000003,1.9,
ground_truth,5,0,0,0,5,17,True,False,0.0932591781715284,0.9500000000000003,1.9,
ground_truth,5,0,0,0,5,18,True,False,0.0932591781715284,0.9500000000000003,1.9,
ground_truth,5,0,0,0,5,19,True,False,0.0932591781715284,0.9500000000000003,1.9,
ground_truth,5,0,0,0,5,20,True,False,0.0932591781715284,0.9500000000000003,1.9,
ground_truth,5,0,0,0,5,21,True,False,0.0932591781715284,0.9500000000000003,1.9,
ground_truth,5,0,0,0,5,22,True,False,0.0932591781715284,0.9500000000000003,1.9,
ground_truth,5,0,0,0,5,23,True,False,0.0932591781715284,0.9500000000000003,1.9,
ground_truth,5,0,0,0,5,24,True,False,0.0932591781715284,0.9500000000000003,1.9,
ground_truth,5,0,0,0,5,25,True,False,0.0932591781715284,0.9500000000000003,1.9,
ground_truth,5,0,0,0,5,26,True,False,0.0932591781715284,0.9500000000000003,1.9,
ground_truth,5,0,0,0,5,27,True,False,0.0932591781715284,0.9500000000000003,1.9,
ground_truth,5,0,0,0,5,28,True,False,0.0932591781715284,0.9500000000000003,1.9,
ground_truth,5,0,0,0,5,29,True,False,0.0932591781715284,0.9500000000000003,1.9,
ground_truth,5,0,0,0,5,30,True,False,0.0932591781715284,0.9500000000000003,1.9,
ground_truth,5,0,0,0,5,31,True,False,0.0932591781715284,0.9500000000000003,1.9,
ground_truth,5,0,0,0,5,32,True,False,0.0932591781715284,0.9500000000000003,1.9,
ground_truth,5,0,0,0,5,33,True,False,0.0932591781715284,0.9500000000000003,1.9,
ground_truth,5,0,0,0,5,34,True,False,0.0932591781715284,0.9500000000000003,1.9,
ground_truth,5,0,0,0,5,35,True,False,0.0932591781715284,0.9500000000000003,1.9,
ground_truth,5,0,0,0,5,36,True,False,0.0932591781715284,0.9500000000000003,1.9,
ground_truth,5,0,0,0,5,37,True,False,0.0932591781715284,0.9500000000000003,1.9,
ground_truth,5,0,0,0,5,38,True,False,0.0932591781715284,0.9500000000000003,1.9,
ground_truth,5,0,0,0,5,39,True,False,0.0932591781715284,0.9500000000000003,1.9,
ground_truth,5,0,0,0,5,40,True,False,0.0932591781715284,0.9500000000000003,1.9,
ground_truth,5,0,0,0,5,41,True,False,0.0932591781715284,0.9500000000000003,1.9,
ground_truth,5,0,0,0,5,42,True,False,0.0932591781715284,0.9500000000000003,1.9,
ground_truth,5,0,0,0,5,43,True,False,0.0932591781715284,0.9500000000000003,1.9,
ground_truth,5,0,0,0,5,44,True,False,0.0932591781715284,0.9500000000000003,1.9,
ground_truth,5,0,0,0,5,45,True,False,0.0932591781715284,0.9500000000000003,1.9,
ground_truth,5,0,0,0,5,46,True,False,0.0932591781715284,0.9500000000000003,1.9,
ground_truth,5,0,0,0,5,47,True,False,0.0932591781715284,0.9500000000000003,1.9,
ground_truth,5,0,0,0,5,48,True,False,0.0932591781715284,0.9500000000000003,1.9,
ground_truth,5,0,0,0,5,49,True,False,0.0932591781715284,0.9500000000000003,1.9,
ground_truth,5,0,0,0,5,50,True,False,0.0932591781715284,0.9500000000000003,1.9,
ground_truth,5,0,0,0,5,51,True,False,0.0932591781715284,0.9500000000000003,1.9,
ground_truth,5,0,0,0,5,52,True,False,0.0932591781715284,0.9500000000000003,1.9,
ground_truth,5,0,0,0,5,53,True,False,0.0932591781715284,0.9500000000000003,1.9,
ground_truth,5,0,0,0,5,54,True,False,0.0932591781715284,0.9500000000000003,1.9,
ground_truth,5,0,0,0,5,55,True,False,0.0932591781715284,0.9500000000000003,1.9,
ground_truth,5,0,0,0,5,56,True,False,0.0932591781715284,0.9500000000000003,1.9,
ground_truth,5,0,0,0,5,57,True,False,0.0932591781715284,0.9500000000000003,1.9,
ground_truth,5,0,0,0,5,58,True,False,0.0932591781715284,0.9500000000000003,1.9,
ground_truth,5,0,0,0,5,59,True,False,0.0932591781715284,0.9500000000000003,1.9,
ground_truth,5,0,0,0,5,60,True,False,0.0932591781715284,0.9500000000000003,1.9,
ground_truth,5,0,0,0,5,61,True,False,0.0932591781715284,0.9500000000000003,1.9,
ground_truth,5,0,0,0,5,62,True,False,0.0932591781715284,0.9500000000000003,1.9,
ground_truth,5,0,0,0,5,63,True,False,0.0932591781715284,0.9500000000000003,1.9,
ground_truth,5,0,0,0,5,64,True,False,0.0932591781715284,0.9500000000000003,1.9,
ground_truth,5,0,0,0,5,65,True,False,0.0932591781715284,0.9500000000000003,1.9,
ground_truth,5,0,0,0,5,66,True,False,0.0932591781715284,0.9500000000000003,1.9,
ground_truth,5,0,0,0,5,67,True,False,0.0932591781715284,0.9500000000000003,1.9,
ground_truth,5,0,0,0,5,68,True,False,0.0932591781715284,0.9500000000000003,1.9,
ground_truth,5,0,0,0,5,69,True,False,0.0932591781715284,0.9500000000000003,1.9,
ground_truth,5,0,0,0,5,70,True,False,0.0932591781715284,0.9500000000000003,1.9,
ground_truth,5,0,0,0,5,71,True,False,0.0932591781715284,0.9500000000000003,1.9,
ground_truth,5,0,0,0,5,72,True,False,0.0932591781715284,0.9500000000000003,1.9,
ground_truth,5,0,0,0,5,73,True,False,0.0932591781715284,0.9500000000000003,1.9,
ground_truth,5,0,0,0,5,74,True,False,0.0932591781715284,0.9500000000000003,1.9,
ground_truth,5,0,0,0,5,75,True,False,0.0932591781715284,0.9500000000000003,1.9,
ground_truth,5,0,0,0,5,76,True,False,0.0932591781715284,0.9500000000000003,1.9,
ground_truth,5,0,0,0,5,77,True,False,0.0932591781715284,0.9500000000000003,1.9,
ground_truth,5,0,0,0,5,78,True,False,0.0932591781715284,0.9500000000000003,1.9,
ground_truth,5,0,0,0,5,79,True,False,0.0932591781715284,0.9500000000000003,1.9,
ground_truth,5,0,0,0,5,80,True,False,0.0932591781715284,0.9500000000000003,1.9,
ground_truth,5,0,0,0,5,81,True,False,0.0932591781715284,0.9500000000000003,1.9,
ground_truth,5,0,0,0,5,82,True,False,0.0932591781715284,0.9500000000000003,1.9,
ground_truth,5,0,0,0,5,83,True,False,0.0932591781715284,0.9500000000000003,1.9,
ground_truth,5,0,0,0,5,84,True,False,0.0932591781715284,0.9500000000000003,1.9,
ground_truth,5,0,0,0,5,85,True,False,0.0932591781715284,0.9500000000000003,1.9,
ground_truth,5,0,0,0,5,86,True,False,0.0932591781715284,0.9500000000000003,1.9,
ground_truth,5,0,0,0,5,87,True,False,0.0932591781715284,0.9500000000000003,1.9,
ground_truth,5,0,0,0,5,88,True,False,0.0932591781715284,0.9500000000000003,1.9,
ground_truth,5,0,0,0,5,89,True,False,0.0932591781715284,0.9500000000000003,1.9,
ground_truth,5,0,0,0,5,90,True,False,0.0932591781715284,0.9500000000000003,1.9,
ground_truth,5,0,0,0,5,91,True,False,0.0932591781715284,0.9500000000000003,1.9,
ground_truth,5,0,0,0,5,92,True,False,0.0932591781715284,0.9500000000000003,1.9,
ground_truth,5,0,0,0,5,93,True,False,0.0932591781715284,0.9500000000000003,1.9,
ground_truth,5,0,0,0,5,94,True,False,0.0932591781715284,0.9500000000000003,1.9,
ground_truth,5,0,0,0,5,95,True,False,0.0932591781715284,0.9500000000000003,1.9,
ground_truth,5,0,0,0,5,96,True,False,0.0932591781715284,0.9500000000000003,1.9,
ground_truth,5,0,0,0,5,97,True,False,0.0932591781715284,0.9500000000000003,1.9,
ground_truth,5,0,0,0,5,98,True,False,0.0932591781715284,0.9500000000000003,1.9,
ground_truth,5,0,0,0,5,99,True,False,0.0932591781715284,0.9500000000000003,1.9,
ground_truth,5,0,0,0,5,100,True,False,0.0932591781715284,0.9500000000000003,1.9,
noisy,5,0,0,0,5,1,True,False,0.16817664944639343,1.0500000000000003,2.0830409210403067,0.09087363484662475
noisy,5,0,0,0,5,2,True,False,0.22022181021878917,1.1000000000000003,2.005585058990591,0.14444464307110855
noisy,5,0,0,0,5,3,True,False,0.13542956978752385,1.0000000000000002,2.0000000000000013,0.21354888427539978
noisy,5,0,0,0,5,4,True,False,0.05154005894792091,1.0000000000000002,1.9999999999999993,0.14840307291493468
noisy,5,0,0,0,5,5,True,False,0.07449579008749074,1.0000000000000002,1.9905144163005433,0.15285201888401292
noisy,5,0,0,0,5,6,True,False,0.07755573691506634,1.0500000000000003,2.056021022080108,0.14413101729024064
noisy,5,0,0,0,5,7,True,False,0.1425112308751093,1.0000000000000002,2.0000000000000004,0.10552330292299016
noisy,5,0,0,0,5,8,True,False,0.115353400928768,1.0500000000000003,2.0972271823639947,0.1727335299801107
noisy,5,0,0,0,5,9,True,False,0.02926738884696478,1.0000000000000002,1.957308050552631,0.1551266166570337
noisy,5,0,0,0,5,10,True,False,0.09781090679430449,1.0000000000000002,1.9999999999999996,0.09658648670352057
noisy,5,0,0,0,5,11,True,False,0.10959132278212946,1.0500000000000003,2.0999999999999988,0.1276032638066589
noisy,5,0,0,0,5,12,False,True,-0.0014307271114568643,,0.49999999999999967,0.14558523153787703
noisy,5,0,0,0,5,13,True,False,0.07660997878185039,1.0000000000000002,1.963092922843372,0.1797094816024843
noisy,5,0,0,0,5,14,True,False,0.22301321580902722,1.1000000000000003,2.200000000000001,0.20864306117587345
noisy,5,0,0,0,5,15,True,False,0.15276914171378886,1.0500000000000003,2.0915971474223563,0.15177697412385796
noisy,5,0,0,0,5,16,False,True,-0.020216498395264404,,0.4999999999999999,0.15998356426209726
noisy,5,0,0,0,5,17,True,False,0.11860612470269172,0.9500000000000003,1.8999999999999977,0.20334956106086274
noisy,5,0,0,0,5,18,True,False,0.16888337386042074,1.0500000000000003,1.8718996365306324,0.17246653163417358
noisy,5,0,0,0,5,19,True,False,0.11521492848820158,1.0000000000000002,1.9999999999999991,0.09985983364272745
noisy,5,0,0,0,5,20,True,False,0.05377366445880738,1.0000000000000002,1.9999999999999991,0.10819221417152933
noisy,5,0,0,0,5,21,False,True,-0.0015766612693459692,,0.4999999999999999,0.16213834114438108
noisy,5,0,0,0,5,22,True,False,0.14968162455818312,1.0500000000000003,2.0751568280008073,0.1606917902534154
noisy,5,0,0,0,5,23,True,False,0.21006888676192426,1.0500000000000003,2.0999999999999983,0.13436254703627146
noisy,5,0,0,0,5,24,True,False,0.08089500860094656,0.9500000000000003,1.8999999999999995,0.11234221594676759
noisy,5,0,0,0,5,25,True,False,0.17957309562407664,1.0000000000000002,2.0000000000000004,0.15493314904720001
noisy,5,0,0,0,5,26,True,False,0.029136259265493125,1.0000000000000002,1.9960552094612116,0.18285367856827242
noisy,5,0,0,0,5,27,True,False,0.1538905812144451,1.0500000000000003,2.095810489552487,0.15984674313272615
noisy,5,0,0,0,5,28,True,False,0.12252021466007279,1.0000000000000002,2.0000000000000018,0.1099854747816848
noisy,5,0,0,0,5,29,True,False,0.10445582226213279,0.9500000000000003,1.8999999999999997,0.13125039641207545
noisy,5,0,0,0,5,30,True,False,0.10042695284906045,1.0500000000000003,2.099999999999999,0.12166292771738008
noisy,5,0,0,0,5,31,True,False,0.14937028219221538,1.0500000000000003,2.0999999999999996,0.13341192791761092
noisy,5,0,0,0,5,32,True,False,0.03565852326988206,1.0000000000000002,2.0000000000000004,0.12188505057325824
noisy,5,0,0,0,5,33,True,False,0.08095573106637644,0.9500000000000003,1.9000000000000004,0.1242686816906517
noisy,5,0,0,0,5,34,True,False,0.07295226861359194,1.0000000000000002,2.0,0.0886905517985786
noisy,5,0,0,0,5,35,True,False,0.003557343501642052,1.0000000000000002,1.9055377773139144,0.14470356226328998
noisy,5,0,0,0,5,36,True,False,0.10595906428613255,1.0000000000000002,1.9904833173845782,0.10288446796310181
noisy,5,0,0,0,5,37,True,False,0.03803299824637052,0.9500000000000003,1.888663501917632,0.1843270482319893
noisy,5,0,0,0,5,38,True,False,0.03262278958950482,1.0000000000000002,1.999999999999998,0.14639106242087535
noisy,5,0,0,0,5,39,True,False,0.12815595648067446,1.0000000000000002,2.000000000000001,0.15489621449272836
noisy,5,0,0,0,5,40,True,False,0.07259323935397455,1.0000000000000002,2.0,0.12305537188351129
noisy,5,0,0,0,5,41,True,False,0.049503686584194906,0.9500000000000003,1.9000000000000001,0.12882516510670103
noisy,5,0,0,0,5,42,True,False,0.04277968495916973,1.0000000000000002,2.0,0.12670431779479227
noisy,5,0,0,0,5,43,True,False,0.10500921384431083,1.0000000000000002,1.9999999999999998,0.11948353462142002
noisy,5,0,0,0,5,44,True,False,0.007646882808091782,1.0000000000000002,1.9926632719070743,0.11159122863236269
noisy,5,0,0,0,5,45,True,False,0.05609435632632809,1.0000000000000002,1.9999999999999998,0.09086353878041373
noisy,5,0,0,0,5,46,True,False,0.0361622133282562,1.0000000000000002,1.9999999999999998,0.12340469983619728
noisy,5,0,0,0,5,47,True,False,0.1667941547464422,1.0500000000000003,2.100000000000001,0.13865428590153936
noisy,5,0,0,0,5,48,False,True,-0.012661136285635255,,0.5999999999999994,0.14001331994610264
noisy,5,0,0,0,5,49,True,False,0.16202861328054663,1.0500000000000003,2.0999999999999983,0.17673745053510484
noisy,5,0,0,0,5,50,True,False,0.17874011436249937,1.0500000000000003,1.9265267602133773,0.1334766265681488
noisy,5,0,0,0,5,51,True,False,0.033847953190919045,1.0500000000000003,2.0999999999999996,0.1627882213528217
noisy,5,0,0,0,5,52,True,False,0.09662558836883517,1.0000000000000002,1.999999999999998,0.11024684286617469
noisy,5,0,0,0,5,53,True,False,0.12259603480859904,1.0000000000000002,2.0000000000000018,0.1072950304239266
noisy,5,0,0,0,5,54,True,False,0.004852885488807468,1.0000000000000002,1.999999999999999,0.15111714686822803
noisy,5,0,0,0,5,55,True,False,0.019534426109164338,0.9500000000000003,1.9000000000000004,0.20411952131869898
noisy,5,0,0,0,5,56,True,False,0.033655235525955396,1.0000000000000002,1.9999999999999991,0.159586053062224
noisy,5,0,0,0,5,57,True,False,0.004350715325528887,1.0000000000000002,1.9999999999999991,0.11313622205106846
noisy,5,0,0,0,5,58,True,False,0.14677715410597014,1.0000000000000002,1.9999999999999998,0.09812927545355939
noisy,5,0,0,0,5,59,True,False,0.06762796782108049,1.0000000000000002,1.9999999999999998,0.12892294594121312
noisy,5,0,0,0,5,60,True,False,0.13622007632317734,1.0000000000000002,2.0000000000000013,0.13860861854611206
noisy,5,0,0,0,5,61,True,False,0.1060842141849172,1.0000000000000002,1.9952948465207159,0.17809122783373338
noisy,5,0,0,0,5,62,True,False,0.10252200156176383,0.9500000000000003,1.9000000000000017,0.15883077360217232
noisy,5,0,0,0,5,63,True,False,0.046710624753757646,1.0000000000000002,1.89560978758348,0.19026435988012902
noisy,5,0,0,0,5,64,True,False,0.03399847684018176,1.0000000000000002,1.937108884631608,0.10442124310987874
noisy,5,0,0,0,5,65,True,False,0.1729090106840594,1.0500000000000003,2.099999999999999,0.1159809606327064
noisy,5,0,0,0,5,66,True,False,0.1363881443587731,1.0000000000000002,1.9999999999999998,0.1057882316232738
noisy,5,0,0,0,5,67,True,False,0.10316952017264414,1.0000000000000002,1.901851901055681,0.14158325691061846
noisy,5,0,0,0,5,68,True,False,0.06851039637207168,1.0500000000000003,2.00793105673947,0.13042200670328188
noisy,5,0,0,0,5,69,True,False,0.09548135137641034,1.0000000000000002,2.000000000000001,0.11706877400557188
noisy,5,0,0,0,5,70,True,False,0.12061777707216481,1.0000000000000002,1.9431855246627472,0.11717234889980721
noisy,5,0,0,0,5,71,True,False,0.08370441853970645,1.0000000000000002,2.0000000000000018,0.0931319968371218
noisy,5,0,0,0,5,72,True,False,0.14660122701110478,1.0000000000000002,2.0000000000000004,0.14940112926122778
noisy,5,0,0,0,5,73,True,False,0.05971419938026745,0.9500000000000003,1.900000000000001,0.13941370439133247
noisy,5,0,0,0,5,74,True,False,0.10119280465522307,1.0000000000000002,2.0000000000000013,0.09362532531734748
noisy,5,0,0,0,5,75,True,False,0.05482460259799282,1.0000000000000002,2.000000000000001,0.09904453074712329
noisy,5,0,0,0,5,76,True,False,0.01871940823435514,1.0000000000000002,1.9395153332554471,0.1364734977294673
noisy,5,0,0,0,5,77,True,False,0.19755058138931703,1.0500000000000003,2.0999999999999996,0.1229129727798051
noisy,5,0,0,0,5,78,True,False,0.15767265000974828,1.0500000000000003,2.1000000000000014,0.10003036358530742
noisy,5,0,0,0,5,79,True,False,0.12069396172396285,1.0500000000000003,2.0549198545528875,0.1364125810679033
noisy,5,0,0,0,5,80,True,False,0.1411440843323668,1.0000000000000002,2.0000000000000013,0.10515095197279282
noisy,5,0,0,0,5,81,True,False,0.030115937412597216,1.0000000000000002,1.9354046251796673,0.13241776615890458
noisy,5,0,0,0,5,82,True,False,0.14196901424128217,1.0000000000000002,2.0,0.15699891448445188
noisy,5,0,0,0,5,83,True,False,0.07890125857832819,1.0000000000000002,2.0,0.11548944714327215
noisy,5,0,0,0,5,84,True,False,0.050553055014252335,0.9500000000000003,1.8999999999999986,0.13823121948224235
noisy,5,0,0,0,5,85,True,False,0.1559415797753103,1.0000000000000002,1.9999999999999998,0.13967468019788962
noisy,5,0,0,0,5,86,True,False,0.06637963577228523,1.0000000000000002,1.9978794890340332,0.14600517561096812
noisy,5,0,0,0,5,87,True,False,0.008000640243815749,1.0000000000000002,1.9999999999999984,0.13487326374549646
noisy,5,0,0,0,5,88,True,False,0.06845207093847061,0.9500000000000003,1.9000000000000008,0.11372073738460639
noisy,5,0,0,0,5,89,True,False,0.0671748792997966,1.0000000000000002,1.9970315925801625,0.11639058678583644
noisy,5,0,0,0,5,90,True,False,0.05241264806179946,1.0000000000000002,2.0000000000000013,0.13531857157789856
noisy,5,0,0,0,5,91,True,False,0.1135105023377132,1.0500000000000003,2.100000000000001,0.09312818374907805
noisy,5,0,0,0,5,92,True,False,0.20670420066716355,1.0000000000000002,1.999999999999999,0.13589999500385824
noisy,5,0,0,0,5,93,True,False,0.0529180897967485,1.0500000000000003,2.0932513459646303,0.14853083436644599
noisy,5,0,0,0,5,94,True,False,0.07487274828444557,0.9500000000000003,1.9000000000000006,0.1265457689508205
noisy,5,0,0,0,5,95,True,False,0.0852761477056121,0.9500000000000003,1.9000000000000015,0.1479008132649932
noisy,5,0,0,0,5,96,True,False,0.19227360018324768,1.1000000000000003,2.200000000000001,0.13503729784087112
noisy,5,0,0,0,5,97,True,False,0.10924486093474428,1.0000000000000002,1.9999999999999996,0.14632060980558423
noisy,5,0,0,0,5,98,True,False,0.07931680843866729,1.0000000000000002,2.0,0.10854377206930185
noisy,5,0,0,0,5,99,True,False,0.049756193903691015,1.0000000000000002,1.999999999999999,0.11676578759130657
noisy,5,0,0,0,5,100,True,False,0.05773898962567592,1.0500000000000003,2.0999999999999974,0.15024440812753534
kalman,5,0,0,0,5,1,True,False,0.16717413183727858,1.1000000000000003,2.1811800033671687,0.12931801413570024
kalman,5,0,0,0,5,2,True,False,0.22022181021878917,1.2000000000000004,2.207784683332877,0.1770596442571751
kalman,5,0,0,0,5,3,True,False,0.1339658035811755,1.0500000000000003,2.099999999999999,0.16837859882722653
kalman,5,0,0,0,5,4,True,False,0.052458539128900306,1.0500000000000003,2.085702753093148,0.11431036375169042
kalman,5,0,0,0,5,5,True,False,0.07543170402062405,1.0500000000000003,2.091848614678999,0.14123553763589902
kalman,5,0,0,0,5,6,True,False,0.07656294552142873,1.1000000000000003,2.1506879107004973,0.1743416438666437
kalman,5,0,0,0,5,7,True,False,0.1423714391889883,1.0500000000000003,2.1000000000000014,0.10630988731710367
kalman,5,0,0,0,5,8,True,False,0.1163174730453389,1.0500000000000003,2.092794854993349,0.19111179138752923
kalman,5,0,0,0,5,9,True,False,0.030102326295728732,1.0500000000000003,2.05631565347305,0.11814209460737711
kalman,5,0,0,0,5,10,True,False,0.09935838673828368,1.0500000000000003,2.1000000000000005,0.10361797074496076
kalman,5,0,0,0,5,11,True,False,0.11387193854672861,1.1000000000000003,2.2000000000000015,0.13521089167453168
kalman,5,0,0,0,5,12,False,True,-0.0013540482128744369,,0.49999999999999967,0.1459720341062677
kalman,5,0,0,0,5,13,True,False,0.08897991523209003,1.0500000000000003,2.0669082073232827,0.19881268341129707
kalman,5,0,0,0,5,14,True,False,0.22301321580902722,1.1500000000000004,2.29701566333044,0.2431358972729197
kalman,5,0,0,0,5,15,True,False,0.15339205461093863,1.1000000000000003,2.1839440501045644,0.16503432909589738
kalman,5,0,0,0,5,16,False,True,-0.019512820797257913,,0.5000000000000001,0.1597020081017097
kalman,5,0,0,0,5,17,True,False,0.12413242488611997,1.0000000000000002,2.000000000000001,0.1586139896716153
kalman,5,0,0,0,5,18,True,False,0.1685969039557329,1.1500000000000004,2.076497855295172,0.16920671747721583
kalman,5,0,0,0,5,19,True,False,0.1146074902439016,1.0500000000000003,2.1000000000000014,0.07882650644949334
kalman,5,0,0,0,5,20,True,False,0.05371525458963977,1.0500000000000003,2.100000000000001,0.07861780420804391
kalman,5,0,0,0,5,21,False,True,-0.0018397208374951735,,0.49999999999999994,0.16142683061062366
kalman,5,0,0,0,5,22,True,False,0.1502503037621885,1.1000000000000003,2.174742621316272,0.17890879774763666
kalman,5,0,0,0,5,23,True,False,0.2118094357835143,1.1000000000000003,2.2,0.15883015307288476
kalman,5,0,0,0,5,24,True,False,0.10010853708214107,1.0000000000000002,1.9999999999999984,0.06799463492675288
kalman,5,0,0,0,5,25,True,False,0.21382922992776354,1.0500000000000003,2.1000000000000005,0.14965634436188713
kalman,5,0,0,0,5,26,True,False,0.0317562504052995,1.0500000000000003,2.0961212108606873,0.19767950381202118
kalman,5,0,0,0,5,27,True,False,0.15192805850341085,1.1000000000000003,2.1943514192412175,0.16748169812265087
kalman,5,0,0,0,5,28,True,False,0.1286737474274644,1.0500000000000003,2.1000000000000005,0.0816962622339268
kalman,5,0,0,0,5,29,True,False,0.10459376481221327,1.0000000000000002,2.0000000000000004,0.08081260513567061
kalman,5,0,0,0,5,30,True,False,0.09942658426750528,1.1000000000000003,2.1977268619252355,0.1428969619798775
kalman,5,0,0,0,5,31,True,False,0.14883826837145286,1.1000000000000003,2.2000000000000015,0.16518057261670066
kalman,5,0,0,0,5,32,True,False,0.04636234114981996,1.0500000000000003,2.0952024671597926,0.10972514493128202
kalman,5,0,0,0,5,33,True,False,0.08127278425377527,1.0000000000000002,2.0000000000000013,0.08133690522343269
kalman,5,0,0,0,5,34,True,False,0.07332989958153835,1.0500000000000003,2.0999999999999983,0.11775901998918722
kalman,5,0,0,0,5,35,True,False,0.004415303553013006,1.1000000000000003,2.1036494858091177,0.12391885800465445
kalman,5,0,0,0,5,36,True,False,0.10649835404348873,1.0500000000000003,2.0902003503904374,0.11110368447027738
kalman,5,0,0,0,5,37,True,False,0.03784579363142382,1.0000000000000002,1.988402841028155,0.08477497427250692
kalman,5,0,0,0,5,38,True,False,0.031986200389456876,1.1000000000000003,2.2000000000000006,0.13834276193136544
kalman,5,0,0,0,5,39,True,False,0.1283126589004835,1.0500000000000003,2.0999999999999996,0.12712162403455865
kalman,5,0,0,0,5,40,True,False,0.07356904912144446,1.0500000000000003,2.1,0.12937100885234273
kalman,5,0,0,0,5,41,True,False,0.056582088594042235,1.0000000000000002,2.0000000000000004,0.10218077947538189
kalman,5,0,0,0,5,42,True,False,0.043260050388272964,1.0500000000000003,2.0999999999999996,0.1544434380746135
kalman,5,0,0,0,5,43,True,False,0.10583562146961456,1.0500000000000003,2.0999999999999996,0.12421434745445978
kalman,5,0,0,0,5,44,True,False,0.007171816799298902,1.0500000000000003,2.0920798301121812,0.11971632582408948
kalman,5,0,0,0,5,45,True,False,0.056872628000001146,1.0500000000000003,2.0999999999999996,0.11027461795273827
kalman,5,0,0,0,5,46,True,False,0.03704413423901465,1.0000000000000002,2.0000000000000004,0.09682460048377776
kalman,5,0,0,0,5,47,True,False,0.17356936118871635,1.0500000000000003,2.1000000000000014,0.1607675478138938
kalman,5,0,0,0,5,48,False,True,-0.012187913273690398,,0.5999999999999999,0.13933943397332396
kalman,5,0,0,0,5,49,True,False,0.1806025079784721,1.1000000000000003,2.1929129976481403,0.13648345905693057
kalman,5,0,0,0,5,50,True,False,0.18168770001666856,1.1000000000000003,2.02887663801533,0.13400698206966988
kalman,5,0,0,0,5,51,True,False,0.034761210682979105,1.1000000000000003,2.2000000000000015,0.1759714919058173
kalman,5,0,0,0,5,52,True,False,0.0970512664255545,1.0500000000000003,2.099999999999999,0.08021112331828513
kalman,5,0,0,0,5,53,True,False,0.14029000963910665,1.0500000000000003,2.0999999999999996,0.11773376944293867
kalman,5,0,0,0,5,54,True,False,0.005943727231678464,1.0500000000000003,2.1000000000000005,0.14011764160428833
kalman,5,0,0,0,5,55,True,False,0.02680331425907423,1.0000000000000002,2.0000000000000004,0.1931654442938165
kalman,5,0,0,0,5,56,True,False,0.03416754787705445,1.0500000000000003,2.0999999999999988,0.1453898943629266
kalman,5,0,0,0,5,57,True,False,0.004668676945344785,1.0500000000000003,2.1000000000000014,0.10506360650002733
kalman,5,0,0,0,5,58,True,False,0.1672563746498954,1.0500000000000003,2.1,0.08596055410736934
kalman,5,0,0,0,5,59,True,False,0.07782635245599634,1.0500000000000003,2.099999999999998,0.12467908775069907
kalman,5,0,0,0,5,60,True,False,0.15359671185419077,1.0500000000000003,2.100000000000001,0.15592925098911123
kalman,5,0,0,0,5,61,True,False,0.12637121070947455,1.0000000000000002,1.9946453126291361,0.15797162024690237
kalman,5,0,0,0,5,62,True,False,0.1268736259357537,0.9500000000000003,1.8999999999999995,0.1055937581425878
kalman,5,0,0,0,5,63,True,False,0.0628437928082044,1.1000000000000003,2.090089465823362,0.17042248873047464
kalman,5,0,0,0,5,64,True,False,0.03475219023073173,1.1000000000000003,2.1368950475488036,0.1172653898869667
kalman,5,0,0,0,5,65,True,False,0.17766277600613933,1.1000000000000003,2.2000000000000006,0.14912854593123168
kalman,5,0,0,0,5,66,True,False,0.1385672989634792,1.0500000000000003,2.100000000000001,0.11517654355952198
kalman,5,0,0,0,5,67,True,False,0.10327415757030134,1.1000000000000003,2.1013973837016997,0.12594994179762956
kalman,5,0,0,0,5,68,True,False,0.06664784409418645,1.1000000000000003,2.105961592617066,0.16127446757193434
kalman,5,0,0,0,5,69,True,False,0.11455168441357344,1.0500000000000003,2.099999999999999,0.13407848885653106
kalman,5,0,0,0,5,70,True,False,0.12045244924271392,1.1000000000000003,2.1451092381096575,0.1352848105946531
kalman,5,0,0,0,5,71,True,False,0.09057103257372812,1.0500000000000003,2.099999999999998,0.09520871520619159
kalman,5,0,0,0,5,72,True,False,0.16473559225991852,1.0500000000000003,2.1000000000000005,0.13775226331273857
kalman,5,0,0,0,5,73,True,False,0.06027048757107201,1.0500000000000003,2.0999999999999996,0.11097792177136129
kalman,5,0,0,0,5,74,True,False,0.10118221882696554,1.0500000000000003,2.0999999999999996,0.11166509035567534
kalman,5,0,0,0,5,75,True,False,0.055508955360735746,1.0500000000000003,2.099999999999999,0.10648411836676662
kalman,5,0,0,0,5,76,True,False,0.018827441144938506,1.1000000000000003,2.1360860632782854,0.13845353469119773
kalman,5,0,0,0,5,77,True,False,0.19639383583452652,1.1000000000000003,2.2,0.16097590958455615
kalman,5,0,0,0,5,78,True,False,0.15730318771406804,1.1000000000000003,2.1999999999999984,0.15292802783556356
kalman,5,0,0,0,5,79,True,False,0.1199322057702481,1.1000000000000003,2.155631665278491,0.14168369358198454
kalman,5,0,0,0,5,80,True,False,0.1466834958619836,1.0000000000000002,1.9999999999999996,0.08719433364314072
kalman,5,0,0,0,5,81,True,False,0.029766104191464082,1.1000000000000003,2.1337203861522536,0.1463747866944975
kalman,5,0,0,0,5,82,True,False,0.14094908616477397,1.0500000000000003,2.1,0.12154159439379468
kalman,5,0,0,0,5,83,True,False,0.08410994605024347,1.0000000000000002,2.0000000000000018,0.117032978364431
kalman,5,0,0,0,5,84,True,False,0.051802205854680095,1.0000000000000002,1.9999999999999998,0.11461136243073487
kalman,5,0,0,0,5,85,True,False,0.1548329971986433,1.0500000000000003,2.1000000000000005,0.1484812096467286
kalman,5,0,0,0,5,86,True,False,0.0677158761755372,1.0500000000000003,2.086451910078608,0.13216071222085657
kalman,5,0,0,0,5,87,True,False,0.008383344416780458,1.0000000000000002,1.9999999999999993,0.14070871858989323
kalman,5,0,0,0,5,88,True,False,0.07972282455820467,1.0000000000000002,2.0000000000000013,0.08332658956127033
kalman,5,0,0,0,5,89,True,False,0.06773560381560007,1.0500000000000003,2.0967923698059585,0.11665692692798306
kalman,5,0,0,0,5,90,True,False,0.06556977841692846,1.0500000000000003,2.0999999999999996,0.16135668429029676
kalman,5,0,0,0,5,91,True,False,0.1127573262330368,1.1000000000000003,2.1999999999999993,0.13799606209261783
kalman,5,0,0,0,5,92,True,False,0.21317815218308755,1.0500000000000003,2.1000000000000005,0.14248459713440076
kalman,5,0,0,0,5,93,True,False,0.05258943108392522,1.1000000000000003,2.1968529674456114,0.15906958626531914
kalman,5,0,0,0,5,94,True,False,0.07411446876481675,1.0000000000000002,2.0000000000000013,0.0819170703731898
kalman,5,0,0,0,5,95,True,False,0.09123338414027171,1.0500000000000003,2.099999999999999,0.1394641005467903
kalman,5,0,0,0,5,96,True,False,0.19237410258144827,1.1500000000000004,2.2975671471205916,0.17341059621297736
kalman,5,0,0,0,5,97,True,False,0.12523751242590042,1.0500000000000003,2.1000000000000005,0.11277671894765749
kalman,5,0,0,0,5,98,True,False,0.08056462082827198,1.0500000000000003,2.096696613519157,0.11675542565155346
kalman,5,0,0,0,5,99,True,False,0.050342400114229635,1.0000000000000002,1.9999999999999998,0.11797072200500289
kalman,5,0,0,0,5,100,True,False,0.05891580597639967,1.1000000000000003,2.1926591920163134,0.18417081596186158
ground_truth,5,0,0,0,10,1,True,False,0.0932591781715284,0.9500000000000003,1.9,
ground_truth,5,0,0,0,10,2,True,False,0.0932591781715284,0.9500000000000003,1.9,
ground_truth,5,0,0,0,10,3,True,False,0.0932591781715284,0.9500000000000003,1.9,
ground_truth,5,0,0,0,10,4,True,False,0.0932591781715284,0.9500000000000003,1.9,
ground_truth,5,0,0,0,10,5,True,False,0.0932591781715284,0.9500000000000003,1.9,
ground_truth,5,0,0,0,10,6,True,False,0.0932591781715284,0.9500000000000003,1.9,
ground_truth,5,0,0,0,10,7,True,False,0.0932591781715284,0.9500000000000003,1.9,
ground_truth,5,0,0,0,10,8,True,False,0.0932591781715284,0.9500000000000003,1.9,
ground_truth,5,0,0,0,10,9,True,False,0.0932591781715284,0.9500000000000003,1.9,
ground_truth,5,0,0,0,10,10,True,False,0.0932591781715284,0.9500000000000003,1.9,
ground_truth,5,0,0,0,10,11,True,False,0.0932591781715284,0.9500000000000003,1.9,
ground_truth,5,0,0,0,10,12,True,False,0.0932591781715284,0.9500000000000003,1.9,
ground_truth,5,0,0,0,10,13,True,False,0.0932591781715284,0.9500000000000003,1.9,
ground_truth,5,0,0,0,10,14,True,False,0.0932591781715284,0.9500000000000003,1.9,
ground_truth,5,0,0,0,10,15,True,False,0.0932591781715284,0.9500000000000003,1.9,
ground_truth,5,0,0,0,10,16,True,False,0.0932591781715284,0.9500000000000003,1.9,
ground_truth,5,0,0,0,10,17,True,False,0.0932591781715284,0.9500000000000003,1.9,
ground_truth,5,0,0,0,10,18,True,False,0.0932591781715284,0.9500000000000003,1.9,
ground_truth,5,0,0,0,10,19,True,False,0.0932591781715284,0.9500000000000003,1.9,
ground_truth,5,0,0,0,10,20,True,False,0.0932591781715284,0.9500000000000003,1.9,
ground_truth,5,0,0,0,10,21,True,False,0.0932591781715284,0.9500000000000003,1.9,
ground_truth,5,0,0,0,10,22,True,False,0.0932591781715284,0.9500000000000003,1.9,
ground_truth,5,0,0,0,10,23,True,False,0.0932591781715284,0.9500000000000003,1.9,
ground_truth,5,0,0,0,10,24,True,False,0.0932591781715284,0.9500000000000003,1.9,
ground_truth,5,0,0,0,10,25,True,False,0.0932591781715284,0.9500000000000003,1.9,
ground_truth,5,0,0,0,10,26,True,False,0.0932591781715284,0.9500000000000003,1.9,
ground_truth,5,0,0,0,10,27,True,False,0.0932591781715284,0.9500000000000003,1.9,
ground_truth,5,0,0,0,10,28,True,False,0.0932591781715284,0.9500000000000003,1.9,
ground_truth,5,0,0,0,10,29,True,False,0.0932591781715284,0.9500000000000003,1.9,
ground_truth,5,0,0,0,10,30,True,False,0.0932591781715284,0.9500000000000003,1.9,
ground_truth,5,0,0,0,10,31,True,False,0.0932591781715284,0.9500000000000003,1.9,
ground_truth,5,0,0,0,10,32,True,False,0.0932591781715284,0.9500000000000003,1.9,
ground_truth,5,0,0,0,10,33,True,False,0.0932591781715284,0.9500000000000003,1.9,
ground_truth,5,0,0,0,10,34,True,False,0.0932591781715284,0.9500000000000003,1.9,
ground_truth,5,0,0,0,10,35,True,False,0.0932591781715284,0.9500000000000003,1.9,
ground_truth,5,0,0,0,10,36,True,False,0.0932591781715284,0.9500000000000003,1.9,
ground_truth,5,0,0,0,10,37,True,False,0.0932591781715284,0.9500000000000003,1.9,
ground_truth,5,0,0,0,10,38,True,False,0.0932591781715284,0.9500000000000003,1.9,
ground_truth,5,0,0,0,10,39,True,False,0.0932591781715284,0.9500000000000003,1.9,
ground_truth,5,0,0,0,10,40,True,False,0.0932591781715284,0.9500000000000003,1.9,
ground_truth,5,0,0,0,10,41,True,False,0.0932591781715284,0.9500000000000003,1.9,
ground_truth,5,0,0,0,10,42,True,False,0.0932591781715284,0.9500000000000003,1.9,
ground_truth,5,0,0,0,10,43,True,False,0.0932591781715284,0.9500000000000003,1.9,
ground_truth,5,0,0,0,10,44,True,False,0.0932591781715284,0.9500000000000003,1.9,
ground_truth,5,0,0,0,10,45,True,False,0.0932591781715284,0.9500000000000003,1.9,
ground_truth,5,0,0,0,10,46,True,False,0.0932591781715284,0.9500000000000003,1.9,
ground_truth,5,0,0,0,10,47,True,False,0.0932591781715284,0.9500000000000003,1.9,
ground_truth,5,0,0,0,10,48,True,False,0.0932591781715284,0.9500000000000003,1.9,
ground_truth,5,0,0,0,10,49,True,False,0.0932591781715284,0.9500000000000003,1.9,
ground_truth,5,0,0,0,10,50,True,False,0.0932591781715284,0.9500000000000003,1.9,
ground_truth,5,0,0,0,10,51,True,False,0.0932591781715284,0.9500000000000003,1.9,
ground_truth,5,0,0,0,10,52,True,False,0.0932591781715284,0.9500000000000003,1.9,
ground_truth,5,0,0,0,10,53,True,False,0.0932591781715284,0.9500000000000003,1.9,
ground_truth,5,0,0,0,10,54,True,False,0.0932591781715284,0.9500000000000003,1.9,
ground_truth,5,0,0,0,10,55,True,False,0.0932591781715284,0.9500000000000003,1.9,
ground_truth,5,0,0,0,10,56,True,False,0.0932591781715284,0.9500000000000003,1.9,
ground_truth,5,0,0,0,10,57,True,False,0.0932591781715284,0.9500000000000003,1.9,
ground_truth,5,0,0,0,10,58,True,False,0.0932591781715284,0.9500000000000003,1.9,
ground_truth,5,0,0,0,10,59,True,False,0.0932591781715284,0.9500000000000003,1.9,
ground_truth,5,0,0,0,10,60,True,False,0.0932591781715284,0.9500000000000003,1.9,
ground_truth,5,0,0,0,10,61,True,False,0.0932591781715284,0.9500000000000003,1.9,
ground_truth,5,0,0,0,10,62,True,False,0.0932591781715284,0.9500000000000003,1.9,
ground_truth,5,0,0,0,10,63,True,False,0.0932591781715284,0.9500000000000003,1.9,
ground_truth,5,0,0,0,10,64,True,False,0.0932591781715284,0.9500000000000003,1.9,
ground_truth,5,0,0,0,10,65,True,False,0.0932591781715284,0.9500000000000003,1.9,
ground_truth,5,0,0,0,10,66,True,False,0.0932591781715284,0.9500000000000003,1.9,
ground_truth,5,0,0,0,10,67,True,False,0.0932591781715284,0.9500000000000003,1.9,
ground_truth,5,0,0,0,10,68,True,False,0.0932591781715284,0.9500000000000003,1.9,
ground_truth,5,0,0,0,10,69,True,False,0.0932591781715284,0.9500000000000003,1.9,
ground_truth,5,0,0,0,10,70,True,False,0.0932591781715284,0.9500000000000003,1.9,
ground_truth,5,0,0,0,10,71,True,False,0.0932591781715284,0.9500000000000003,1.9,
ground_truth,5,0,0,0,10,72,True,False,0.0932591781715284,0.9500000000000003,1.9,
ground_truth,5,0,0,0,10,73,True,False,0.0932591781715284,0.9500000000000003,1.9,
ground_truth,5,0,0,0,10,74,True,False,0.0932591781715284,0.9500000000000003,1.9,
ground_truth,5,0,0,0,10,75,True,False,0.0932591781715284,0.9500000000000003,1.9,
ground_truth,5,0,0,0,10,76,True,False,0.0932591781715284,0.9500000000000003,1.9,
ground_truth,5,0,0,0,10,77,True,False,0.0932591781715284,0.9500000000000003,1.9,
ground_truth,5,0,0,0,10,78,True,False,0.0932591781715284,0.9500000000000003,1.9,
ground_truth,5,0,0,0,10,79,True,False,0.0932591781715284,0.9500000000000003,1.9,
ground_truth,5,0,0,0,10,80,True,False,0.0932591781715284,0.9500000000000003,1.9,
ground_truth,5,0,0,0,10,81,True,False,0.0932591781715284,0.9500000000000003,1.9,
ground_truth,5,0,0,0,10,82,True,False,0.0932591781715284,0.9500000000000003,1.9,
ground_truth,5,0,0,0,10,83,True,False,0.0932591781715284,0.9500000000000003,1.9,
ground_truth,5,0,0,0,10,84,True,False,0.0932591781715284,0.9500000000000003,1.9,
ground_truth,5,0,0,0,10,85,True,False,0.0932591781715284,0.9500000000000003,1.9,
ground_truth,5,0,0,0,10,86,True,False,0.0932591781715284,0.9500000000000003,1.9,
ground_truth,5,0,0,0,10,87,True,False,0.0932591781715284,0.9500000000000003,1.9,
ground_truth,5,0,0,0,10,88,True,False,0.0932591781715284,0.9500000000000003,1.9,
ground_truth,5,0,0,0,10,89,True,False,0.0932591781715284,0.9500000000000003,1.9,
ground_truth,5,0,0,0,10,90,True,False,0.0932591781715284,0.9500000000000003,1.9,
ground_truth,5,0,0,0,10,91,True,False,0.0932591781715284,0.9500000000000003,1.9,
ground_truth,5,0,0,0,10,92,True,False,0.0932591781715284,0.9500000000000003,1.9,
ground_truth,5,0,0,0,10,93,True,False,0.0932591781715284,0.9500000000000003,1.9,
ground_truth,5,0,0,0,10,94,True,False,0.0932591781715284,0.9500000000000003,1.9,
ground_truth,5,0,0,0,10,95,True,False,0.0932591781715284,0.9500000000000003,1.9,
ground_truth,5,0,0,0,10,96,True,False,0.0932591781715284,0.9500000000000003,1.9,
ground_truth,5,0,0,0,10,97,True,False,0.0932591781715284,0.9500000000000003,1.9,
ground_truth,5,0,0,0,10,98,True,False,0.0932591781715284,0.9500000000000003,1.9,
ground_truth,5,0,0,0,10,99,True,False,0.0932591781715284,0.9500000000000003,1.9,
ground_truth,5,0,0,0,10,100,True,False,0.0932591781715284,0.9500000000000003,1.9,
noisy,5,0,0,0,10,1,True,False,0.08721682976377187,0.9500000000000003,1.900000000000001,0.13610862728066922
noisy,5,0,0,0,10,2,True,False,0.11189656190870445,1.0000000000000002,1.9687699569056893,0.13983889252774354
noisy,5,0,0,0,10,3,True,False,0.08965732356489653,1.0000000000000002,2.0000000000000013,0.1714492390517027
noisy,5,0,0,0,10,4,True,False,0.09664223206852629,0.9500000000000003,1.9,0.14709797579831954
noisy,5,0,0,0,10,5,True,False,0.05077649617612656,1.0000000000000002,1.9999999999999993,0.12971952988518318
noisy,5,0,0,0,10,6,True,False,0.02239862635272405,1.0000000000000002,2.0000000000000004,0.14443003399316623
noisy,5,0,0,0,10,7,True,False,0.09310394676189215,0.9500000000000003,1.8999999999999981,0.11820491041714143
noisy,5,0,0,0,10,8,True,False,0.09339327350589266,0.9500000000000003,1.8999999999999981,0.1576915347573112
noisy,5,0,0,0,10,9,True,False,0.051466487814763484,1.0000000000000002,1.9999999999999998,0.142832194895475
noisy,5,0,0,0,10,10,True,False,0.07009422126889109,1.0000000000000002,1.9999999999999993,0.12282904484908944
noisy,5,0,0,0,10,11,True,False,0.09830059762805932,1.0000000000000002,1.999999999999999,0.14004359312099657
noisy,5,0,0,0,10,12,True,False,0.059443879685570744,0.9500000000000003,1.8999999999999984,0.1325444156424341
noisy,5,0,0,0,10,13,True,False,0.04321776486287532,1.0000000000000002,2.0000000000000013,0.17439331918337866
noisy,5,0,0,0,10,14,True,False,0.1846490468214348,1.0000000000000002,1.9486662783759001,0.1785791580357834
noisy,5,0,0,0,10,15,True,False,0.0861167154293323,0.9500000000000003,1.8997068700294355,0.1415322165089012
noisy,5,0,0,0,10,16,True,False,0.08291764002578272,1.0000000000000002,2.0000000000000027,0.12229439920665308
noisy,5,0,0,0,10,17,True,False,0.1041710434619596,1.0000000000000002,2.0000000000000013,0.18112188008046778
noisy,5,0,0,0,10,18,True,False,0.0007126694072612239,0.9500000000000003,1.8999999999999992,0.13982613183497458
noisy,5,0,0,0,10,19,True,False,0.048966583973787836,0.9500000000000003,1.9000000000000008,0.10867090701065642
noisy,5,0,0,0,10,20,True,False,0.07372378391476508,0.9500000000000003,1.8999999999999995,0.1479731144205394
noisy,5,0,0,0,10,21,True,False,0.07320899331160935,1.0000000000000002,1.9999999999999996,0.15811962520346126
noisy,5,0,0,0,10,22,True,False,0.05637675855197055,0.9500000000000003,1.8999999999999997,0.14553162282199403
noisy,5,0,0,0,10,23,True,False,0.06464520735194634,0.9500000000000003,1.8894990490512535,0.11788881716349399
noisy,5,0,0,0,10,24,True,False,0.10237110704241248,0.9500000000000003,1.9000000000000001,0.14062771490195466
noisy,5,0,0,0,10,25,True,False,0.040943232110943306,0.9500000000000003,1.9,0.13218191863162979
noisy,5,0,0,0,10,26,True,False,0.06336628883898654,0.9500000000000003,1.8999999999999995,0.18645293321726172
noisy,5,0,0,0,10,27,True,False,0.09217144314050829,1.0000000000000002,1.9899907593122854,0.1439448843402228
noisy,5,0,0,0,10,28,True,False,0.10626153440484654,1.0000000000000002,1.9999999999999996,0.15019997778868227
noisy,5,0,0,0,10,29,True,False,0.08292214100886208,1.0500000000000003,2.099999999999999,0.1848141404585624
noisy,5,0,0,0,10,30,True,False,0.07601974924959753,0.9500000000000003,1.8655126259684576,0.12439865407705063
noisy,5,0,0,0,10,31,True,False,0.07816264789692529,1.0000000000000002,1.9999999999999998,0.11568792885475944
noisy,5,0,0,0,10,32,True,False,0.06524618700602591,0.9500000000000003,1.900000000000001,0.11459283165850462
noisy,5,0,0,0,10,33,True,False,0.05072427353432962,0.9500000000000003,1.9000000000000004,0.12946237820060022
noisy,5,0,0,0,10,34,True,False,0.10484332418086906,1.0000000000000002,1.9999999999999996,0.09104220495122625
noisy,5,0,0,0,10,35,True,False,0.06176233921028507,0.9500000000000003,1.9000000000000004,0.14599478572315194
noisy,5,0,0,0,10,36,True,False,0.07831126865222493,0.9500000000000003,1.900000000000001,0.09468587566463946
noisy,5,0,0,0,10,37,True,False,0.08072347926177459,0.9500000000000003,1.9000000000000012,0.14256599320159324
noisy,5,0,0,0,10,38,True,False,0.07213835829647874,0.9500000000000003,1.8999999999999997,0.14087970492763005
noisy,5,0,0,0,10,39,True,False,0.05580269595631693,1.0000000000000002,2.0000000000000013,0.13304620381590176
noisy,5,0,0,0,10,40,True,False,0.11380828950493438,1.0000000000000002,1.9840288985633128,0.1086254873076368
noisy,5,0,0,0,10,41,True,False,0.10077930177205086,1.0000000000000002,2.000000000000001,0.13130063921007057
noisy,5,0,0,0,10,42,True,False,0.12287678471820573,1.0000000000000002,1.999590876954462,0.12695030642556457
noisy,5,0,0,0,10,43,True,False,0.0629803883721951,0.9500000000000003,1.9000000000000006,0.12727040937338932
noisy,5,0,0,0,10,44,True,False,0.12246550207834406,1.0000000000000002,2.000000000000001,0.11781655920786169
noisy,5,0,0,0,10,45,True,False,0.059141847490420396,0.9500000000000003,1.8999999999999981,0.10574195008738861
noisy,5,0,0,0,10,46,True,False,0.07918518306086986,1.0000000000000002,2.0,0.1420869952635717
noisy,5,0,0,0,10,47,True,False,0.16229435862012553,1.0000000000000002,2.0000000000000004,0.14065533859282542
noisy,5,0,0,0,10,48,True,False,0.028847302903799,0.9500000000000003,1.8999999999999995,0.11131912027572137
noisy,5,0,0,0,10,49,True,False,0.10358055629136165,1.0000000000000002,2.0000000000000018,0.15561002075282765
noisy,5,0,0,0,10,50,True,False,0.028640386132756213,0.9500000000000003,1.9000000000000006,0.15487139206046058
noisy,5,0,0,0,10,51,True,False,0.1334302583344058,1.0000000000000002,1.9314120089137805,0.15779297595071148
noisy,5,0,0,0,10,52,True,False,0.030096529719513043,0.9500000000000003,1.8999999999999984,0.11861895267036317
noisy,5,0,0,0,10,53,True,False,0.058975295345315315,1.0000000000000002,1.9999999999999996,0.16786952496243018
noisy,5,0,0,0,10,54,True,False,0.1266473862289781,1.0000000000000002,1.9509051739799066,0.14083367928072063
noisy,5,0,0,0,10,55,True,False,0.015414688012447941,0.9500000000000003,1.9000000000000006,0.18208713745099792
noisy,5,0,0,0,10,56,True,False,0.03384879677037533,0.9500000000000003,1.9000000000000004,0.14293151537264664
noisy,5,0,0,0,10,57,True,False,0.09099846081568419,1.0000000000000002,2.0,0.12166591568962538
noisy,5,0,0,0,10,58,True,False,0.10411106993939812,1.0000000000000002,1.9999999999999991,0.11740924333937965
noisy,5,0,0,0,10,59,True,False,0.08679911927473127,0.9500000000000003,1.8999999999999997,0.1342086715013347
noisy,5,0,0,0,10,60,True,False,0.04552193071618338,0.9500000000000003,1.9000000000000006,0.14799831873635214
noisy,5,0,0,0,10,61,True,False,0.030668554802902204,0.9500000000000003,1.9000000000000006,0.16975411194644513
noisy,5,0,0,0,10,62,True,False,0.07227030279578339,0.9500000000000003,1.9000000000000001,0.13539053343172577
noisy,5,0,0,0,10,63,False,True,-0.009517880821962477,,0.5000000000000007,0.20090145695780487
noisy,5,0,0,0,10,64,True,False,0.13239881349770521,1.0000000000000002,1.9999999999999993,0.12626111267422419
noisy,5,0,0,0,10,65,True,False,0.10826088762789343,1.0000000000000002,1.9999999999999987,0.14482886750476934
noisy,5,0,0,0,10,66,True,False,0.06790828937872151,1.0000000000000002,1.997466912339297,0.13033307884830655
noisy,5,0,0,0,10,67,True,False,0.006448838779899546,0.9500000000000003,1.9000000000000008,0.1275130446249382
noisy,5,0,0,0,10,68,True,False,0.04180258669890047,0.9500000000000003,1.9000000000000021,0.13467529180814392
noisy,5,0,0,0,10,69,True,False,0.11264642194463992,1.0000000000000002,1.9999999999999993,0.10797261072878525
noisy,5,0,0,0,10,70,True,False,0.08915588138011943,1.0000000000000002,1.9999999999999991,0.12988466101223242
noisy,5,0,0,0,10,71,True,False,0.10231206760735967,1.0000000000000002,2.0,0.1022620802082535
noisy,5,0,0,0,10,72,True,False,0.06936523842179709,1.0000000000000002,2.000000000000002,0.1304635467622347
noisy,5,0,0,0,10,73,True,False,0.02874715462223776,1.0000000000000002,1.9999999999999998,0.14365061557932582
noisy,5,0,0,0,10,74,True,False,0.07056210460052759,1.0000000000000002,2.000000000000001,0.1040488366511905
noisy,5,0,0,0,10,75,True,False,0.0523246250320244,0.9500000000000003,1.9000000000000006,0.09179771429577434
noisy,5,0,0,0,10,76,True,False,0.03881563606594507,0.9500000000000003,1.8999999999999992,0.13160235036140377
noisy,5,0,0,0,10,77,True,False,0.11478643282494705,1.0000000000000002,1.9999674142851702,0.11394898034116092
noisy,5,0,0,0,10,78,True,False,0.0935943122240166,1.0000000000000002,1.9999999999999993,0.09450194388628633
noisy,5,0,0,0,10,79,True,False,0.10106436214707837,1.0000000000000002,1.9999999999999987,0.13095048832942455
noisy,5,0,0,0,10,80,True,False,0.07811186715642227,1.0000000000000002,2.0,0.12919168630431171
noisy,5,0,0,0,10,81,True,False,0.013741946485997802,0.9500000000000003,1.8999999999999988,0.1277606225405612
noisy,5,0,0,0,10,82,True,False,0.08495843283453453,0.9500000000000003,1.899999999999999,0.13903126745054337
noisy,5,0,0,0,10,83,True,False,0.11629775539708431,1.0000000000000002,2.0,0.10298371050693846
noisy,5,0,0,0,10,84,True,False,0.04215359293659793,0.9500000000000003,1.899999999999999,0.15536762332916268
noisy,5,0,0,0,10,85,True,False,0.10160184968538677,1.0000000000000002,2.000000000000001,0.14026020382894436
noisy,5,0,0,0,10,86,True,False,0.09835453417613893,0.9500000000000003,1.9000000000000004,0.1476034175055517
noisy,5,0,0,0,10,87,True,False,0.08378479777320536,1.0000000000000002,1.9999999999999987,0.12948632505103122
noisy,5,0,0,0,10,88,True,False,0.07877488587551151,0.9500000000000003,1.900000000000001,0.11463062746596189
noisy,5,0,0,0,10,89,True,False,0.08600240488776145,1.0000000000000002,2.000000000000001,0.10689554509911411
noisy,5,0,0,0,10,90,True,False,0.05183834518786057,1.0000000000000002,1.999999999999999,0.14802506013757719
noisy,5,0,0,0,10,91,True,False,0.12136464353285503,1.0000000000000002,1.9999999999999978,0.08826213926708375
noisy,5,0,0,0,10,92,True,False,0.12291360174057764,0.9500000000000003,1.8999999999999984,0.14224244780977832
noisy,5,0,0,0,10,93,True,False,0.07810582124564336,1.0000000000000002,1.999118070472082,0.14160314061960655
noisy,5,0,0,0,10,94,True,False,0.06847106198816344,0.9500000000000003,1.9000000000000012,0.11615672275613026
noisy,5,0,0,0,10,95,True,False,0.08932930752714174,1.0000000000000002,2.0,0.1306632006754059
noisy,5,0,0,0,10,96,True,False,0.15823730571304018,1.0000000000000002,2.0000000000000018,0.128098723365581
noisy,5,0,0,0,10,97,True,False,0.1514270286388073,1.0000000000000002,1.9999999999999993,0.15572202903855067
noisy,5,0,0,0,10,98,True,False,0.06673565535118886,0.9500000000000003,1.9000000000000026,0.09573558684770819
noisy,5,0,0,0,10,99,True,False,0.07787241305936665,0.9500000000000003,1.8999999999999986,0.11603729842810952
noisy,5,0,0,0,10,100,True,False,0.02397020156481644,0.9500000000000003,1.8598089981428916,0.14975109247684035
kalman,5,0,0,0,10,1,True,False,0.12330345973227486,1.0000000000000002,1.9843946884658572,0.09460499935594015
kalman,5,0,0,0,10,2,True,False,0.13621330075390725,1.0500000000000003,1.9846710790327342,0.1293068132417838
kalman,5,0,0,0,10,3,True,False,0.10748257625215074,1.0000000000000002,2.0000000000000004,0.13026570548073674
kalman,5,0,0,0,10,4,True,False,0.10809521015452295,0.9500000000000003,1.9,0.08637232908214193
kalman,5,0,0,0,10,5,True,False,0.06930287577346528,1.0000000000000002,1.9999999999999993,0.09550057735185873
kalman,5,0,0,0,10,6,True,False,0.03080981324671428,1.0000000000000002,1.9854252226648217,0.12705441291617883
kalman,5,0,0,0,10,7,True,False,0.12591193607474516,0.9500000000000003,1.8999999999999981,0.08869743606882201
kalman,5,0,0,0,10,8,True,False,0.12892407807293393,1.0000000000000002,2.0000000000000013,0.1384617457689005
kalman,5,0,0,0,10,9,True,False,0.05593292049276544,1.0000000000000002,2.0,0.08034072529584878
kalman,5,0,0,0,10,10,True,False,0.07724115175830448,1.0000000000000002,2.0000000000000004,0.0807769369509152
kalman,5,0,0,0,10,11,True,False,0.10951303777930343,1.0000000000000002,2.0,0.10877594295155829
kalman,5,0,0,0,10,12,True,False,0.06576099120076018,1.0000000000000002,1.9999999999999993,0.08025702223542483
kalman,5,0,0,0,10,13,True,False,0.02916348916668343,1.0000000000000002,2.0000000000000013,0.14849193895097004
kalman,5,0,0,0,10,14,True,False,0.21692510320254854,1.0500000000000003,2.0999999999999988,0.16296004264650124
kalman,5,0,0,0,10,15,True,False,0.1115848679232263,1.0000000000000002,1.992955463253054,0.11257824625604895
kalman,5,0,0,0,10,16,True,False,0.05047783931089933,1.0000000000000002,1.9999999999999993,0.10625094667184791
kalman,5,0,0,0,10,17,True,False,0.13138779802791678,1.0000000000000002,1.9999999999999998,0.13400384410006774
kalman,5,0,0,0,10,18,True,False,0.027109387292548748,1.0000000000000002,1.9418227315763603,0.1194596574345804
kalman,5,0,0,0,10,19,True,False,0.06998626798172114,0.9500000000000003,1.9000000000000006,0.07286549176213943
kalman,5,0,0,0,10,20,True,False,0.09139341383969413,0.9500000000000003,1.8999999999999997,0.08198103763954558
kalman,5,0,0,0,10,21,True,False,0.07102322862708443,1.0000000000000002,1.9999999999999996,0.10384321110290275
kalman,5,0,0,0,10,22,True,False,0.06458936879940103,1.0000000000000002,1.98630239088645,0.12340498742531357
kalman,5,0,0,0,10,23,True,False,0.11111127091002904,1.0000000000000002,1.9898980785393996,0.1078112666641506
kalman,5,0,0,0,10,24,True,False,0.10309839760257633,0.9500000000000003,1.900000000000001,0.061550877869452944
kalman,5,0,0,0,10,25,True,False,0.08190910729976175,0.9500000000000003,1.9000000000000001,0.11395840418676124
kalman,5,0,0,0,10,26,True,False,0.06241847516586496,0.9500000000000003,1.9000000000000021,0.15099165705921938
kalman,5,0,0,0,10,27,True,False,0.11558121262597743,1.0000000000000002,1.9654364081899982,0.11893666868770686
kalman,5,0,0,0,10,28,True,False,0.11728091083448255,1.0000000000000002,1.999999999999999,0.08006509659054903
kalman,5,0,0,0,10,29,True,False,0.0986095794139712,1.0000000000000002,1.9999999999999998,0.09675043801186052
kalman,5,0,0,0,10,30,True,False,0.1057810448603913,1.0000000000000002,1.9987375224015358,0.09706292875097008
kalman,5,0,0,0,10,31,True,False,0.09063964446862371,1.0000000000000002,1.9999999999999993,0.10702374445314869
kalman,5,0,0,0,10,32,True,False,0.0635079238831977,0.9500000000000003,1.900000000000001,0.07354939441670215
kalman,5,0,0,0,10,33,True,False,0.08955946554341909,0.9500000000000003,1.9000000000000017,0.08876993710031661
kalman,5,0,0,0,10,34,True,False,0.08680732273791625,1.0000000000000002,2.0,0.07201571349352562
kalman,5,0,0,0,10,35,True,False,0.08620633861643356,0.9500000000000003,1.8882618138591716,0.11171215001707345
kalman,5,0,0,0,10,36,True,False,0.07412945611054478,0.9500000000000003,1.9000000000000004,0.07850214474180732
kalman,5,0,0,0,10,37,True,False,0.10015554303616025,0.9500000000000003,1.8999999999999988,0.07488258515082967
kalman,5,0,0,0,10,38,True,False,0.0699837895888904,0.9500000000000003,1.8932451839828677,0.10414965332052441
kalman,5,0,0,0,10,39,True,False,0.10126717305683486,1.0000000000000002,2.000000000000001,0.09076459557392842
kalman,5,0,0,0,10,40,True,False,0.1102635617555745,1.0000000000000002,2.000000000000001,0.08430282502917551
kalman,5,0,0,0,10,41,True,False,0.10473854200785393,1.0000000000000002,2.000000000000001,0.1051593303315276
kalman,5,0,0,0,10,42,True,False,0.10771893672895927,1.0500000000000003,2.097930205085003,0.12085025023210012
kalman,5,0,0,0,10,43,True,False,0.10771717116949242,0.9500000000000003,1.899999999999999,0.09521234687424047
kalman,5,0,0,0,10,44,True,False,0.0894873141315371,1.0000000000000002,1.999999999999999,0.09820699465129118
kalman,5,0,0,0,10,45,True,False,0.058870349128461896,1.0000000000000002,1.9999999999999982,0.081123729989757
kalman,5,0,0,0,10,46,True,False,0.08026076778195024,1.0000000000000002,2.0000000000000004,0.07810577253445014
kalman,5,0,0,0,10,47,True,False,0.18626225545409247,1.0500000000000003,2.1000000000000014,0.13771925030378443
kalman,5,0,0,0,10,48,True,False,0.023215437560171193,1.0000000000000002,2.000000000000001,0.09413630826444083
kalman,5,0,0,0,10,49,True,False,0.15763972378860802,1.0000000000000002,1.9999999999999984,0.12380748686427621
kalman,5,0,0,0,10,50,True,False,0.07054260775798893,0.9500000000000003,1.8597702819266626,0.13189515103203003
kalman,5,0,0,0,10,51,True,False,0.08266203748726775,1.0500000000000003,2.0999999999999996,0.11703253601298087
kalman,5,0,0,0,10,52,True,False,0.06720903298454739,0.9500000000000003,1.9000000000000012,0.06857149509931484
kalman,5,0,0,0,10,53,True,False,0.08803126693376773,1.0000000000000002,2.000000000000001,0.0930536894243435
kalman,5,0,0,0,10,54,True,False,0.09410799341231457,1.0000000000000002,1.9999999999999993,0.1115346283162225
kalman,5,0,0,0,10,55,True,False,0.02233413630586467,1.0000000000000002,2.000000000000001,0.1653675006303542
kalman,5,0,0,0,10,56,True,False,0.03215244951209795,0.9500000000000003,1.8933089981553062,0.10988676565563385
kalman,5,0,0,0,10,57,True,False,0.08111965730282344,1.0000000000000002,1.9999999999999998,0.07891291864447708
kalman,5,0,0,0,10,58,True,False,0.12584071947638265,1.0000000000000002,2.000000000000001,0.08216643339761093
kalman,5,0,0,0,10,59,True,False,0.1014439123691322,0.9500000000000003,1.8999999999999997,0.11159037673758274
kalman,5,0,0,0,10,60,True,False,0.08775770304208375,0.9500000000000003,1.9000000000000008,0.11248939924848488
kalman,5,0,0,0,10,61,True,False,0.05817258371619527,0.9500000000000003,1.8999999999999992,0.13946444424899584
kalman,5,0,0,0,10,62,True,False,0.09811392477690872,0.9500000000000003,1.9,0.10076840736915046
kalman,5,0,0,0,10,63,False,True,-0.008494972229880604,,0.5000000000000001,0.18355760269044297
kalman,5,0,0,0,10,64,True,False,0.09728298374717603,1.0000000000000002,1.9966715584894166,0.0827210569283076
kalman,5,0,0,0,10,65,True,False,0.1410395690159798,1.0500000000000003,2.1000000000000005,0.11870310345129012
kalman,5,0,0,0,10,66,True,False,0.11234907178778086,1.0000000000000002,2.0000000000000004,0.09687383588468353
kalman,5,0,0,0,10,67,True,False,0.037358105380020934,1.0000000000000002,1.9860601472216277,0.09141534184702059
kalman,5,0,0,0,10,68,True,False,0.05136755669291615,1.0000000000000002,1.9920480248507983,0.11394879413966548
kalman,5,0,0,0,10,69,True,False,0.11708875289872434,1.0000000000000002,1.9999999999999991,0.10396662651496659
kalman,5,0,0,0,10,70,True,False,0.08138751757259222,1.0500000000000003,2.0999999999999996,0.10946293453304518
kalman,5,0,0,0,10,71,True,False,0.09197731795282582,1.0000000000000002,2.000000000000001,0.06359219103784586
kalman,5,0,0,0,10,72,True,False,0.11435858248012476,1.0000000000000002,2.0000000000000018,0.10021704267347784
kalman,5,0,0,0,10,73,True,False,0.04413886516461929,1.0000000000000002,1.999999999999998,0.09442192082195736
kalman,5,0,0,0,10,74,True,False,0.09618357374647024,1.0000000000000002,1.9999999999999978,0.08401976391624134
kalman,5,0,0,0,10,75,True,False,0.05669172779988485,1.0000000000000002,1.9999999999999998,0.06950214830381579
kalman,5,0,0,0,10,76,True,False,0.034911606018837915,1.0000000000000002,1.9982586048191318,0.10170110618022822
kalman,5,0,0,0,10,77,True,False,0.15344135480249022,1.0500000000000003,2.0842478369168176,0.1120071172547654
kalman,5,0,0,0,10,78,True,False,0.11374887442114057,1.0000000000000002,1.9907880435188667,0.10818231450445519
kalman,5,0,0,0,10,79,True,False,0.1398534980872035,1.0000000000000002,1.9542736989333174,0.09568611887868776
kalman,5,0,0,0,10,80,True,False,0.11383306066915844,1.0000000000000002,1.9999999999999982,0.09257081709964676
kalman,5,0,0,0,10,81,True,False,0.004150827879082941,0.9500000000000003,1.8999999999999995,0.1054399016850516
kalman,5,0,0,0,10,82,True,False,0.13499805946568477,1.0000000000000002,2.0000000000000013,0.09213365608944545
kalman,5,0,0,0,10,83,True,False,0.10851452558296426,1.0000000000000002,2.000000000000001,0.09821574755604338
kalman,5,0,0,0,10,84,True,False,0.051535257937359136,1.0000000000000002,1.9999999999999991,0.09770146279186918
kalman,5,0,0,0,10,85,True,False,0.11491887817253366,1.0000000000000002,2.0000000000000004,0.1230518758161981
kalman,5,0,0,0,10,86,True,False,0.10109016937684845,1.0000000000000002,2.0000000000000013,0.10636732291571065
kalman,5,0,0,0,10,87,True,False,0.0678053023896672,1.0000000000000002,1.9999999999999998,0.1044019492308272
kalman,5,0,0,0,10,88,True,False,0.08137368647878951,1.0000000000000002,1.9999999999999991,0.06486296988386596
kalman,5,0,0,0,10,89,True,False,0.07336617069499285,1.0000000000000002,2.0,0.07073274465526695
kalman,5,0,0,0,10,90,True,False,0.042652092981614764,1.0000000000000002,2.000000000000001,0.10494157043409448
kalman,5,0,0,0,10,91,True,False,0.11780690675947159,1.0000000000000002,1.9999999999999996,0.09525953780042277
kalman,5,0,0,0,10,92,True,False,0.15843223944934826,1.0000000000000002,2.0000000000000013,0.107584594493024
kalman,5,0,0,0,10,93,True,False,0.08252713539128398,1.0000000000000002,1.9920788969790366,0.10329134530170002
kalman,5,0,0,0,10,94,True,False,0.07946906592304548,0.9500000000000003,1.9000000000000008,0.08204750792501747
kalman,5,0,0,0,10,95,True,False,0.09502410349734025,1.0000000000000002,2.0000000000000004,0.09846436619706692
kalman,5,0,0,0,10,96,True,False,0.18958389886176596,1.0000000000000002,1.9999999999999987,0.14519494191440868
kalman,5,0,0,0,10,97,True,False,0.15790041005099775,1.0000000000000002,2.0000000000000013,0.09271474272281206
kalman,5,0,0,0,10,98,True,False,0.08148638457747293,0.9500000000000003,1.8999999999999995,0.0805787348798639
kalman,5,0,0,0,10,99,True,False,0.09201843438425716,0.9500000000000003,1.9000000000000012,0.08978018729032404
kalman,5,0,0,0,10,100,True,False,0.04886509308667564,1.0000000000000002,1.997401632368714,0.11744593042248658
ground_truth,5,0,0,0,20,1,True,False,0.0932591781715284,0.9500000000000003,1.9,
ground_truth,5,0,0,0,20,2,True,False,0.0932591781715284,0.9500000000000003,1.9,
ground_truth,5,0,0,0,20,3,True,False,0.0932591781715284,0.9500000000000003,1.9,
ground_truth,5,0,0,0,20,4,True,False,0.0932591781715284,0.9500000000000003,1.9,
ground_truth,5,0,0,0,20,5,True,False,0.0932591781715284,0.9500000000000003,1.9,
ground_truth,5,0,0,0,20,6,True,False,0.0932591781715284,0.9500000000000003,1.9,
ground_truth,5,0,0,0,20,7,True,False,0.0932591781715284,0.9500000000000003,1.9,
ground_truth,5,0,0,0,20,8,True,False,0.0932591781715284,0.9500000000000003,1.9,
ground_truth,5,0,0,0,20,9,True,False,0.0932591781715284,0.9500000000000003,1.9,
ground_truth,5,0,0,0,20,10,True,False,0.0932591781715284,0.9500000000000003,1.9,
ground_truth,5,0,0,0,20,11,True,False,0.0932591781715284,0.9500000000000003,1.9,
ground_truth,5,0,0,0,20,12,True,False,0.0932591781715284,0.9500000000000003,1.9,
ground_truth,5,0,0,0,20,13,True,False,0.0932591781715284,0.9500000000000003,1.9,
ground_truth,5,0,0,0,20,14,True,False,0.0932591781715284,0.9500000000000003,1.9,
ground_truth,5,0,0,0,20,15,True,False,0.0932591781715284,0.9500000000000003,1.9,
ground_truth,5,0,0,0,20,16,True,False,0.0932591781715284,0.9500000000000003,1.9,
ground_truth,5,0,0,0,20,17,True,False,0.0932591781715284,0.9500000000000003,1.9,
ground_truth,5,0,0,0,20,18,True,False,0.0932591781715284,0.9500000000000003,1.9,
ground_truth,5,0,0,0,20,19,True,False,0.0932591781715284,0.9500000000000003,1.9,
ground_truth,5,0,0,0,20,20,True,False,0.0932591781715284,0.9500000000000003,1.9,
ground_truth,5,0,0,0,20,21,True,False,0.0932591781715284,0.9500000000000003,1.9,
ground_truth,5,0,0,0,20,22,True,False,0.0932591781715284,0.9500000000000003,1.9,
ground_truth,5,0,0,0,20,23,True,False,0.0932591781715284,0.9500000000000003,1.9,
ground_truth,5,0,0,0,20,24,True,False,0.0932591781715284,0.9500000000000003,1.9,
ground_truth,5,0,0,0,20,25,True,False,0.0932591781715284,0.9500000000000003,1.9,
ground_truth,5,0,0,0,20,26,True,False,0.0932591781715284,0.9500000000000003,1.9,
ground_truth,5,0,0,0,20,27,True,False,0.0932591781715284,0.9500000000000003,1.9,
ground_truth,5,0,0,0,20,28,True,False,0.0932591781715284,0.9500000000000003,1.9,
ground_truth,5,0,0,0,20,29,True,False,0.0932591781715284,0.9500000000000003,1.9,
ground_truth,5,0,0,0,20,30,True,False,0.0932591781715284,0.9500000000000003,1.9,
ground_truth,5,0,0,0,20,31,True,False,0.0932591781715284,0.9500000000000003,1.9,
ground_truth,5,0,0,0,20,32,True,False,0.0932591781715284,0.9500000000000003,1.9,
ground_truth,5,0,0,0,20,33,True,False,0.0932591781715284,0.9500000000000003,1.9,
ground_truth,5,0,0,0,20,34,True,False,0.0932591781715284,0.9500000000000003,1.9,
ground_truth,5,0,0,0,20,35,True,False,0.0932591781715284,0.9500000000000003,1.9,
ground_truth,5,0,0,0,20,36,True,False,0.0932591781715284,0.9500000000000003,1.9,
ground_truth,5,0,0,0,20,37,True,False,0.0932591781715284,0.9500000000000003,1.9,
ground_truth,5,0,0,0,20,38,True,False,0.0932591781715284,0.9500000000000003,1.9,
ground_truth,5,0,0,0,20,39,True,False,0.0932591781715284,0.9500000000000003,1.9,
ground_truth,5,0,0,0,20,40,True,False,0.0932591781715284,0.9500000000000003,1.9,
ground_truth,5,0,0,0,20,41,True,False,0.0932591781715284,0.9500000000000003,1.9,
ground_truth,5,0,0,0,20,42,True,False,0.0932591781715284,0.9500000000000003,1.9,
ground_truth,5,0,0,0,20,43,True,False,0.0932591781715284,0.9500000000000003,1.9,
ground_truth,5,0,0,0,20,44,True,False,0.0932591781715284,0.9500000000000003,1.9,
ground_truth,5,0,0,0,20,45,True,False,0.0932591781715284,0.9500000000000003,1.9,
ground_truth,5,0,0,0,20,46,True,False,0.0932591781715284,0.9500000000000003,1.9,
ground_truth,5,0,0,0,20,47,True,False,0.0932591781715284,0.9500000000000003,1.9,
ground_truth,5,0,0,0,20,48,True,False,0.0932591781715284,0.9500000000000003,1.9,
ground_truth,5,0,0,0,20,49,True,False,0.0932591781715284,0.9500000000000003,1.9,
ground_truth,5,0,0,0,20,50,True,False,0.0932591781715284,0.9500000000000003,1.9,
ground_truth,5,0,0,0,20,51,True,False,0.0932591781715284,0.9500000000000003,1.9,
ground_truth,5,0,0,0,20,52,True,False,0.0932591781715284,0.9500000000000003,1.9,
ground_truth,5,0,0,0,20,53,True,False,0.0932591781715284,0.9500000000000003,1.9,
ground_truth,5,0,0,0,20,54,True,False,0.0932591781715284,0.9500000000000003,1.9,
ground_truth,5,0,0,0,20,55,True,False,0.0932591781715284,0.9500000000000003,1.9,
ground_truth,5,0,0,0,20,56,True,False,0.0932591781715284,0.9500000000000003,1.9,
ground_truth,5,0,0,0,20,57,True,False,0.0932591781715284,0.9500000000000003,1.9,
ground_truth,5,0,0,0,20,58,True,False,0.0932591781715284,0.9500000000000003,1.9,
ground_truth,5,0,0,0,20,59,True,False,0.0932591781715284,0.9500000000000003,1.9,
ground_truth,5,0,0,0,20,60,True,False,0.0932591781715284,0.9500000000000003,1.9,
ground_truth,5,0,0,0,20,61,True,False,0.0932591781715284,0.9500000000000003,1.9,
ground_truth,5,0,0,0,20,62,True,False,0.0932591781715284,0.9500000000000003,1.9,
ground_truth,5,0,0,0,20,63,True,False,0.0932591781715284,0.9500000000000003,1.9,
ground_truth,5,0,0,0,20,64,True,False,0.0932591781715284,0.9500000000000003,1.9,
ground_truth,5,0,0,0,20,65,True,False,0.0932591781715284,0.9500000000000003,1.9,
ground_truth,5,0,0,0,20,66,True,False,0.0932591781715284,0.9500000000000003,1.9,
ground_truth,5,0,0,0,20,67,True,False,0.0932591781715284,0.9500000000000003,1.9,
ground_truth,5,0,0,0,20,68,True,False,0.0932591781715284,0.9500000000000003,1.9,
ground_truth,5,0,0,0,20,69,True,False,0.0932591781715284,0.9500000000000003,1.9,
ground_truth,5,0,0,0,20,70,True,False,0.0932591781715284,0.9500000000000003,1.9,
ground_truth,5,0,0,0,20,71,True,False,0.0932591781715284,0.9500000000000003,1.9,
ground_truth,5,0,0,0,20,72,True,False,0.0932591781715284,0.9500000000000003,1.9,
ground_truth,5,0,0,0,20,73,True,False,0.0932591781715284,0.9500000000000003,1.9,
ground_truth,5,0,0,0,20,74,True,False,0.0932591781715284,0.9500000000000003,1.9,
ground_truth,5,0,0,0,20,75,True,False,0.0932591781715284,0.9500000000000003,1.9,
ground_truth,5,0,0,0,20,76,True,False,0.0932591781715284,0.9500000000000003,1.9,
ground_truth,5,0,0,0,20,77,True,False,0.0932591781715284,0.9500000000000003,1.9,
ground_truth,5,0,0,0,20,78,True,False,0.0932591781715284,0.9500000000000003,1.9,
ground_truth,5,0,0,0,20,79,True,False,0.0932591781715284,0.9500000000000003,1.9,
ground_truth,5,0,0,0,20,80,True,False,0.0932591781715284,0.9500000000000003,1.9,
ground_truth,5,0,0,0,20,81,True,False,0.0932591781715284,0.9500000000000003,1.9,
ground_truth,5,0,0,0,20,82,True,False,0.0932591781715284,0.9500000000000003,1.9,
ground_truth,5,0,0,0,20,83,True,False,0.0932591781715284,0.9500000000000003,1.9,
ground_truth,5,0,0,0,20,84,True,False,0.0932591781715284,0.9500000000000003,1.9,
ground_truth,5,0,0,0,20,85,True,False,0.0932591781715284,0.9500000000000003,1.9,
ground_truth,5,0,0,0,20,86,True,False,0.0932591781715284,0.9500000000000003,1.9,
ground_truth,5,0,0,0,20,87,True,False,0.0932591781715284,0.9500000000000003,1.9,
ground_truth,5,0,0,0,20,88,True,False,0.0932591781715284,0.9500000000000003,1.9,
ground_truth,5,0,0,0,20,89,True,False,0.0932591781715284,0.9500000000000003,1.9,
ground_truth,5,0,0,0,20,90,True,False,0.0932591781715284,0.9500000000000003,1.9,
ground_truth,5,0,0,0,20,91,True,False,0.0932591781715284,0.9500000000000003,1.9,
ground_truth,5,0,0,0,20,92,True,False,0.0932591781715284,0.9500000000000003,1.9,
ground_truth,5,0,0,0,20,93,True,False,0.0932591781715284,0.9500000000000003,1.9,
ground_truth,5,0,0,0,20,94,True,False,0.0932591781715284,0.9500000000000003,1.9,
ground_truth,5,0,0,0,20,95,True,False,0.0932591781715284,0.9500000000000003,1.9,
ground_truth,5,0,0,0,20,96,True,False,0.0932591781715284,0.9500000000000003,1.9,
ground_truth,5,0,0,0,20,97,True,False,0.0932591781715284,0.9500000000000003,1.9,
ground_truth,5,0,0,0,20,98,True,False,0.0932591781715284,0.9500000000000003,1.9,
ground_truth,5,0,0,0,20,99,True,False,0.0932591781715284,0.9500000000000003,1.9,
ground_truth,5,0,0,0,20,100,True,False,0.0932591781715284,0.9500000000000003,1.9,
noisy,5,0,0,0,20,1,True,False,0.10789389095066104,0.9500000000000003,1.9000000000000001,0.14155961647966062
noisy,5,0,0,0,20,2,True,False,0.08232660602601882,0.9500000000000003,1.900000000000001,0.13003286141504378
noisy,5,0,0,0,20,3,True,False,0.0678254326551675,0.9500000000000003,1.8999999999999984,0.16991641472889935
noisy,5,0,0,0,20,4,True,False,0.06356072246146827,0.9500000000000003,1.8999999999999992,0.13185120404421283
noisy,5,0,0,0,20,5,True,False,0.11152474755198516,1.0000000000000002,1.9869581638216363,0.13789288594863064
noisy,5,0,0,0,20,6,True,False,0.08338932189494419,0.9500000000000003,1.8999999999999997,0.13613605413428742
noisy,5,0,0,0,20,7,True,False,0.08608037263090895,1.0000000000000002,2.0000000000000018,0.1251623959211466
noisy,5,0,0,0,20,8,True,False,0.05615272969433982,0.9500000000000003,1.8962585478479153,0.1699331866261767
noisy,5,0,0,0,20,9,True,False,0.0892917430901703,0.9500000000000003,1.9,0.12518083116720996
noisy,5,0,0,0,20,10,True,False,0.10611966437776243,0.9500000000000003,1.9000000000000006,0.11318970408332703
noisy,5,0,0,0,20,11,True,False,0.09034927524705627,0.9500000000000003,1.885240326775974,0.13971230784956779
noisy,5,0,0,0,20,12,True,False,0.1045488382941071,1.0000000000000002,1.9999999999999996,0.12734689010489375
noisy,5,0,0,0,20,13,True,False,0.0697955798223191,0.9500000000000003,1.8999999999999992,0.151244829550199
noisy,5,0,0,0,20,14,True,False,0.07730790596508408,0.9500000000000003,1.9000000000000004,0.15466267269787068
noisy,5,0,0,0,20,15,True,False,0.049435470109292945,0.9500000000000003,1.9000000000000015,0.13917514580403273
noisy,5,0,0,0,20,16,True,False,0.09350154856424409,0.9500000000000003,1.899999999999999,0.1227997396008631
noisy,5,0,0,0,20,17,True,False,0.06829440885633553,0.9500000000000003,1.8467090818578156,0.15080160862939396
noisy,5,0,0,0,20,18,True,False,0.06533938825726082,0.9500000000000003,1.8999999999999981,0.14768263907682708
noisy,5,0,0,0,20,19,True,False,0.05768563798766446,0.9500000000000003,1.9000000000000012,0.12245667610467936
noisy,5,0,0,0,20,20,True,False,0.06148452916877356,0.9500000000000003,1.9000000000000012,0.16496061501203668
noisy,5,0,0,0,20,21,True,False,0.10101660840929338,0.9500000000000003,1.8999999999999997,0.14291968384334752
noisy,5,0,0,0,20,22,True,False,0.09213048476310481,0.9500000000000003,1.9000000000000006,0.1667158272179589
noisy,5,0,0,0,20,23,True,False,0.08786682154725378,0.9500000000000003,1.9000000000000015,0.14537658514846583
noisy,5,0,0,0,20,24,True,False,0.09677038618824185,0.9500000000000003,1.9000000000000012,0.15491195118875908
noisy,5,0,0,0,20,25,True,False,0.06478443836793102,1.0000000000000002,2.000000000000001,0.13472035104102723
noisy,5,0,0,0,20,26,True,False,0.09171900506099906,0.9500000000000003,1.9,0.17920588705012613
noisy,5,0,0,0,20,27,True,False,0.13151896151714615,1.0000000000000002,2.0,0.13001113766622027
noisy,5,0,0,0,20,28,True,False,0.07348907117238324,0.9500000000000003,1.8999999999999997,0.13973593473577994
noisy,5,0,0,0,20,29,True,False,0.06466019304020998,0.9500000000000003,1.8817472791877161,0.1627417459026566
noisy,5,0,0,0,20,30,True,False,0.07226511093108301,0.9500000000000003,1.9000000000000001,0.11540845258140664
noisy,5,0,0,0,20,31,True,False,0.10196193594614478,0.9500000000000003,1.899999999999999,0.1257380334291139
noisy,5,0,0,0,20,32,True,False,0.08736996540748798,0.9500000000000003,1.9000000000000001,0.14921312118418573
noisy,5,0,0,0,20,33,True,False,0.055300179646124104,0.9500000000000003,1.900000000000002,0.12447814313958473
noisy,5,0,0,0,20,34,True,False,0.0930409092975002,0.9500000000000003,1.9000000000000008,0.11908204166064328
noisy,5,0,0,0,20,35,True,False,0.05763104425276544,0.9500000000000003,1.8999999999999997,0.14283057593651005
noisy,5,0,0,0,20,36,True,False,0.10486442933980955,1.0000000000000002,1.9999999999999993,0.1281257136313594
noisy,5,0,0,0,20,37,True,False,0.09502322021614917,0.9500000000000003,1.9000000000000004,0.143570332180715
noisy,5,0,0,0,20,38,True,False,0.06490643126928086,0.9500000000000003,1.8999999999999997,0.1407962516097873
noisy,5,0,0,0,20,39,True,False,0.11222416896103549,1.0000000000000002,1.9811792426610726,0.1322084527400719
noisy,5,0,0,0,20,40,True,False,0.09292049773171462,0.9500000000000003,1.9000000000000006,0.13473643247290504
noisy,5,0,0,0,20,41,True,False,0.06662215169418162,1.0000000000000002,1.9999999999999991,0.1289770314188001
noisy,5,0,0,0,20,42,True,False,0.09725692399100883,0.9500000000000003,1.9000000000000001,0.11909970910384605
noisy,5,0,0,0,20,43,True,False,0.092691363914291,0.9500000000000003,1.8999999999999992,0.1295810000631869
noisy,5,0,0,0,20,44,True,False,0.09747572959148387,1.0000000000000002,1.9956615105492599,0.12437631463903381
noisy,5,0,0,0,20,45,True,False,0.10096124994458244,0.9500000000000003,1.9000000000000001,0.12087642575393988
noisy,5,0,0,0,20,46,True,False,0.08950925820241507,0.9500000000000003,1.8999999999999992,0.13986468289748683
noisy,5,0,0,0,20,47,True,False,0.10215773676283546,0.9500000000000003,1.8957846808911512,0.13283791473598305
noisy,5,0,0,0,20,48,True,False,0.0605325810445696,0.9500000000000003,1.8999999999999988,0.12725320106209473
noisy,5,0,0,0,20,49,True,False,0.0996985889611508,1.0000000000000002,2.000000000000001,0.13682487553122696
noisy,5,0,0,0,20,50,True,False,0.09619163705505063,1.0000000000000002,2.0,0.15918635406325857
noisy,5,0,0,0,20,51,True,False,0.08652879322258822,1.0000000000000002,1.9874818935113263,0.1583211075680237
noisy,5,0,0,0,20,52,True,False,0.09184566261507587,0.9500000000000003,1.9,0.14042158427144402
noisy,5,0,0,0,20,53,True,False,0.0728373794415782,1.0000000000000002,1.9999999999999998,0.15710494164975636
noisy,5,0,0,0,20,54,True,False,0.11256128333440496,1.0000000000000002,1.9999999999999987,0.13109058086488823
noisy,5,0,0,0,20,55,True,False,0.14503254291660195,1.0000000000000002,2.0000000000000004,0.17231564177410524
noisy,5,0,0,0,20,56,True,False,0.06442848529431444,0.9500000000000003,1.899999999999999,0.14116759438684992
noisy,5,0,0,0,20,57,True,False,0.04764294950565162,0.9500000000000003,1.9000000000000017,0.12888929372888602
noisy,5,0,0,0,20,58,True,False,0.10982557502196078,1.0000000000000002,2.0,0.13853495796798324
noisy,5,0,0,0,20,59,True,False,0.02337745735872021,0.9500000000000003,1.900000000000002,0.13412623652257435
noisy,5,0,0,0,20,60,True,False,0.052011985951545325,0.9500000000000003,1.8999999999999992,0.141171871578985
noisy,5,0,0,0,20,61,True,False,0.09635609165881065,0.9500000000000003,1.8999999999999986,0.1471799904989418
noisy,5,0,0,0,20,62,True,False,0.09005174310368425,0.9500000000000003,1.9000000000000017,0.13094524308575733
noisy,5,0,0,0,20,63,True,False,0.07404523803082919,0.9500000000000003,1.9000000000000006,0.14195897642263341
noisy,5,0,0,0,20,64,True,False,0.09684154611206153,0.9500000000000003,1.9000000000000015,0.13288860274816014
noisy,5,0,0,0,20,65,True,False,0.11555360028558348,1.0000000000000002,1.9999999999999998,0.1476058246707667
noisy,5,0,0,0,20,66,True,False,0.08508137236408753,0.9500000000000003,1.8659225460584015,0.134826824997632
noisy,5,0,0,0,20,67,True,False,0.06719265901096882,0.9500000000000003,1.863458802317026,0.12860974410913192
noisy,5,0,0,0,20,68,True,False,0.04965801552307458,0.9500000000000003,1.9000000000000008,0.12295472831383206
noisy,5,0,0,0,20,69,True,False,0.06991948641172208,0.9500000000000003,1.8999999999999988,0.12941491691832047
noisy,5,0,0,0,20,70,True,False,0.07308526424364792,0.9500000000000003,1.8999999999999995,0.11135626796044179
noisy,5,0,0,0,20,71,True,False,0.07890869590983973,0.9500000000000003,1.9,0.1158992496997955
noisy,5,0,0,0,20,72,True,False,0.10359388941355241,0.9500000000000003,1.8999999999999984,0.13345109940544292
noisy,5,0,0,0,20,73,True,False,0.08086482651661497,1.0000000000000002,1.9889828927008415,0.14244897186680933
noisy,5,0,0,0,20,74,True,False,0.07430701125037187,0.9500000000000003,1.9000000000000006,0.15482708700059208
noisy,5,0,0,0,20,75,True,False,0.11436945635307749,0.9500000000000003,1.8999999999999988,0.12792909373299954
noisy,5,0,0,0,20,76,True,False,0.07689285904998577,0.9500000000000003,1.9,0.14104771883491674
noisy,5,0,0,0,20,77,True,False,0.13260363887478688,1.0000000000000002,2.000000000000001,0.12141568876057128
noisy,5,0,0,0,20,78,True,False,0.04509467153096325,0.9500000000000003,1.8999999999999997,0.09296613397511659
noisy,5,0,0,0,20,79,True,False,0.09015882309209289,1.0000000000000002,1.9999999999999998,0.13099479254513346
noisy,5,0,0,0,20,80,True,False,0.10786544528641984,1.0000000000000002,1.99397084240629,0.13936641234376607
noisy,5,0,0,0,20,81,True,False,0.09256994150470788,0.9500000000000003,1.9000000000000001,0.13000947346259878
noisy,5,0,0,0,20,82,True,False,0.12870325365106927,1.0000000000000002,1.9999999999999996,0.14233277004420325
noisy,5,0,0,0,20,83,True,False,0.10169957047446787,0.9500000000000003,1.8999999999999995,0.11703617912560332
noisy,5,0,0,0,20,84,True,False,0.07610224452169612,0.9500000000000003,1.9000000000000015,0.14184879033118475
noisy,5,0,0,0,20,85,True,False,0.13055696321607724,1.0000000000000002,1.968287869928254,0.14443662167575025
noisy,5,0,0,0,20,86,True,False,0.03349007820702443,0.9500000000000003,1.900000000000001,0.14617154287004824
noisy,5,0,0,0,20,87,True,False,0.09335843031454005,0.9500000000000003,1.9000000000000012,0.12741942851315094
noisy,5,0,0,0,20,88,True,False,0.08087613213558154,0.9500000000000003,1.9000000000000001,0.1194457452383778
noisy,5,0,0,0,20,89,True,False,0.08191277841218825,0.9500000000000003,1.8999999999999995,0.11983412508374582
noisy,5,0,0,0,20,90,True,False,0.06674207308714108,0.9500000000000003,1.8989125044852166,0.16450022693456298
noisy,5,0,0,0,20,91,True,False,0.056736389384953956,0.9500000000000003,1.8999999999999997,0.12742085968563752
noisy,5,0,0,0,20,92,True,False,0.07645020311128259,0.9500000000000003,1.8999999999999992,0.1356749764287098
noisy,5,0,0,0,20,93,True,False,0.08725650372294536,1.0000000000000002,1.9999999999999993,0.12151141799560582
noisy,5,0,0,0,20,94,True,False,0.10701714078462543,0.9500000000000003,1.9,0.12793772773702294
noisy,5,0,0,0,20,95,True,False,0.12085969026956289,1.0000000000000002,2.000000000000002,0.14073539750248742
noisy,5,0,0,0,20,96,True,False,0.04757456330334908,0.9500000000000003,1.9000000000000006,0.12948495256702036
noisy,5,0,0,0,20,97,True,False,0.08545103894185502,0.9500000000000003,1.9000000000000012,0.15108564453367154
noisy,5,0,0,0,20,98,True,False,0.07710614052841969,0.9500000000000003,1.8999999999999986,0.12351929581307948
noisy,5,0,0,0,20,99,True,False,0.06937589408192535,0.9500000000000003,1.899999999999999,0.12974552538403422
noisy,5,0,0,0,20,100,True,False,0.03878527492789452,0.9500000000000003,1.9000000000000012,0.14426132924934745
kalman,5,0,0,0,20,1,True,False,0.09179452453560488,0.9500000000000003,1.9000000000000001,0.08680647732051588
kalman,5,0,0,0,20,2,True,False,0.06748249250973881,0.9500000000000003,1.8999999999999997,0.09785009567577146
kalman,5,0,0,0,20,3,True,False,0.05795754672840281,0.9500000000000003,1.899999999999999,0.11679234261616585
kalman,5,0,0,0,20,4,True,False,0.05557465636959735,0.9500000000000003,1.8999999999999997,0.06860634172994808
kalman,5,0,0,0,20,5,True,False,0.13155784665839043,0.9500000000000003,1.8999999999999988,0.09296458800221671
kalman,5,0,0,0,20,6,True,False,0.06116138521101977,0.9500000000000003,1.8999999999999997,0.10054028224471148
kalman,5,0,0,0,20,7,True,False,0.07371792680436573,0.9500000000000003,1.9000000000000004,0.09935875355652113
kalman,5,0,0,0,20,8,True,False,0.06737946789437377,0.9000000000000002,1.7999999999999987,0.11648699028860081
kalman,5,0,0,0,20,9,True,False,0.10279423907737906,0.9500000000000003,1.9000000000000001,0.07353882223987218
kalman,5,0,0,0,20,10,True,False,0.1289468474952813,0.9500000000000003,1.9,0.0715475275627313
kalman,5,0,0,0,20,11,True,False,0.08734789588807246,0.9500000000000003,1.9,0.08998199235461311
kalman,5,0,0,0,20,12,True,False,0.09065799337559421,0.9500000000000003,1.9000000000000008,0.07614145731489592
kalman,5,0,0,0,20,13,True,False,0.0686375926881686,0.9500000000000003,1.9,0.11236726893970772
kalman,5,0,0,0,20,14,True,False,0.07329652280897925,0.9500000000000003,1.9,0.12019338756796516
kalman,5,0,0,0,20,15,True,False,0.035203592666907424,0.9500000000000003,1.9000000000000006,0.09277592073643026
kalman,5,0,0,0,20,16,True,False,0.09978027726954775,1.0000000000000002,1.9999999999999976,0.08446221214319478
kalman,5,0,0,0,20,17,True,False,0.11096021921225185,0.9500000000000003,1.9,0.10420825334221322
kalman,5,0,0,0,20,18,True,False,0.03976222139409469,0.9500000000000003,1.8999999999999988,0.09450152318540946
kalman,5,0,0,0,20,19,True,False,0.05065579534804421,0.9500000000000003,1.8999999999999986,0.0787721236607358
kalman,5,0,0,0,20,20,True,False,0.07598691476409458,0.9500000000000003,1.9000000000000008,0.0905780350935523
kalman,5,0,0,0,20,21,True,False,0.12649219050500582,0.9500000000000003,1.9000000000000001,0.08092485402580143
kalman,5,0,0,0,20,22,True,False,0.07066462807007201,0.9500000000000003,1.9000000000000012,0.11542795607329023
kalman,5,0,0,0,20,23,True,False,0.076134666824615,0.9500000000000003,1.8999999999999995,0.0853572244447233
kalman,5,0,0,0,20,24,True,False,0.09083394704924852,0.9500000000000003,1.8999999999999995,0.06468120687179534
kalman,5,0,0,0,20,25,True,False,0.0417657085365597,1.0000000000000002,1.9999999999999996,0.09797738890523627
kalman,5,0,0,0,20,26,True,False,0.09728878832433896,1.0000000000000002,1.9999999999999998,0.11071937134710783
kalman,5,0,0,0,20,27,True,False,0.14198794203694365,1.0000000000000002,1.9999999999999982,0.1049878589665587
kalman,5,0,0,0,20,28,True,False,0.08140981732186026,1.0000000000000002,2.0,0.06961057953513929
kalman,5,0,0,0,20,29,True,False,0.12250437985298368,1.0000000000000002,2.0000000000000004,0.08972500418532069
kalman,5,0,0,0,20,30,True,False,0.06628421194674683,0.9500000000000003,1.9,0.0758438599502847
kalman,5,0,0,0,20,31,True,False,0.12768165790186736,0.9500000000000003,1.9,0.08385142275678278
kalman,5,0,0,0,20,32,True,False,0.07948421297013342,0.9500000000000003,1.8999999999999988,0.068162388936994
kalman,5,0,0,0,20,33,True,False,0.04977776227619812,0.9500000000000003,1.9000000000000012,0.08852375957751821
kalman,5,0,0,0,20,34,True,False,0.09693533253388287,0.9500000000000003,1.8999999999999964,0.06701554712762399
kalman,5,0,0,0,20,35,True,False,0.039750140856263494,0.9500000000000003,1.8999999999999984,0.09129508833595969
kalman,5,0,0,0,20,36,True,False,0.09665442695858117,1.0000000000000002,2.000000000000001,0.08048775820872675
kalman,5,0,0,0,20,37,True,False,0.07098242888468254,0.9500000000000003,1.9000000000000001,0.07388438649387363
kalman,5,0,0,0,20,38,True,False,0.060715210104100636,0.9500000000000003,1.9000000000000008,0.08688696543268748
kalman,5,0,0,0,20,39,True,False,0.1334342328916469,1.0000000000000002,1.9999999999999991,0.06939666550733332
kalman,5,0,0,0,20,40,True,False,0.11644797231497361,0.9500000000000003,1.9000000000000001,0.07286393037879195
kalman,5,0,0,0,20,41,True,False,0.06908425794822315,1.0000000000000002,2.0,0.1025686642843166
kalman,5,0,0,0,20,42,True,False,0.11940302273912407,1.0000000000000002,2.0000000000000013,0.08894016715150962
kalman,5,0,0,0,20,43,True,False,0.09126206288233019,0.9500000000000003,1.900000000000001,0.08044414060823324
kalman,5,0,0,0,20,44,True,False,0.11153028288877276,1.0000000000000002,2.0000000000000013,0.07917809014790785
kalman,5,0,0,0,20,45,True,False,0.12808609383225789,0.9500000000000003,1.9000000000000004,0.07865518014467868
kalman,5,0,0,0,20,46,True,False,0.08989888137686108,0.9500000000000003,1.899999999999999,0.06481544808993069
kalman,5,0,0,0,20,47,True,False,0.11681276399878482,0.9500000000000003,1.8999999999999992,0.10047577332700537
kalman,5,0,0,0,20,48,True,False,0.0623629815738862,0.9500000000000003,1.9000000000000001,0.08158517260952029
kalman,5,0,0,0,20,49,True,False,0.0853698873413633,1.0000000000000002,2.0,0.10270018587495067
kalman,5,0,0,0,20,50,True,False,0.07608998061624783,0.9500000000000003,1.900000000000001,0.10783095310792767
kalman,5,0,0,0,20,51,True,False,0.11860474642998509,1.0000000000000002,1.9728028704657272,0.08394036829560689
kalman,5,0,0,0,20,52,True,False,0.07919436430320936,0.9500000000000003,1.9000000000000001,0.06846190802377948
kalman,5,0,0,0,20,53,True,False,0.0719779378688874,1.0000000000000002,2.0000000000000013,0.09591627515692713
kalman,5,0,0,0,20,54,True,False,0.11645105257717803,1.0000000000000002,2.0000000000000004,0.08778888354341086
kalman,5,0,0,0,20,55,True,False,0.12326477131095426,1.0000000000000002,1.9999999999999984,0.1327893641868333
kalman,5,0,0,0,20,56,True,False,0.047190742434924715,0.9500000000000003,1.9000000000000012,0.08989696583444748
kalman,5,0,0,0,20,57,True,False,0.06916707972397496,0.9500000000000003,1.9000000000000004,0.0626529250214777
kalman,5,0,0,0,20,58,True,False,0.10275088159523138,1.0000000000000002,1.9999999999999996,0.08053713912558144
kalman,5,0,0,0,20,59,True,False,0.025567321736339466,0.9500000000000003,1.9000000000000004,0.09432068120066024
kalman,5,0,0,0,20,60,True,False,0.03214104463226053,0.9500000000000003,1.9000000000000024,0.0834795633817491
kalman,5,0,0,0,20,61,True,False,0.06401698431902836,0.9500000000000003,1.900000000000002,0.10697406258469583
kalman,5,0,0,0,20,62,True,False,0.07593072985283711,0.9500000000000003,1.899999999999999,0.08868013352345665
kalman,5,0,0,0,20,63,True,False,0.06782939086438655,0.9500000000000003,1.8999999999999986,0.0945861339150715
kalman,5,0,0,0,20,64,True,False,0.10203774521878417,0.9500000000000003,1.9,0.07422859586537618
kalman,5,0,0,0,20,65,True,False,0.10731122297774731,1.0000000000000002,2.000000000000001,0.0981580318391935
kalman,5,0,0,0,20,66,True,False,0.0819019021568903,0.9500000000000003,1.9,0.07804483402424812
kalman,5,0,0,0,20,67,True,False,0.06487099255572559,0.9000000000000002,1.7999999999999987,0.09362906390229216
kalman,5,0,0,0,20,68,True,False,0.039298082465862194,0.9500000000000003,1.9000000000000008,0.08503108482564946
kalman,5,0,0,0,20,69,True,False,0.06939703482765447,0.9500000000000003,1.8999999999999995,0.08460404557432732
kalman,5,0,0,0,20,70,True,False,0.11427532108442517,0.9500000000000003,1.8999999999999995,0.08458922410620401
kalman,5,0,0,0,20,71,True,False,0.10214919715908066,0.9500000000000003,1.9000000000000008,0.055624701619565
kalman,5,0,0,0,20,72,True,False,0.12237895427304912,0.9500000000000003,1.8999999999999997,0.0743068246337293
kalman,5,0,0,0,20,73,True,False,0.11003633914158284,1.0000000000000002,2.0,0.07883996853282914
kalman,5,0,0,0,20,74,True,False,0.07906436148144369,0.9500000000000003,1.8999999999999986,0.08654594745316813
kalman,5,0,0,0,20,75,True,False,0.10707165985221101,0.9500000000000003,1.9,0.06166188871534219
kalman,5,0,0,0,20,76,True,False,0.06169036122876004,0.9500000000000003,1.8999999999999992,0.08884969758570568
kalman,5,0,0,0,20,77,True,False,0.12349048933055973,0.9500000000000003,1.8999999999999992,0.08241273420259969
kalman,5,0,0,0,20,78,True,False,0.040191650182563876,0.9500000000000003,1.8999999999999995,0.07647732877853322
kalman,5,0,0,0,20,79,True,False,0.06810491933921137,0.9500000000000003,1.9000000000000001,0.08219524408856486
kalman,5,0,0,0,20,80,True,False,0.10893813838587607,1.0000000000000002,1.9999999999999998,0.09831109832268661
kalman,5,0,0,0,20,81,True,False,0.0824182162479461,0.9500000000000003,1.899999999999999,0.08569945464078502
kalman,5,0,0,0,20,82,True,False,0.1007093672040289,0.9500000000000003,1.9000000000000012,0.08871134602886185
kalman,5,0,0,0,20,83,True,False,0.11221666518487461,1.0000000000000002,2.0000000000000013,0.07549623966344791
kalman,5,0,0,0,20,84,True,False,0.13021998972518967,0.9500000000000003,1.9000000000000012,0.07893221966578952
kalman,5,0,0,0,20,85,True,False,0.14719570672510618,1.0000000000000002,2.000000000000001,0.09537254051817433
kalman,5,0,0,0,20,86,True,False,0.04193841071335025,0.9500000000000003,1.9000000000000026,0.09129774918322449
kalman,5,0,0,0,20,87,True,False,0.13345340054108634,0.9500000000000003,1.8999999999999997,0.08974203472730577
kalman,5,0,0,0,20,88,True,False,0.11581304805456294,0.9500000000000003,1.9000000000000004,0.06275306701052329
kalman,5,0,0,0,20,89,True,False,0.08109292553625225,0.9500000000000003,1.8999999999999997,0.07275308062434799
kalman,5,0,0,0,20,90,True,False,0.07646848083728353,0.9500000000000003,1.8999999999999997,0.1091872383707445
kalman,5,0,0,0,20,91,True,False,0.06584973431133423,0.9500000000000003,1.9,0.08640791044558091
kalman,5,0,0,0,20,92,True,False,0.08339349174602817,0.9500000000000003,1.8999999999999995,0.09949955691148264
kalman,5,0,0,0,20,93,True,False,0.07720496081987616,0.9500000000000003,1.9000000000000004,0.07652899121167536
kalman,5,0,0,0,20,94,True,False,0.12399702374207622,1.0000000000000002,1.9999999999999998,0.07594927738638953
kalman,5,0,0,0,20,95,True,False,0.1506412785573663,1.0000000000000002,2.0000000000000004,0.08751749340724901
kalman,5,0,0,0,20,96,True,False,0.047548375590310554,0.9500000000000003,1.9000000000000012,0.11526902832092419
kalman,5,0,0,0,20,97,True,False,0.11263001994198918,0.9500000000000003,1.9000000000000001,0.09082062162026752
kalman,5,0,0,0,20,98,True,False,0.060762608254364414,0.9500000000000003,1.8999999999999997,0.06676583414928668
kalman,5,0,0,0,20,99,True,False,0.06560039559395836,0.9500000000000003,1.9000000000000017,0.08185442670244318
kalman,5,0,0,0,20,100,True,False,0.04803149777141935,0.9500000000000003,1.9000000000000035,0.09170905702608927
