mode,pixel_noise_std,blur_kernel_size,occlusion_percentage,latency_ms,camera_fps,rng_seed,goal_reached,collision,minimum_clearance,convergence_time,path_length,localization_rmse
ground_truth,5,0,0,0,20,1,True,False,0.0932591781715284,0.9500000000000003,1.9,
ground_truth,5,0,0,0,20,2,True,False,0.0932591781715284,0.9500000000000003,1.9,
ground_truth,5,0,0,0,20,3,True,False,0.0932591781715284,0.9500000000000003,1.9,
ground_truth,5,0,0,0,20,4,True,False,0.0932591781715284,0.9500000000000003,1.9,
ground_truth,5,0,0,0,20,5,True,False,0.0932591781715284,0.9500000000000003,1.9,
ground_truth,5,0,0,0,20,6,True,False,0.0932591781715284,0.9500000000000003,1.9,
ground_truth,5,0,0,0,20,7,True,False,0.0932591781715284,0.9500000000000003,1.9,
ground_truth,5,0,0,0,20,8,True,False,0.0932591781715284,0.9500000000000003,1.9,
ground_truth,5,0,0,0,20,9,True,False,0.0932591781715284,0.9500000000000003,1.9,
ground_truth,5,0,0,0,20,10,True,False,0.0932591781715284,0.9500000000000003,1.9,
ground_truth,5,0,0,0,20,11,True,False,0.0932591781715284,0.9500000000000003,1.9,
ground_truth,5,0,0,0,20,12,True,False,0.0932591781715284,0.9500000000000003,1.9,
ground_truth,5,0,0,0,20,13,True,False,0.0932591781715284,0.9500000000000003,1.9,
ground_truth,5,0,0,0,20,14,True,False,0.0932591781715284,0.9500000000000003,1.9,
ground_truth,5,0,0,0,20,15,True,False,0.0932591781715284,0.9500000000000003,1.9,
ground_truth,5,0,0,0,20,16,True,False,0.0932591781715284,0.9500000000000003,1.9,
ground_truth,5,0,0,0,20,17,True,False,0.0932591781715284,0.9500000000000003,1.9,
ground_truth,5,0,0,0,20,18,True,False,0.0932591781715284,0.9500000000000003,1.9,
ground_truth,5,0,0,0,20,19,True,False,0.0932591781715284,0.9500000000000003,1.9,
ground_truth,5,0,0,0,20,20,True,False,0.0932591781715284,0.9500000000000003,1.9,
ground_truth,5,0,0,0,20,21,True,False,0.0932591781715284,0.9500000000000003,1.9,
ground_truth,5,0,0,0,20,22,True,False,0.0932591781715284,0.9500000000000003,1.9,
ground_truth,5,0,0,0,20,23,True,False,0.0932591781715284,0.9500000000000003,1.9,
ground_truth,5,0,0,0,20,24,True,False,0.0932591781715284,0.9500000000000003,1.9,
ground_truth,5,0,0,0,20,25,True,False,0.0932591781715284,0.9500000000000003,1.9,
ground_truth,5,0,0,0,20,26,True,False,0.0932591781715284,0.9500000000000003,1.9,
ground_truth,5,0,0,0,20,27,True,False,0.0932591781715284,0.9500000000000003,1.9,
ground_truth,5,0,0,0,20,28,True,False,0.0932591781715284,0.9500000000000003,1.9,
ground_truth,5,0,0,0,20,29,True,False,0.0932591781715284,0.9500000000000003,1.9,
ground_truth,5,0,0,0,20,30,True,False,0.0932591781715284,0.9500000000000003,1.9,
ground_truth,5,0,0,0,20,31,True,False,0.0932591781715284,0.9500000000000003,1.9,
ground_truth,5,0,0,0,20,32,True,False,0.0932591781715284,0.9500000000000003,1.9,
ground_truth,5,0,0,0,20,33,True,False,0.0932591781715284,0.9500000000000003,1.9,
ground_truth,5,0,0,0,20,34,True,False,0.0932591781715284,0.9500000000000003,1.9,
ground_truth,5,0,0,0,20,35,True,False,0.0932591781715284,0.9500000000000003,1.9,
ground_truth,5,0,0,0,20,36,True,False,0.0932591781715284,0.9500000000000003,1.9,
ground_truth,5,0,0,0,20,37,True,False,0.0932591781715284,0.9500000000000003,1.9,
ground_truth,5,0,0,0,20,38,True,False,0.0932591781715284,0.9500000000000003,1.9,
ground_truth,5,0,0,0,20,39,True,False,0.0932591781715284,0.9500000000000003,1.9,
ground_truth,5,0,0,0,20,40,True,False,0.0932591781715284,0.9500000000000003,1.9,
ground_truth,5,0,0,0,20,41,True,False,0.0932591781715284,0.9500000000000003,1.9,
ground_truth,5,0,0,0,20,42,True,False,0.0932591781715284,0.9500000000000003,1.9,
ground_truth,5,0,0,0,20,43,True,False,0.0932591781715284,0.9500000000000003,1.9,
ground_truth,5,0,0,0,20,44,True,False,0.0932591781715284,0.9500000000000003,1.9,
ground_truth,5,0,0,0,20,45,True,False,0.0932591781715284,0.9500000000000003,1.9,
ground_truth,5,0,0,0,20,46,True,False,0.0932591781715284,0.9500000000000003,1.9,
ground_truth,5,0,0,0,20,47,True,False,0.0932591781715284,0.9500000000000003,1.9,
ground_truth,5,0,0,0,20,48,True,False,0.0932591781715284,0.9500000000000003,1.9,
ground_truth,5,0,0,0,20,49,True,False,0.0932591781715284,0.9500000000000003,1.9,
ground_truth,5,0,0,0,20,50,True,False,0.0932591781715284,0.9500000000000003,1.9,
ground_truth,5,0,0,0,20,51,True,False,0.0932591781715284,0.9500000000000003,1.9,
ground_truth,5,0,0,0,20,52,True,False,0.0932591781715284,0.9500000000000003,1.9,
ground_truth,5,0,0,0,20,53,True,False,0.0932591781715284,0.9500000000000003,1.9,
ground_truth,5,0,0,0,20,54,True,False,0.0932591781715284,0.9500000000000003,1.9,
ground_truth,5,0,0,0,20,55,True,False,0.0932591781715284,0.9500000000000003,1.9,
ground_truth,5,0,0,0,20,56,True,False,0.0932591781715284,0.9500000000000003,1.9,
ground_truth,5,0,0,0,20,57,True,False,0.0932591781715284,0.9500000000000003,1.9,
ground_truth,5,0,0,0,20,58,True,False,0.0932591781715284,0.9500000000000003,1.9,
ground_truth,5,0,0,0,20,59,True,False,0.0932591781715284,0.9500000000000003,1.9,
ground_truth,5,0,0,0,20,60,True,False,0.0932591781715284,0.9500000000000003,1.9,
ground_truth,5,0,0,0,20,61,True,False,0.0932591781715284,0.9500000000000003,1.9,
ground_truth,5,0,0,0,20,62,True,False,0.0932591781715284,0.9500000000000003,1.9,
ground_truth,5,0,0,0,20,63,True,False,0.0932591781715284,0.9500000000000003,1.9,
ground_truth,5,0,0,0,20,64,True,False,0.0932591781715284,0.9500000000000003,1.9,
ground_truth,5,0,0,0,20,65,True,False,0.0932591781715284,0.9500000000000003,1.9,
ground_truth,5,0,0,0,20,66,True,False,0.0932591781715284,0.9500000000000003,1.9,
ground_truth,5,0,0,0,20,67,True,False,0.0932591781715284,0.9500000000000003,1.9,
ground_truth,5,0,0,0,20,68,True,False,0.0932591781715284,0.9500000000000003,1.9,
ground_truth,5,0,0,0,20,69,True,False,0.0932591781715284,0.9500000000000003,1.9,
ground_truth,5,0,0,0,20,70,True,False,0.0932591781715284,0.9500000000000003,1.9,
ground_truth,5,0,0,0,20,71,True,False,0.0932591781715284,0.9500000000000003,1.9,
ground_truth,5,0,0,0,20,72,True,False,0.0932591781715284,0.9500000000000003,1.9,
ground_truth,5,0,0,0,20,73,True,False,0.0932591781715284,0.9500000000000003,1.9,
ground_truth,5,0,0,0,20,74,True,False,0.0932591781715284,0.9500000000000003,1.9,
ground_truth,5,0,0,0,20,75,True,False,0.0932591781715284,0.9500000000000003,1.9,
ground_truth,5,0,0,0,20,76,True,False,0.0932591781715284,0.9500000000000003,1.9,
ground_truth,5,0,0,0,20,77,True,False,0.0932591781715284,0.9500000000000003,1.9,
ground_truth,5,0,0,0,20,78,True,False,0.0932591781715284,0.9500000000000003,1.9,
ground_truth,5,0,0,0,20,79,True,False,0.0932591781715284,0.9500000000000003,1.9,
ground_truth,5,0,0,0,20,80,True,False,0.0932591781715284,0.9500000000000003,1.9,
ground_truth,5,0,0,0,20,81,True,False,0.0932591781715284,0.9500000000000003,1.9,
ground_truth,5,0,0,0,20,82,True,False,0.0932591781715284,0.9500000000000003,1.9,
ground_truth,5,0,0,0,20,83,True,False,0.0932591781715284,0.9500000000000003,1.9,
ground_truth,5,0,0,0,20,84,True,False,0.0932591781715284,0.9500000000000003,1.9,
ground_truth,5,0,0,0,20,85,True,False,0.0932591781715284,0.9500000000000003,1.9,
ground_truth,5,0,0,0,20,86,True,False,0.0932591781715284,0.9500000000000003,1.9,
ground_truth,5,0,0,0,20,87,True,False,0.0932591781715284,0.9500000000000003,1.9,
ground_truth,5,0,0,0,20,88,True,False,0.0932591781715284,0.9500000000000003,1.9,
ground_truth,5,0,0,0,20,89,True,False,0.0932591781715284,0.9500000000000003,1.9,
ground_truth,5,0,0,0,20,90,True,False,0.0932591781715284,0.9500000000000003,1.9,
ground_truth,5,0,0,0,20,91,True,False,0.0932591781715284,0.9500000000000003,1.9,
ground_truth,5,0,0,0,20,92,True,False,0.0932591781715284,0.9500000000000003,1.9,
ground_truth,5,0,0,0,20,93,True,False,0.0932591781715284,0.9500000000000003,1.9,
ground_truth,5,0,0,0,20,94,True,False,0.0932591781715284,0.9500000000000003,1.9,
ground_truth,5,0,0,0,20,95,True,False,0.0932591781715284,0.9500000000000003,1.9,
ground_truth,5,0,0,0,20,96,True,False,0.0932591781715284,0.9500000000000003,1.9,
ground_truth,5,0,0,0,20,97,True,False,0.0932591781715284,0.9500000000000003,1.9,
ground_truth,5,0,0,0,20,98,True,False,0.0932591781715284,0.9500000000000003,1.9,
ground_truth,5,0,0,0,20,99,True,False,0.0932591781715284,0.9500000000000003,1.9,
ground_truth,5,0,0,0,20,100,True,False,0.0932591781715284,0.9500000000000003,1.9,
noisy,5,0,0,0,20,1,True,False,0.10789389095066104,0.9500000000000003,1.9000000000000001,0.14155961647966062
noisy,5,0,0,0,20,2,True,False,0.08232660602601882,0.9500000000000003,1.900000000000001,0.13003286141504378
noisy,5,0,0,0,20,3,True,False,0.0678254326551675,0.9500000000000003,1.8999999999999984,0.16991641472889935
noisy,5,0,0,0,20,4,True,False,0.06356072246146827,0.9500000000000003,1.8999999999999992,0.13185120404421283
noisy,5,0,0,0,20,5,True,False,0.11152474755198516,1.0000000000000002,1.9869581638216363,0.13789288594863064
noisy,5,0,0,0,20,6,True,False,0.08338932189494419,0.9500000000000003,1.8999999999999997,0.13613605413428742
noisy,5,0,0,0,20,7,True,False,0.08608037263090895,1.0000000000000002,2.0000000000000018,0.1251623959211466
noisy,5,0,0,0,20,8,True,False,0.05615272969433982,0.9500000000000003,1.8962585478479153,0.1699331866261767
noisy,5,0,0,0,20,9,True,False,0.0892917430901703,0.9500000000000003,1.9,0.12518083116720996
noisy,5,0,0,0,20,10,True,False,0.10611966437776243,0.9500000000000003,1.9000000000000006,0.11318970408332703
noisy,5,0,0,0,20,11,True,False,0.09034927524705627,0.9500000000000003,1.885240326775974,0.13971230784956779
noisy,5,0,0,0,20,12,True,False,0.1045488382941071,1.0000000000000002,1.9999999999999996,0.12734689010489375
noisy,5,0,0,0,20,13,True,False,0.0697955798223191,0.9500000000000003,1.8999999999999992,0.151244829550199
noisy,5,0,0,0,20,14,True,False,0.07730790596508408,0.9500000000000003,1.9000000000000004,0.15466267269787068
noisy,5,0,0,0,20,15,True,False,0.049435470109292945,0.9500000000000003,1.9000000000000015,0.13917514580403273
noisy,5,0,0,0,20,16,True,False,0.09350154856424409,0.9500000000000003,1.899999999999999,0.1227997396008631
noisy,5,0,0,0,20,17,True,False,0.06829440885633553,0.9500000000000003,1.8467090818578156,0.15080160862939396
noisy,5,0,0,0,20,18,True,False,0.06533938825726082,0.9500000000000003,1.8999999999999981,0.14768263907682708
noisy,5,0,0,0,20,19,True,False,0.05768563798766446,0.9500000000000003,1.9000000000000012,0.12245667610467936
noisy,5,0,0,0,20,20,True,False,0.06148452916877356,0.9500000000000003,1.9000000000000012,0.16496061501203668
noisy,5,0,0,0,20,21,True,False,0.10101660840929338,0.9500000000000003,1.8999999999999997,0.14291968384334752
noisy,5,0,0,0,20,22,True,False,0.09213048476310481,0.9500000000000003,1.9000000000000006,0.1667158272179589
noisy,5,0,0,0,20,23,True,False,0.08786682154725378,0.9500000000000003,1.9000000000000015,0.14537658514846583
noisy,5,0,0,0,20,24,True,False,0.09677038618824185,0.9500000000000003,1.9000000000000012,0.15491195118875908
noisy,5,0,0,0,20,25,True,False,0.06478443836793102,1.0000000000000002,2.000000000000001,0.13472035104102723
noisy,5,0,0,0,20,26,True,False,0.09171900506099906,0.9500000000000003,1.9,0.17920588705012613
noisy,5,0,0,0,20,27,True,False,0.13151896151714615,1.0000000000000002,2.0,0.13001113766622027
noisy,5,0,0,0,20,28,True,False,0.07348907117238324,0.9500000000000003,1.8999999999999997,0.13973593473577994
noisy,5,0,0,0,20,29,True,False,0.06466019304020998,0.9500000000000003,1.8817472791877161,0.1627417459026566
noisy,5,0,0,0,20,30,True,False,0.07226511093108301,0.9500000000000003,1.9000000000000001,0.11540845258140664
noisy,5,0,0,0,20,31,True,False,0.10196193594614478,0.9500000000000003,1.899999999999999,0.1257380334291139
noisy,5,0,0,0,20,32,True,False,0.08736996540748798,0.9500000000000003,1.9000000000000001,0.14921312118418573
noisy,5,0,0,0,20,33,True,False,0.055300179646124104,0.9500000000000003,1.900000000000002,0.12447814313958473
noisy,5,0,0,0,20,34,True,False,0.0930409092975002,0.9500000000000003,1.9000000000000008,0.11908204166064328
noisy,5,0,0,0,20,35,True,False,0.05763104425276544,0.9500000000000003,1.8999999999999997,0.14283057593651005
noisy,5,0,0,0,20,36,True,False,0.10486442933980955,1.0000000000000002,1.9999999999999993,0.1281257136313594
noisy,5,0,0,0,20,37,True,False,0.09502322021614917,0.9500000000000003,1.9000000000000004,0.143570332180715
noisy,5,0,0,0,20,38,True,False,0.06490643126928086,0.9500000000000003,1.8999999999999997,0.1407962516097873
noisy,5,0,0,0,20,39,True,False,0.11222416896103549,1.0000000000000002,1.9811792426610726,0.1322084527400719
noisy,5,0,0,0,20,40,True,False,0.09292049773171462,0.9500000000000003,1.9000000000000006,0.13473643247290504
noisy,5,0,0,0,20,41,True,False,0.06662215169418162,1.0000000000000002,1.9999999999999991,0.1289770314188001
noisy,5,0,0,0,20,42,True,False,0.09725692399100883,0.9500000000000003,1.9000000000000001,0.11909970910384605
noisy,5,0,0,0,20,43,True,False,0.092691363914291,0.9500000000000003,1.8999999999999992,0.1295810000631869
noisy,5,0,0,0,20,44,True,False,0.09747572959148387,1.0000000000000002,1.9956615105492599,0.12437631463903381
noisy,5,0,0,0,20,45,True,False,0.10096124994458244,0.9500000000000003,1.9000000000000001,0.12087642575393988
noisy,5,0,0,0,20,46,True,False,0.08950925820241507,0.9500000000000003,1.8999999999999992,0.13986468289748683
noisy,5,0,0,0,20,47,True,False,0.10215773676283546,0.9500000000000003,1.8957846808911512,0.13283791473598305
noisy,5,0,0,0,20,48,True,False,0.0605325810445696,0.9500000000000003,1.8999999999999988,0.12725320106209473
noisy,5,0,0,0,20,49,True,False,0.0996985889611508,1.0000000000000002,2.000000000000001,0.13682487553122696
noisy,5,0,0,0,20,50,True,False,0.09619163705505063,1.0000000000000002,2.0,0.15918635406325857
noisy,5,0,0,0,20,51,True,False,0.08652879322258822,1.0000000000000002,1.9874818935113263,0.1583211075680237
noisy,5,0,0,0,20,52,True,False,0.09184566261507587,0.9500000000000003,1.9,0.14042158427144402
noisy,5,0,0,0,20,53,True,False,0.0728373794415782,1.0000000000000002,1.9999999999999998,0.15710494164975636
noisy,5,0,0,0,20,54,True,False,0.11256128333440496,1.0000000000000002,1.9999999999999987,0.13109058086488823
noisy,5,0,0,0,20,55,True,False,0.14503254291660195,1.0000000000000002,2.0000000000000004,0.17231564177410524
noisy,5,0,0,0,20,56,True,False,0.06442848529431444,0.9500000000000003,1.899999999999999,0.14116759438684992
noisy,5,0,0,0,20,57,True,False,0.04764294950565162,0.9500000000000003,1.9000000000000017,0.12888929372888602
noisy,5,0,0,0,20,58,True,False,0.10982557502196078,1.0000000000000002,2.0,0.13853495796798324
noisy,5,0,0,0,20,59,True,False,0.02337745735872021,0.9500000000000003,1.900000000000002,0.13412623652257435
noisy,5,0,0,0,20,60,True,False,0.052011985951545325,0.9500000000000003,1.8999999999999992,0.141171871578985
noisy,5,0,0,0,20,61,True,False,0.09635609165881065,0.9500000000000003,1.8999999999999986,0.1471799904989418
noisy,5,0,0,0,20,62,True,False,0.09005174310368425,0.9500000000000003,1.9000000000000017,0.13094524308575733
noisy,5,0,0,0,20,63,True,False,0.07404523803082919,0.9500000000000003,1.9000000000000006,0.14195897642263341
noisy,5,0,0,0,20,64,True,False,0.09684154611206153,0.9500000000000003,1.9000000000000015,0.13288860274816014
noisy,5,0,0,0,20,65,True,False,0.11555360028558348,1.0000000000000002,1.9999999999999998,0.1476058246707667
noisy,5,0,0,0,20,66,True,False,0.08508137236408753,0.9500000000000003,1.8659225460584015,0.134826824997632
noisy,5,0,0,0,20,67,True,False,0.06719265901096882,0.9500000000000003,1.863458802317026,0.12860974410913192
noisy,5,0,0,0,20,68,True,False,0.04965801552307458,0.9500000000000003,1.9000000000000008,0.12295472831383206
noisy,5,0,0,0,20,69,True,False,0.06991948641172208,0.9500000000000003,1.8999999999999988,0.12941491691832047
noisy,5,0,0,0,20,70,True,False,0.07308526424364792,0.9500000000000003,1.8999999999999995,0.11135626796044179
noisy,5,0,0,0,20,71,True,False,0.07890869590983973,0.9500000000000003,1.9,0.1158992496997955
noisy,5,0,0,0,20,72,True,False,0.10359388941355241,0.9500000000000003,1.8999999999999984,0.13345109940544292
noisy,5,0,0,0,20,73,True,False,0.08086482651661497,1.0000000000000002,1.9889828927008415,0.14244897186680933
noisy,5,0,0,0,20,74,True,False,0.07430701125037187,0.9500000000000003,1.9000000000000006,0.15482708700059208
noisy,5,0,0,0,20,75,True,False,0.11436945635307749,0.9500000000000003,1.8999999999999988,0.12792909373299954
noisy,5,0,0,0,20,76,True,False,0.07689285904998577,0.9500000000000003,1.9,0.14104771883491674
noisy,5,0,0,0,20,77,True,False,0.13260363887478688,1.0000000000000002,2.000000000000001,0.12141568876057128
noisy,5,0,0,0,20,78,True,False,0.04509467153096325,0.9500000000000003,1.8999999999999997,0.09296613397511659
noisy,5,0,0,0,20,79,True,False,0.09015882309209289,1.0000000000000002,1.9999999999999998,0.13099479254513346
noisy,5,0,0,0,20,80,True,False,0.10786544528641984,1.0000000000000002,1.99397084240629,0.13936641234376607
noisy,5,0,0,0,20,81,True,False,0.09256994150470788,0.9500000000000003,1.9000000000000001,0.13000947346259878
noisy,5,0,0,0,20,82,True,False,0.12870325365106927,1.0000000000000002,1.9999999999999996,0.14233277004420325
noisy,5,0,0,0,20,83,True,False,0.10169957047446787,0.9500000000000003,1.8999999999999995,0.11703617912560332
noisy,5,0,0,0,20,84,True,False,0.07610224452169612,0.9500000000000003,1.9000000000000015,0.14184879033118475
noisy,5,0,0,0,20,85,True,False,0.13055696321607724,1.0000000000000002,1.968287869928254,0.14443662167575025
noisy,5,0,0,0,20,86,True,False,0.03349007820702443,0.9500000000000003,1.900000000000001,0.14617154287004824
noisy,5,0,0,0,20,87,True,False,0.09335843031454005,0.9500000000000003,1.9000000000000012,0.12741942851315094
noisy,5,0,0,0,20,88,True,False,0.08087613213558154,0.9500000000000003,1.9000000000000001,0.1194457452383778
noisy,5,0,0,0,20,89,True,False,0.08191277841218825,0.9500000000000003,1.8999999999999995,0.11983412508374582
noisy,5,0,0,0,20,90,True,False,0.06674207308714108,0.9500000000000003,1.8989125044852166,0.16450022693456298
noisy,5,0,0,0,20,91,True,False,0.056736389384953956,0.9500000000000003,1.8999999999999997,0.12742085968563752
noisy,5,0,0,0,20,92,True,False,0.07645020311128259,0.9500000000000003,1.8999999999999992,0.1356749764287098
noisy,5,0,0,0,20,93,True,False,0.08725650372294536,1.0000000000000002,1.9999999999999993,0.12151141799560582
noisy,5,0,0,0,20,94,True,False,0.10701714078462543,0.9500000000000003,1.9,0.12793772773702294
noisy,5,0,0,0,20,95,True,False,0.12085969026956289,1.0000000000000002,2.000000000000002,0.14073539750248742
noisy,5,0,0,0,20,96,True,False,0.04757456330334908,0.9500000000000003,1.9000000000000006,0.12948495256702036
noisy,5,0,0,0,20,97,True,False,0.08545103894185502,0.9500000000000003,1.9000000000000012,0.15108564453367154
noisy,5,0,0,0,20,98,True,False,0.07710614052841969,0.9500000000000003,1.8999999999999986,0.12351929581307948
noisy,5,0,0,0,20,99,True,False,0.06937589408192535,0.9500000000000003,1.899999999999999,0.12974552538403422
noisy,5,0,0,0,20,100,True,False,0.03878527492789452,0.9500000000000003,1.9000000000000012,0.14426132924934745
kalman,5,0,0,0,20,1,True,False,0.09179452453560488,0.9500000000000003,1.9000000000000001,0.08680647732051588
kalman,5,0,0,0,20,2,True,False,0.06748249250973881,0.9500000000000003,1.8999999999999997,0.09785009567577146
kalman,5,0,0,0,20,3,True,False,0.05795754672840281,0.9500000000000003,1.899999999999999,0.11679234261616585
kalman,5,0,0,0,20,4,True,False,0.05557465636959735,0.9500000000000003,1.8999999999999997,0.06860634172994808
kalman,5,0,0,0,20,5,True,False,0.13155784665839043,0.9500000000000003,1.8999999999999988,0.09296458800221671
kalman,5,0,0,0,20,6,True,False,0.06116138521101977,0.9500000000000003,1.8999999999999997,0.10054028224471148
kalman,5,0,0,0,20,7,True,False,0.07371792680436573,0.9500000000000003,1.9000000000000004,0.09935875355652113
kalman,5,0,0,0,20,8,True,False,0.06737946789437377,0.9000000000000002,1.7999999999999987,0.11648699028860081
kalman,5,0,0,0,20,9,True,False,0.10279423907737906,0.9500000000000003,1.9000000000000001,0.07353882223987218
kalman,5,0,0,0,20,10,True,False,0.1289468474952813,0.9500000000000003,1.9,0.0715475275627313
kalman,5,0,0,0,20,11,True,False,0.08734789588807246,0.9500000000000003,1.9,0.08998199235461311
kalman,5,0,0,0,20,12,True,False,0.09065799337559421,0.9500000000000003,1.9000000000000008,0.07614145731489592
kalman,5,0,0,0,20,13,True,False,0.0686375926881686,0.9500000000000003,1.9,0.11236726893970772
kalman,5,0,0,0,20,14,True,False,0.07329652280897925,0.9500000000000003,1.9,0.12019338756796516
kalman,5,0,0,0,20,15,True,False,0.035203592666907424,0.9500000000000003,1.9000000000000006,0.09277592073643026
kalman,5,0,0,0,20,16,True,False,0.09978027726954775,1.0000000000000002,1.9999999999999976,0.08446221214319478
kalman,5,0,0,0,20,17,True,False,0.11096021921225185,0.9500000000000003,1.9,0.10420825334221322
kalman,5,0,0,0,20,18,True,False,0.03976222139409469,0.9500000000000003,1.8999999999999988,0.09450152318540946
kalman,5,0,0,0,20,19,True,False,0.05065579534804421,0.9500000000000003,1.8999999999999986,0.0787721236607358
kalman,5,0,0,0,20,20,True,False,0.07598691476409458,0.9500000000000003,1.9000000000000008,0.0905780350935523
kalman,5,0,0,0,20,21,True,False,0.12649219050500582,0.9500000000000003,1.9000000000000001,0.08092485402580143
kalman,5,0,0,0,20,22,True,False,0.07066462807007201,0.9500000000000003,1.9000000000000012,0.11542795607329023
kalman,5,0,0,0,20,23,True,False,0.076134666824615,0.9500000000000003,1.8999999999999995,0.0853572244447233
kalman,5,0,0,0,20,24,True,False,0.09083394704924852,0.9500000000000003,1.8999999999999995,0.06468120687179534
kalman,5,0,0,0,20,25,True,False,0.0417657085365597,1.0000000000000002,1.9999999999999996,0.09797738890523627
kalman,5,0,0,0,20,26,True,False,0.09728878832433896,1.0000000000000002,1.9999999999999998,0.11071937134710783
kalman,5,0,0,0,20,27,True,False,0.14198794203694365,1.0000000000000002,1.9999999999999982,0.1049878589665587
kalman,5,0,0,0,20,28,True,False,0.08140981732186026,1.0000000000000002,2.0,0.06961057953513929
kalman,5,0,0,0,20,29,True,False,0.12250437985298368,1.0000000000000002,2.0000000000000004,0.08972500418532069
kalman,5,0,0,0,20,30,True,False,0.06628421194674683,0.9500000000000003,1.9,0.0758438599502847
kalman,5,0,0,0,20,31,True,False,0.12768165790186736,0.9500000000000003,1.9,0.08385142275678278
kalman,5,0,0,0,20,32,True,False,0.07948421297013342,0.9500000000000003,1.8999999999999988,0.068162388936994
kalman,5,0,0,0,20,33,True,False,0.04977776227619812,0.9500000000000003,1.9000000000000012,0.08852375957751821
kalman,5,0,0,0,20,34,True,False,0.09693533253388287,0.9500000000000003,1.8999999999999964,0.06701554712762399
kalman,5,0,0,0,20,35,True,False,0.039750140856263494,0.9500000000000003,1.8999999999999984,0.09129508833595969
kalman,5,0,0,0,20,36,True,False,0.09665442695858117,1.0000000000000002,2.000000000000001,0.08048775820872675
kalman,5,0,0,0,20,37,True,False,0.07098242888468254,0.9500000000000003,1.9000000000000001,0.07388438649387363
kalman,5,0,0,0,20,38,True,False,0.060715210104100636,0.9500000000000003,1.9000000000000008,0.08688696543268748
kalman,5,0,0,0,20,39,True,False,0.1334342328916469,1.0000000000000002,1.9999999999999991,0.06939666550733332
kalman,5,0,0,0,20,40,True,False,0.11644797231497361,0.9500000000000003,1.9000000000000001,0.07286393037879195
kalman,5,0,0,0,20,41,True,False,0.06908425794822315,1.0000000000000002,2.0,0.1025686642843166
kalman,5,0,0,0,20,42,True,False,0.11940302273912407,1.0000000000000002,2.0000000000000013,0.08894016715150962
kalman,5,0,0,0,20,43,True,False,0.09126206288233019,0.9500000000000003,1.900000000000001,0.08044414060823324
kalman,5,0,0,0,20,44,True,False,0.11153028288877276,1.0000000000000002,2.0000000000000013,0.07917809014790785
kalman,5,0,0,0,20,45,True,False,0.12808609383225789,0.9500000000000003,1.9000000000000004,0.07865518014467868
kalman,5,0,0,0,20,46,True,False,0.08989888137686108,0.9500000000000003,1.899999999999999,0.06481544808993069
kalman,5,0,0,0,20,47,True,False,0.11681276399878482,0.9500000000000003,1.8999999999999992,0.10047577332700537
kalman,5,0,0,0,20,48,True,False,0.0623629815738862,0.9500000000000003,1.9000000000000001,0.08158517260952029
kalman,5,0,0,0,20,49,True,False,0.0853698873413633,1.0000000000000002,2.0,0.10270018587495067
kalman,5,0,0,0,20,50,True,False,0.07608998061624783,0.9500000000000003,1.900000000000001,0.10783095310792767
kalman,5,0,0,0,20,51,True,False,0.11860474642998509,1.0000000000000002,1.9728028704657272,0.08394036829560689
kalman,5,0,0,0,20,52,True,False,0.07919436430320936,0.9500000000000003,1.9000000000000001,0.06846190802377948
kalman,5,0,0,0,20,53,True,False,0.0719779378688874,1.0000000000000002,2.0000000000000013,0.09591627515692713
kalman,5,0,0,0,20,54,True,False,0.11645105257717803,1.0000000000000002,2.0000000000000004,0.08778888354341086
kalman,5,0,0,0,20,55,True,False,0.12326477131095426,1.0000000000000002,1.9999999999999984,0.1327893641868333
kalman,5,0,0,0,20,56,True,False,0.047190742434924715,0.9500000000000003,1.9000000000000012,0.08989696583444748
kalman,5,0,0,0,20,57,True,False,0.06916707972397496,0.9500000000000003,1.9000000000000004,0.0626529250214777
kalman,5,0,0,0,20,58,True,False,0.10275088159523138,1.0000000000000002,1.9999999999999996,0.08053713912558144
kalman,5,0,0,0,20,59,True,False,0.025567321736339466,0.9500000000000003,1.9000000000000004,0.09432068120066024
kalman,5,0,0,0,20,60,True,False,0.03214104463226053,0.9500000000000003,1.9000000000000024,0.0834795633817491
kalman,5,0,0,0,20,61,True,False,0.06401698431902836,0.9500000000000003,1.900000000000002,0.10697406258469583
kalman,5,0,0,0,20,62,True,False,0.07593072985283711,0.9500000000000003,1.899999999999999,0.08868013352345665
kalman,5,0,0,0,20,63,True,False,0.06782939086438655,0.9500000000000003,1.8999999999999986,0.0945861339150715
kalman,5,0,0,0,20,64,True,False,0.10203774521878417,0.9500000000000003,1.9,0.07422859586537618
kalman,5,0,0,0,20,65,True,False,0.10731122297774731,1.0000000000000002,2.000000000000001,0.0981580318391935
kalman,5,0,0,0,20,66,True,False,0.0819019021568903,0.9500000000000003,1.9,0.07804483402424812
kalman,5,0,0,0,20,67,True,False,0.06487099255572559,0.9000000000000002,1.7999999999999987,0.09362906390229216
kalman,5,0,0,0,20,68,True,False,0.039298082465862194,0.9500000000000003,1.9000000000000008,0.08503108482564946
kalman,5,0,0,0,20,69,True,False,0.06939703482765447,0.9500000000000003,1.8999999999999995,0.08460404557432732
kalman,5,0,0,0,20,70,True,False,0.11427532108442517,0.9500000000000003,1.8999999999999995,0.08458922410620401
kalman,5,0,0,0,20,71,True,False,0.10214919715908066,0.9500000000000003,1.9000000000000008,0.055624701619565
kalman,5,0,0,0,20,72,True,False,0.12237895427304912,0.9500000000000003,1.8999999999999997,0.0743068246337293
kalman,5,0,0,0,20,73,True,False,0.11003633914158284,1.0000000000000002,2.0,0.07883996853282914
kalman,5,0,0,0,20,74,True,False,0.07906436148144369,0.9500000000000003,1.8999999999999986,0.08654594745316813
kalman,5,0,0,0,20,75,True,False,0.10707165985221101,0.9500000000000003,1.9,0.06166188871534219
kalman,5,0,0,0,20,76,True,False,0.06169036122876004,0.9500000000000003,1.8999999999999992,0.08884969758570568
kalman,5,0,0,0,20,77,True,False,0.12349048933055973,0.9500000000000003,1.8999999999999992,0.08241273420259969
kalman,5,0,0,0,20,78,True,False,0.040191650182563876,0.9500000000000003,1.8999999999999995,0.07647732877853322
kalman,5,0,0,0,20,79,True,False,0.06810491933921137,0.9500000000000003,1.9000000000000001,0.08219524408856486
kalman,5,0,0,0,20,80,True,False,0.10893813838587607,1.0000000000000002,1.9999999999999998,0.09831109832268661
kalman,5,0,0,0,20,81,True,False,0.0824182162479461,0.9500000000000003,1.899999999999999,0.08569945464078502
kalman,5,0,0,0,20,82,True,False,0.1007093672040289,0.9500000000000003,1.9000000000000012,0.08871134602886185
kalman,5,0,0,0,20,83,True,False,0.11221666518487461,1.0000000000000002,2.0000000000000013,0.07549623966344791
kalman,5,0,0,0,20,84,True,False,0.13021998972518967,0.9500000000000003,1.9000000000000012,0.07893221966578952
kalman,5,0,0,0,20,85,True,False,0.14719570672510618,1.0000000000000002,2.000000000000001,0.09537254051817433
kalman,5,0,0,0,20,86,True,False,0.04193841071335025,0.9500000000000003,1.9000000000000026,0.09129774918322449
kalman,5,0,0,0,20,87,True,False,0.13345340054108634,0.9500000000000003,1.8999999999999997,0.08974203472730577
kalman,5,0,0,0,20,88,True,False,0.11581304805456294,0.9500000000000003,1.9000000000000004,0.06275306701052329
kalman,5,0,0,0,20,89,True,False,0.08109292553625225,0.9500000000000003,1.8999999999999997,0.07275308062434799
kalman,5,0,0,0,20,90,True,False,0.07646848083728353,0.9500000000000003,1.8999999999999997,0.1091872383707445
kalman,5,0,0,0,20,91,True,False,0.06584973431133423,0.9500000000000003,1.9,0.08640791044558091
kalman,5,0,0,0,20,92,True,False,0.08339349174602817,0.9500000000000003,1.8999999999999995,0.09949955691148264
kalman,5,0,0,0,20,93,True,False,0.07720496081987616,0.9500000000000003,1.9000000000000004,0.07652899121167536
kalman,5,0,0,0,20,94,True,False,0.12399702374207622,1.0000000000000002,1.9999999999999998,0.07594927738638953
kalman,5,0,0,0,20,95,True,False,0.1506412785573663,1.0000000000000002,2.0000000000000004,0.08751749340724901
kalman,5,0,0,0,20,96,True,False,0.047548375590310554,0.9500000000000003,1.9000000000000012,0.11526902832092419
kalman,5,0,0,0,20,97,True,False,0.11263001994198918,0.9500000000000003,1.9000000000000001,0.09082062162026752
kalman,5,0,0,0,20,98,True,False,0.060762608254364414,0.9500000000000003,1.8999999999999997,0.06676583414928668
kalman,5,0,0,0,20,99,True,False,0.06560039559395836,0.9500000000000003,1.9000000000000017,0.08185442670244318
kalman,5,0,0,0,20,100,True,False,0.04803149777141935,0.9500000000000003,1.9000000000000035,0.09170905702608927
ground_truth,5,0,0,50,20,1,True,False,0.0932591781715284,0.9500000000000003,1.9,
ground_truth,5,0,0,50,20,2,True,False,0.0932591781715284,0.9500000000000003,1.9,
ground_truth,5,0,0,50,20,3,True,False,0.0932591781715284,0.9500000000000003,1.9,
ground_truth,5,0,0,50,20,4,True,False,0.0932591781715284,0.9500000000000003,1.9,
ground_truth,5,0,0,50,20,5,True,False,0.0932591781715284,0.9500000000000003,1.9,
ground_truth,5,0,0,50,20,6,True,False,0.0932591781715284,0.9500000000000003,1.9,
ground_truth,5,0,0,50,20,7,True,False,0.0932591781715284,0.9500000000000003,1.9,
ground_truth,5,0,0,50,20,8,True,False,0.0932591781715284,0.9500000000000003,1.9,
ground_truth,5,0,0,50,20,9,True,False,0.0932591781715284,0.9500000000000003,1.9,
ground_truth,5,0,0,50,20,10,True,False,0.0932591781715284,0.9500000000000003,1.9,
ground_truth,5,0,0,50,20,11,True,False,0.0932591781715284,0.9500000000000003,1.9,
ground_truth,5,0,0,50,20,12,True,False,0.0932591781715284,0.9500000000000003,1.9,
ground_truth,5,0,0,50,20,13,True,False,0.0932591781715284,0.9500000000000003,1.9,
ground_truth,5,0,0,50,20,14,True,False,0.0932591781715284,0.9500000000000003,1.9,
ground_truth,5,0,0,50,20,15,True,False,0.0932591781715284,0.9500000000000003,1.9,
ground_truth,5,0,0,50,20,16,True,False,0.0932591781715284,0.9500000000000003,1.9,
ground_truth,5,0,0,50,20,17,True,False,0.0932591781715284,0.9500000000000003,1.9,
ground_truth,5,0,0,50,20,18,True,False,0.0932591781715284,0.9500000000000003,1.9,
ground_truth,5,0,0,50,20,19,True,False,0.0932591781715284,0.9500000000000003,1.9,
ground_truth,5,0,0,50,20,20,True,False,0.0932591781715284,0.9500000000000003,1.9,
ground_truth,5,0,0,50,20,21,True,False,0.0932591781715284,0.9500000000000003,1.9,
ground_truth,5,0,0,50,20,22,True,False,0.0932591781715284,0.9500000000000003,1.9,
ground_truth,5,0,0,50,20,23,True,False,0.0932591781715284,0.9500000000000003,1.9,
ground_truth,5,0,0,50,20,24,True,False,0.0932591781715284,0.9500000000000003,1.9,
ground_truth,5,0,0,50,20,25,True,False,0.0932591781715284,0.9500000000000003,1.9,
ground_truth,5,0,0,50,20,26,True,False,0.0932591781715284,0.9500000000000003,1.9,
ground_truth,5,0,0,50,20,27,True,False,0.0932591781715284,0.9500000000000003,1.9,
ground_truth,5,0,0,50,20,28,True,False,0.0932591781715284,0.9500000000000003,1.9,
ground_truth,5,0,0,50,20,29,True,False,0.0932591781715284,0.9500000000000003,1.9,
ground_truth,5,0,0,50,20,30,True,False,0.0932591781715284,0.9500000000000003,1.9,
ground_truth,5,0,0,50,20,31,True,False,0.0932591781715284,0.9500000000000003,1.9,
ground_truth,5,0,0,50,20,32,True,False,0.0932591781715284,0.9500000000000003,1.9,
ground_truth,5,0,0,50,20,33,True,False,0.0932591781715284,0.9500000000000003,1.9,
ground_truth,5,0,0,50,20,34,True,False,0.0932591781715284,0.9500000000000003,1.9,
ground_truth,5,0,0,50,20,35,True,False,0.0932591781715284,0.9500000000000003,1.9,
ground_truth,5,0,0,50,20,36,True,False,0.0932591781715284,0.9500000000000003,1.9,
ground_truth,5,0,0,50,20,37,True,False,0.0932591781715284,0.9500000000000003,1.9,
ground_truth,5,0,0,50,20,38,True,False,0.0932591781715284,0.9500000000000003,1.9,
ground_truth,5,0,0,50,20,39,True,False,0.0932591781715284,0.9500000000000003,1.9,
ground_truth,5,0,0,50,20,40,True,False,0.0932591781715284,0.9500000000000003,1.9,
ground_truth,5,0,0,50,20,41,True,False,0.0932591781715284,0.9500000000000003,1.9,
ground_truth,5,0,0,50,20,42,True,False,0.0932591781715284,0.9500000000000003,1.9,
ground_truth,5,0,0,50,20,43,True,False,0.0932591781715284,0.9500000000000003,1.9,
ground_truth,5,0,0,50,20,44,True,False,0.0932591781715284,0.9500000000000003,1.9,
ground_truth,5,0,0,50,20,45,True,False,0.0932591781715284,0.9500000000000003,1.9,
ground_truth,5,0,0,50,20,46,True,False,0.0932591781715284,0.9500000000000003,1.9,
ground_truth,5,0,0,50,20,47,True,False,0.0932591781715284,0.9500000000000003,1.9,
ground_truth,5,0,0,50,20,48,True,False,0.0932591781715284,0.9500000000000003,1.9,
ground_truth,5,0,0,50,20,49,True,False,0.0932591781715284,0.9500000000000003,1.9,
ground_truth,5,0,0,50,20,50,True,False,0.0932591781715284,0.9500000000000003,1.9,
ground_truth,5,0,0,50,20,51,True,False,0.0932591781715284,0.9500000000000003,1.9,
ground_truth,5,0,0,50,20,52,True,False,0.0932591781715284,0.9500000000000003,1.9,
ground_truth,5,0,0,50,20,53,True,False,0.0932591781715284,0.9500000000000003,1.9,
ground_truth,5,0,0,50,20,54,True,False,0.0932591781715284,0.9500000000000003,1.9,
ground_truth,5,0,0,50,20,55,True,False,0.0932591781715284,0.9500000000000003,1.9,
ground_truth,5,0,0,50,20,56,True,False,0.0932591781715284,0.9500000000000003,1.9,
ground_truth,5,0,0,50,20,57,True,False,0.0932591781715284,0.9500000000000003,1.9,
ground_truth,5,0,0,50,20,58,True,False,0.0932591781715284,0.9500000000000003,1.9,
ground_truth,5,0,0,50,20,59,True,False,0.0932591781715284,0.9500000000000003,1.9,
ground_truth,5,0,0,50,20,60,True,False,0.0932591781715284,0.9500000000000003,1.9,
ground_truth,5,0,0,50,20,61,True,False,0.0932591781715284,0.9500000000000003,1.9,
ground_truth,5,0,0,50,20,62,True,False,0.0932591781715284,0.9500000000000003,1.9,
ground_truth,5,0,0,50,20,63,True,False,0.0932591781715284,0.9500000000000003,1.9,
ground_truth,5,0,0,50,20,64,True,False,0.0932591781715284,0.9500000000000003,1.9,
ground_truth,5,0,0,50,20,65,True,False,0.0932591781715284,0.9500000000000003,1.9,
ground_truth,5,0,0,50,20,66,True,False,0.0932591781715284,0.9500000000000003,1.9,
ground_truth,5,0,0,50,20,67,True,False,0.0932591781715284,0.9500000000000003,1.9,
ground_truth,5,0,0,50,20,68,True,False,0.0932591781715284,0.9500000000000003,1.9,
ground_truth,5,0,0,50,20,69,True,False,0.0932591781715284,0.9500000000000003,1.9,
ground_truth,5,0,0,50,20,70,True,False,0.0932591781715284,0.9500000000000003,1.9,
ground_truth,5,0,0,50,20,71,True,False,0.0932591781715284,0.9500000000000003,1.9,
ground_truth,5,0,0,50,20,72,True,False,0.0932591781715284,0.9500000000000003,1.9,
ground_truth,5,0,0,50,20,73,True,False,0.0932591781715284,0.9500000000000003,1.9,
ground_truth,5,0,0,50,20,74,True,False,0.0932591781715284,0.9500000000000003,1.9,
ground_truth,5,0,0,50,20,75,True,False,0.0932591781715284,0.9500000000000003,1.9,
ground_truth,5,0,0,50,20,76,True,False,0.0932591781715284,0.9500000000000003,1.9,
ground_truth,5,0,0,50,20,77,True,False,0.0932591781715284,0.9500000000000003,1.9,
ground_truth,5,0,0,50,20,78,True,False,0.0932591781715284,0.9500000000000003,1.9,
ground_truth,5,0,0,50,20,79,True,False,0.0932591781715284,0.9500000000000003,1.9,
ground_truth,5,0,0,50,20,80,True,False,0.0932591781715284,0.9500000000000003,1.9,
ground_truth,5,0,0,50,20,81,True,False,0.0932591781715284,0.9500000000000003,1.9,
ground_truth,5,0,0,50,20,82,True,False,0.0932591781715284,0.9500000000000003,1.9,
ground_truth,5,0,0,50,20,83,True,False,0.0932591781715284,0.9500000000000003,1.9,
ground_truth,5,0,0,50,20,84,True,False,0.0932591781715284,0.9500000000000003,1.9,
ground_truth,5,0,0,50,20,85,True,False,0.0932591781715284,0.9500000000000003,1.9,
ground_truth,5,0,0,50,20,86,True,False,0.0932591781715284,0.9500000000000003,1.9,
ground_truth,5,0,0,50,20,87,True,False,0.0932591781715284,0.9500000000000003,1.9,
ground_truth,5,0,0,50,20,88,True,False,0.0932591781715284,0.9500000000000003,1.9,
ground_truth,5,0,0,50,20,89,True,False,0.0932591781715284,0.9500000000000003,1.9,
ground_truth,5,0,0,50,20,90,True,False,0.0932591781715284,0.9500000000000003,1.9,
ground_truth,5,0,0,50,20,91,True,False,0.0932591781715284,0.9500000000000003,1.9,
ground_truth,5,0,0,50,20,92,True,False,0.0932591781715284,0.9500000000000003,1.9,
ground_truth,5,0,0,50,20,93,True,False,0.0932591781715284,0.9500000000000003,1.9,
ground_truth,5,0,0,50,20,94,True,False,0.0932591781715284,0.9500000000000003,1.9,
ground_truth,5,0,0,50,20,95,True,False,0.0932591781715284,0.9500000000000003,1.9,
ground_truth,5,0,0,50,20,96,True,False,0.0932591781715284,0.9500000000000003,1.9,
ground_truth,5,0,0,50,20,97,True,False,0.0932591781715284,0.9500000000000003,1.9,
ground_truth,5,0,0,50,20,98,True,False,0.0932591781715284,0.9500000000000003,1.9,
ground_truth,5,0,0,50,20,99,True,False,0.0932591781715284,0.9500000000000003,1.9,
ground_truth,5,0,0,50,20,100,True,False,0.0932591781715284,0.9500000000000003,1.9,
noisy,5,0,0,50,20,1,True,False,0.08653480991253226,1.0000000000000002,2.0000000000000004,0.13828127340596605
noisy,5,0,0,50,20,2,True,False,0.07793006379293788,1.0000000000000002,1.9999999999999993,0.12775680122115962
noisy,5,0,0,50,20,3,True,False,0.08539668098025599,1.0000000000000002,2.000000000000001,0.16963938359537156
noisy,5,0,0,50,20,4,True,False,0.04701361788624525,0.9500000000000003,1.9000000000000001,0.13185120404421283
noisy,5,0,0,50,20,5,True,False,0.1366308347532028,1.0000000000000002,1.953612770848617,0.13789288594863064
noisy,5,0,0,50,20,6,True,False,0.05926128143155407,1.0000000000000002,2.0000000000000004,0.13453941633423305
noisy,5,0,0,50,20,7,True,False,0.07082178234405889,1.0000000000000002,1.9999999999999996,0.1251623959211466
noisy,5,0,0,50,20,8,True,False,0.055670307775015804,0.9500000000000003,1.9000000000000001,0.1699331866261767
noisy,5,0,0,50,20,9,True,False,0.06796861345653471,1.0000000000000002,1.9831493778117903,0.12267567768974402
noisy,5,0,0,50,20,10,True,False,0.12822739485625712,1.0000000000000002,1.9999999999999993,0.11490131962928808
noisy,5,0,0,50,20,11,True,False,0.09298606591173586,1.0000000000000002,1.9180705721350821,0.13751631332604453
noisy,5,0,0,50,20,12,True,False,0.09675185691560517,1.0000000000000002,1.9999999999999984,0.12734689010489375
noisy,5,0,0,50,20,13,True,False,0.06254570819156191,1.0000000000000002,1.9999999999999998,0.1487624674161416
noisy,5,0,0,50,20,14,True,False,0.05386613118917438,1.0000000000000002,2.0,0.15542678682017796
noisy,5,0,0,50,20,15,True,False,0.03918070574910226,0.9500000000000003,1.9000000000000004,0.13917514580403273
noisy,5,0,0,50,20,16,True,False,0.07221780034589864,1.0000000000000002,1.999633430663504,0.12962962877675666
noisy,5,0,0,50,20,17,True,False,0.09722287957398734,1.0000000000000002,1.9566361741804914,0.15132972448918197
noisy,5,0,0,50,20,18,True,False,0.05656362038737628,1.0000000000000002,2.0000000000000013,0.1464105213421958
noisy,5,0,0,50,20,19,True,False,0.05971942095826677,0.9500000000000003,1.8999999999999995,0.12245667610467936
noisy,5,0,0,50,20,20,True,False,0.0761774974043039,0.9500000000000003,1.9,0.16496061501203668
noisy,5,0,0,50,20,21,True,False,0.06528971850480603,1.0000000000000002,2.0,0.14037349669281163
noisy,5,0,0,50,20,22,True,False,0.07004120270254077,1.0000000000000002,2.0000000000000018,0.16464359484890287
noisy,5,0,0,50,20,23,True,False,0.08426499884273997,1.0000000000000002,1.9681335512827096,0.14283039235662529
noisy,5,0,0,50,20,24,True,False,0.09477709356344621,0.9500000000000003,1.9000000000000001,0.15491195118875908
noisy,5,0,0,50,20,25,True,False,0.036409258969855696,1.0000000000000002,2.0000000000000013,0.13472035104102723
noisy,5,0,0,50,20,26,True,False,0.08589011569303873,1.0000000000000002,2.0,0.17656387997075557
noisy,5,0,0,50,20,27,True,False,0.15556635199679736,1.0000000000000002,2.000000000000002,0.13001113766622027
noisy,5,0,0,50,20,28,True,False,0.0543473309592748,1.0000000000000002,2.000000000000001,0.1474513815563938
noisy,5,0,0,50,20,29,True,False,0.10420828410380012,1.0000000000000002,1.9684406582612,0.16233673368175774
noisy,5,0,0,50,20,30,True,False,0.05831677248416911,0.9500000000000003,1.9000000000000001,0.11540845258140664
noisy,5,0,0,50,20,31,True,False,0.11234240516979432,1.0000000000000002,1.9742271389518096,0.12295387920467847
noisy,5,0,0,50,20,32,True,False,0.07287288082844179,1.0000000000000002,2.0000000000000013,0.14566344155197763
noisy,5,0,0,50,20,33,True,False,0.051742992975212676,1.0000000000000002,1.9940372312309156,0.1253610283128857
noisy,5,0,0,50,20,34,True,False,0.1005997025832317,1.0000000000000002,1.9971980836753855,0.11784583122717363
noisy,5,0,0,50,20,35,True,False,0.05579647621980399,0.9500000000000003,1.8999999999999992,0.14283057593651005
noisy,5,0,0,50,20,36,True,False,0.09494104147239746,1.0000000000000002,2.0,0.1281257136313594
noisy,5,0,0,50,20,37,True,False,0.09161376471257388,0.9500000000000003,1.9000000000000006,0.143570332180715
noisy,5,0,0,50,20,38,True,False,0.058479650121306515,0.9500000000000003,1.9000000000000004,0.1407962516097873
noisy,5,0,0,50,20,39,True,False,0.1267020077162344,1.0500000000000003,2.059043950822469,0.13130170554722398
noisy,5,0,0,50,20,40,True,False,0.11115202332011176,1.0000000000000002,1.9999999999999998,0.13181161254694487
noisy,5,0,0,50,20,41,True,False,0.0685039728631931,1.0000000000000002,1.9999999999999987,0.1289770314188001
noisy,5,0,0,50,20,42,True,False,0.09957683976829013,1.0000000000000002,1.9999999999999991,0.12211173663175465
noisy,5,0,0,50,20,43,True,False,0.09152432572159941,0.9500000000000003,1.9,0.1295810000631869
noisy,5,0,0,50,20,44,True,False,0.10108108395052251,1.0000000000000002,1.9999999999999996,0.12437631463903381
noisy,5,0,0,50,20,45,True,False,0.11782436352218473,1.0000000000000002,2.000000000000001,0.1222135912496567
noisy,5,0,0,50,20,46,True,False,0.07033117606022543,1.0000000000000002,2.0000000000000004,0.14602855914615678
noisy,5,0,0,50,20,47,True,False,0.13333977361339944,1.0000000000000002,1.999095509990075,0.13401581020897277
noisy,5,0,0,50,20,48,True,False,0.05275291621788858,1.0000000000000002,2.0000000000000018,0.13567567129780894
noisy,5,0,0,50,20,49,True,False,0.10220699646918563,1.0000000000000002,1.9999999999999996,0.13682487553122696
noisy,5,0,0,50,20,50,True,False,0.09144795601364142,1.0000000000000002,1.9999999999999982,0.15918635406325857
noisy,5,0,0,50,20,51,True,False,0.07419307213755522,1.0000000000000002,1.9999999999999998,0.1583211075680237
noisy,5,0,0,50,20,52,True,False,0.07893347584225463,1.0000000000000002,2.0000000000000004,0.1382763116487606
noisy,5,0,0,50,20,53,True,False,0.08155781511893223,1.0000000000000002,1.9999999999999976,0.15710494164975636
noisy,5,0,0,50,20,54,True,False,0.07303477072336872,1.0000000000000002,2.0000000000000004,0.13109058086488823
noisy,5,0,0,50,20,55,True,False,0.11094665929900249,1.0000000000000002,1.999999999999998,0.17231564177410524
noisy,5,0,0,50,20,56,True,False,0.04545610017431412,1.0000000000000002,2.0,0.13835956965372512
noisy,5,0,0,50,20,57,True,False,0.06238294327987992,0.9500000000000003,1.899999999999999,0.12888929372888602
noisy,5,0,0,50,20,58,True,False,0.10058767616755859,1.0000000000000002,1.999999999999999,0.13853495796798324
noisy,5,0,0,50,20,59,True,False,0.0184995779897541,0.9500000000000003,1.9000000000000001,0.13412623652257435
noisy,5,0,0,50,20,60,True,False,0.0287548376180633,1.0000000000000002,2.0000000000000004,0.13795024286324778
noisy,5,0,0,50,20,61,True,False,0.05826144145463741,1.0000000000000002,1.9999999999999996,0.14622670016890563
noisy,5,0,0,50,20,62,True,False,0.07957586781721893,1.0000000000000002,1.9969850005060403,0.13271859553624815
noisy,5,0,0,50,20,63,True,False,0.08031348228687762,1.0000000000000002,2.000000000000001,0.1387967881804191
noisy,5,0,0,50,20,64,True,False,0.089330638331369,1.0000000000000002,2.000000000000001,0.1334972534621338
noisy,5,0,0,50,20,65,True,False,0.09597290033505934,1.0000000000000002,1.9995593016614155,0.1476058246707667
noisy,5,0,0,50,20,66,True,False,0.08648413540666788,1.0000000000000002,1.963968339824309,0.13629870780980083
noisy,5,0,0,50,20,67,True,False,0.07723125232316486,0.9500000000000003,1.8730067045214496,0.12860974410913192
noisy,5,0,0,50,20,68,True,False,0.04581528281702707,1.0000000000000002,2.000000000000001,0.12445833761202559
noisy,5,0,0,50,20,69,True,False,0.07499089095753586,0.9500000000000003,1.9,0.12941491691832047
noisy,5,0,0,50,20,70,True,False,0.11732733244425031,1.0000000000000002,1.9999999999999993,0.11186059845544515
noisy,5,0,0,50,20,71,True,False,0.10144273950902494,0.9500000000000003,1.9000000000000006,0.1158992496997955
noisy,5,0,0,50,20,72,True,False,0.09891255048331415,1.0000000000000002,2.000000000000001,0.1302956118434494
noisy,5,0,0,50,20,73,True,False,0.10731997041531383,1.0000000000000002,1.9434579061631352,0.14244897186680933
noisy,5,0,0,50,20,74,True,False,0.07697664125761405,1.0000000000000002,1.9999999999999998,0.15963605496956582
noisy,5,0,0,50,20,75,True,False,0.10101385388461237,1.0000000000000002,2.000000000000001,0.1292236151082908
noisy,5,0,0,50,20,76,True,False,0.06717302866480912,1.0000000000000002,2.0,0.1390941880150628
noisy,5,0,0,50,20,77,True,False,0.1105361457540821,1.0000000000000002,2.000000000000001,0.12141568876057128
noisy,5,0,0,50,20,78,True,False,0.039753855101732904,1.0000000000000002,2.0,0.09530057846397613
noisy,5,0,0,50,20,79,True,False,0.059320340372797986,1.0000000000000002,1.9985923928682958,0.13099479254513346
noisy,5,0,0,50,20,80,True,False,0.10159780868223622,1.0000000000000002,1.9999999999999987,0.13936641234376607
noisy,5,0,0,50,20,81,True,False,0.04931128448218103,1.0000000000000002,1.9999999999999991,0.13145041406314284
noisy,5,0,0,50,20,82,True,False,0.11136786802540954,1.0000000000000002,2.0000000000000013,0.14233277004420325
noisy,5,0,0,50,20,83,True,False,0.10528730651338702,1.0000000000000002,1.9984449112817437,0.11518807788973175
noisy,5,0,0,50,20,84,True,False,0.11301649571636485,1.0000000000000002,1.9999999999999978,0.13917303324992286
noisy,5,0,0,50,20,85,True,False,0.15562403978731254,1.0000000000000002,1.9349895909255415,0.14443662167575025
noisy,5,0,0,50,20,86,True,False,0.025970373469076824,0.9500000000000003,1.9000000000000008,0.14617154287004824
noisy,5,0,0,50,20,87,True,False,0.10959521794729965,1.0000000000000002,1.9690984833074654,0.12463075977912629
noisy,5,0,0,50,20,88,True,False,0.10685349998099758,1.0000000000000002,1.9999999999999998,0.11664107622234428
noisy,5,0,0,50,20,89,True,False,0.06859884761488977,1.0000000000000002,1.988625951071157,0.12408870965629817
noisy,5,0,0,50,20,90,True,False,0.08639881097214253,0.9500000000000003,1.9000000000000021,0.16450022693456298
noisy,5,0,0,50,20,91,True,False,0.052555046921349824,1.0000000000000002,1.9951135739253085,0.126516061096657
noisy,5,0,0,50,20,92,True,False,0.09849549593499085,1.0000000000000002,2.0000000000000018,0.13366148073451897
noisy,5,0,0,50,20,93,True,False,0.058410689338978417,1.0000000000000002,2.0000000000000013,0.12151141799560582
noisy,5,0,0,50,20,94,True,False,0.12090668300437724,1.0000000000000002,2.000000000000001,0.12931798592573987
noisy,5,0,0,50,20,95,True,False,0.12754130747028047,1.0000000000000002,1.9999999999999991,0.14073539750248742
noisy,5,0,0,50,20,96,True,False,0.05068075701310826,0.9500000000000003,1.9000000000000004,0.12948495256702036
noisy,5,0,0,50,20,97,True,False,0.10680679438690888,0.9500000000000003,1.8826732922786937,0.15108564453367154
noisy,5,0,0,50,20,98,True,False,0.06328051685359659,0.9500000000000003,1.9000000000000012,0.12351929581307948
noisy,5,0,0,50,20,99,True,False,0.05112299097297712,1.0000000000000002,1.9999999999999993,0.12749172313420606
noisy,5,0,0,50,20,100,True,False,0.024022507199982,1.0000000000000002,1.9722825161788833,0.1472379472550378
kalman,5,0,0,50,20,1,True,False,0.08416366112306806,0.9500000000000003,1.899999999999999,0.08680647732051588
kalman,5,0,0,50,20,2,True,False,0.07455428672985298,1.0000000000000002,1.9889120870052497,0.09555140097480534
kalman,5,0,0,50,20,3,True,False,0.07331944362469112,0.9500000000000003,1.9,0.11679234261616585
kalman,5,0,0,50,20,4,True,False,0.05450534307755239,0.9500000000000003,1.9000000000000008,0.06860634172994808
kalman,5,0,0,50,20,5,True,False,0.0929942424300938,1.0000000000000002,2.0000000000000004,0.09269242858088853
kalman,5,0,0,50,20,6,True,False,0.04726972473969715,1.0000000000000002,1.998752435530566,0.09987778264275772
kalman,5,0,0,50,20,7,True,False,0.07731583858030788,1.0000000000000002,2.0000000000000004,0.09825226222872367
kalman,5,0,0,50,20,8,True,False,0.061453835239364984,0.9500000000000003,1.8999999999999992,0.11633875495185796
kalman,5,0,0,50,20,9,True,False,0.09345976266564104,0.9500000000000003,1.9000000000000004,0.07353882223987218
kalman,5,0,0,50,20,10,True,False,0.11368732737379972,1.0000000000000002,1.999999999999998,0.07155796039467927
kalman,5,0,0,50,20,11,True,False,0.08584150275439129,1.0000000000000002,1.9952018162181284,0.08957012626353054
kalman,5,0,0,50,20,12,True,False,0.09252167744542072,1.0000000000000002,2.0000000000000018,0.07815895427207833
kalman,5,0,0,50,20,13,True,False,0.06597050686673112,1.0000000000000002,1.9999999999999991,0.11039817167409262
kalman,5,0,0,50,20,14,True,False,0.07357457199348438,1.0000000000000002,1.9705107357783749,0.11880853218932456
kalman,5,0,0,50,20,15,True,False,0.025295612227492104,0.9500000000000003,1.9000000000000008,0.09277592073643026
kalman,5,0,0,50,20,16,True,False,0.08202302661917105,1.0000000000000002,2.0000000000000004,0.08446221214319478
kalman,5,0,0,50,20,17,True,False,0.15123475561721977,1.0000000000000002,1.9999999999999996,0.10450613934752753
kalman,5,0,0,50,20,18,True,False,0.029362160746394084,0.9500000000000003,1.9000000000000004,0.09450152318540946
kalman,5,0,0,50,20,19,True,False,0.04889392653341429,0.9500000000000003,1.9000000000000004,0.0787721236607358
kalman,5,0,0,50,20,20,True,False,0.09536217694153848,0.9500000000000003,1.9,0.0905780350935523
kalman,5,0,0,50,20,21,True,False,0.10834029535082657,1.0000000000000002,2.0000000000000004,0.07909252509988009
kalman,5,0,0,50,20,22,True,False,0.041586920825887885,1.0000000000000002,1.9999999999999996,0.11432918676222799
kalman,5,0,0,50,20,23,True,False,0.06332563559850746,1.0000000000000002,1.9999999999999996,0.0833867535588247
kalman,5,0,0,50,20,24,True,False,0.09382044194489092,0.9500000000000003,1.9000000000000004,0.06468120687179534
kalman,5,0,0,50,20,25,True,False,0.03372831338069893,1.0000000000000002,2.0000000000000004,0.09797738890523627
kalman,5,0,0,50,20,26,True,False,0.07079312686758499,1.0000000000000002,2.0000000000000004,0.11071937134710783
kalman,5,0,0,50,20,27,True,False,0.14663526236629343,1.0000000000000002,1.9999999999999996,0.1049878589665587
kalman,5,0,0,50,20,28,True,False,0.07277783495099222,1.0000000000000002,1.9999999999999998,0.06961057953513929
kalman,5,0,0,50,20,29,True,False,0.12313230210100867,1.0000000000000002,1.9999999999999991,0.08972500418532069
kalman,5,0,0,50,20,30,True,False,0.055011894748138834,0.9500000000000003,1.8999999999999992,0.0758438599502847
kalman,5,0,0,50,20,31,True,False,0.10350023779529893,1.0000000000000002,1.9698023092565158,0.08250440968046382
kalman,5,0,0,50,20,32,True,False,0.0626439510946577,1.0000000000000002,2.0000000000000004,0.06745091240271375
kalman,5,0,0,50,20,33,True,False,0.05524095009428187,0.9500000000000003,1.9000000000000015,0.08852375957751821
kalman,5,0,0,50,20,34,True,False,0.107039011918312,0.9500000000000003,1.9,0.06701554712762399
kalman,5,0,0,50,20,35,True,False,0.04117969328580284,0.9500000000000003,1.9000000000000012,0.09129508833595969
kalman,5,0,0,50,20,36,True,False,0.09180867519221692,1.0000000000000002,1.9999999999999996,0.08048775820872675
kalman,5,0,0,50,20,37,True,False,0.07330769349506139,0.9500000000000003,1.9000000000000004,0.07388438649387363
kalman,5,0,0,50,20,38,True,False,0.06086949736960312,0.9500000000000003,1.8999999999999995,0.08688696543268748
kalman,5,0,0,50,20,39,True,False,0.1160477762572305,1.0000000000000002,1.999999999999999,0.06939666550733332
kalman,5,0,0,50,20,40,True,False,0.11509016544593109,1.0000000000000002,2.0000000000000004,0.07159105523651926
kalman,5,0,0,50,20,41,True,False,0.07797322941908957,1.0000000000000002,2.0,0.1025686642843166
kalman,5,0,0,50,20,42,True,False,0.11633065406200171,1.0000000000000002,2.0,0.08894016715150962
kalman,5,0,0,50,20,43,True,False,0.09122958388680891,0.9500000000000003,1.8999999999999992,0.08044414060823324
kalman,5,0,0,50,20,44,True,False,0.11387879474035612,1.0000000000000002,1.9999999999999987,0.07917809014790785
kalman,5,0,0,50,20,45,True,False,0.10113974365403666,1.0000000000000002,2.0000000000000013,0.07708800135875878
kalman,5,0,0,50,20,46,True,False,0.0823481792905214,1.0000000000000002,1.999999999999999,0.06483232822987448
kalman,5,0,0,50,20,47,True,False,0.14384220946369708,1.0000000000000002,1.9999999999999987,0.09860468138603051
kalman,5,0,0,50,20,48,True,False,0.05756102450588951,1.0000000000000002,1.9999999999999993,0.08180339853179942
kalman,5,0,0,50,20,49,True,False,0.0890827433447583,1.0000000000000002,1.9999999999999998,0.10270018587495067
kalman,5,0,0,50,20,50,True,False,0.08238476480582002,1.0000000000000002,2.0,0.10560837226549101
kalman,5,0,0,50,20,51,True,False,0.11318768551619485,1.0000000000000002,1.9672338252170258,0.08394036829560689
kalman,5,0,0,50,20,52,True,False,0.061210835358411764,1.0000000000000002,2.0,0.06704066887747234
kalman,5,0,0,50,20,53,True,False,0.07463001491248233,1.0000000000000002,2.0000000000000004,0.09591627515692713
kalman,5,0,0,50,20,54,True,False,0.09462097183020446,1.0000000000000002,1.9999999999999987,0.08778888354341086
kalman,5,0,0,50,20,55,True,False,0.09149039755353061,1.0500000000000003,2.099999999999998,0.13114446154006393
kalman,5,0,0,50,20,56,True,False,0.035432165023164375,1.0000000000000002,2.000000000000001,0.09035589198438847
kalman,5,0,0,50,20,57,True,False,0.0752728533519964,1.0000000000000002,2.0000000000000018,0.061905700190153616
kalman,5,0,0,50,20,58,True,False,0.10424935862535212,1.0000000000000002,1.999999999999999,0.08053713912558144
kalman,5,0,0,50,20,59,True,False,0.026426127829158874,0.9500000000000003,1.9000000000000006,0.09432068120066024
kalman,5,0,0,50,20,60,True,False,0.026895790550533816,1.0000000000000002,2.0000000000000027,0.08153688481910966
kalman,5,0,0,50,20,61,True,False,0.053293870148971134,1.0000000000000002,1.9999999999999996,0.10457350740727285
kalman,5,0,0,50,20,62,True,False,0.07987282500048432,1.0000000000000002,1.9999999999999991,0.08750457863406844
kalman,5,0,0,50,20,63,True,False,0.04896908495565344,1.0000000000000002,2.0000000000000018,0.09277767980233943
kalman,5,0,0,50,20,64,True,False,0.10429205312386203,1.0000000000000002,1.9999999999999996,0.07314159326077403
kalman,5,0,0,50,20,65,True,False,0.10162795145608805,1.0000000000000002,2.0,0.0981580318391935
kalman,5,0,0,50,20,66,True,False,0.0749935288394099,1.0000000000000002,1.9999999999999987,0.07836127768416634
kalman,5,0,0,50,20,67,True,False,0.059774368687259605,0.9500000000000003,1.9000000000000004,0.09157302710089928
kalman,5,0,0,50,20,68,True,False,0.030538699713958062,1.0000000000000002,2.0,0.08413330605577422
kalman,5,0,0,50,20,69,True,False,0.07735660014924517,1.0000000000000002,2.0,0.08538130855667485
kalman,5,0,0,50,20,70,True,False,0.128444928120665,1.0000000000000002,1.9999999999999978,0.08529112013944795
kalman,5,0,0,50,20,71,True,False,0.11007074769007819,1.0000000000000002,2.0,0.057307785630483825
kalman,5,0,0,50,20,72,True,False,0.10270170552309987,1.0000000000000002,2.0000000000000004,0.0735824868423608
kalman,5,0,0,50,20,73,True,False,0.09932677239971333,1.0000000000000002,1.9999999999999998,0.07883996853282914
kalman,5,0,0,50,20,74,True,False,0.07401675360042725,1.0000000000000002,2.0000000000000013,0.08666751374773315
kalman,5,0,0,50,20,75,True,False,0.0899222643338311,1.0000000000000002,1.9999999999999991,0.06180420398126806
kalman,5,0,0,50,20,76,True,False,0.066370735964985,1.0000000000000002,1.9999999999999998,0.08699780785076049
kalman,5,0,0,50,20,77,True,False,0.11313731880715472,1.0000000000000002,2.0000000000000004,0.08061918192022027
kalman,5,0,0,50,20,78,True,False,0.051219798336568756,1.0000000000000002,1.9938750629523627,0.07508371598851515
kalman,5,0,0,50,20,79,True,False,0.05171168883374655,1.0000000000000002,1.9999999999999984,0.08046270297051338
kalman,5,0,0,50,20,80,True,False,0.09881310275603417,1.0000000000000002,2.0000000000000004,0.09831109832268661
kalman,5,0,0,50,20,81,True,False,0.0410678787634855,1.0000000000000002,2.0,0.08550027609849892
kalman,5,0,0,50,20,82,True,False,0.0951911529708176,1.0000000000000002,1.9999999999999996,0.087542802801316
kalman,5,0,0,50,20,83,True,False,0.09974232112572068,1.0000000000000002,2.0000000000000004,0.07549623966344791
kalman,5,0,0,50,20,84,True,False,0.10514027423545147,1.0000000000000002,2.0,0.07712447833112411
kalman,5,0,0,50,20,85,True,False,0.1315588284873772,1.0000000000000002,1.9777384360162809,0.09537254051817433
kalman,5,0,0,50,20,86,True,False,0.04320721115375603,1.0000000000000002,2.0000000000000004,0.09015085530106616
kalman,5,0,0,50,20,87,True,False,0.11825901050824261,1.0000000000000002,2.000000000000001,0.08848535897895812
kalman,5,0,0,50,20,88,True,False,0.13306352847110792,1.0000000000000002,1.9999999999999991,0.06253113209092619
kalman,5,0,0,50,20,89,True,False,0.07411929671541384,1.0000000000000002,2.000000000000001,0.07485218101330286
kalman,5,0,0,50,20,90,True,False,0.07459237056265478,0.9500000000000003,1.9000000000000008,0.1091872383707445
kalman,5,0,0,50,20,91,True,False,0.07608067402480945,1.0000000000000002,1.9924403451669495,0.08737585813358528
kalman,5,0,0,50,20,92,True,False,0.11160247679354218,0.9500000000000003,1.8999999999999984,0.09949955691148264
kalman,5,0,0,50,20,93,True,False,0.06791218063846838,1.0000000000000002,2.000000000000002,0.07474635590251406
kalman,5,0,0,50,20,94,True,False,0.13553327908077217,1.0000000000000002,1.9999999999999998,0.07594927738638953
kalman,5,0,0,50,20,95,True,False,0.1513143710907323,1.0000000000000002,1.999999999999998,0.08751749340724901
kalman,5,0,0,50,20,96,True,False,0.07085989419474403,0.9500000000000003,1.8958494785350306,0.11526902832092419
kalman,5,0,0,50,20,97,True,False,0.12386877035368715,0.9500000000000003,1.9,0.09082062162026752
kalman,5,0,0,50,20,98,True,False,0.056034428371627865,0.9500000000000003,1.8999999999999977,0.06676583414928668
kalman,5,0,0,50,20,99,True,False,0.05517215888007021,1.0000000000000002,2.0,0.08068271734296531
kalman,5,0,0,50,20,100,True,False,0.037113116744774466,1.0000000000000002,1.9941441811958158,0.09030036421750039
ground_truth,5,0,0,100,20,1,True,False,0.0932591781715284,0.9500000000000003,1.9,
ground_truth,5,0,0,100,20,2,True,False,0.0932591781715284,0.9500000000000003,1.9,
ground_truth,5,0,0,100,20,3,True,False,0.0932591781715284,0.9500000000000003,1.9,
ground_truth,5,0,0,100,20,4,True,False,0.0932591781715284,0.9500000000000003,1.9,
ground_truth,5,0,0,100,20,5,True,False,0.0932591781715284,0.9500000000000003,1.9,
ground_truth,5,0,0,100,20,6,True,False,0.0932591781715284,0.9500000000000003,1.9,
ground_truth,5,0,0,100,20,7,True,False,0.0932591781715284,0.9500000000000003,1.9,
ground_truth,5,0,0,100,20,8,True,False,0.0932591781715284,0.9500000000000003,1.9,
ground_truth,5,0,0,100,20,9,True,False,0.0932591781715284,0.9500000000000003,1.9,
ground_truth,5,0,0,100,20,10,True,False,0.0932591781715284,0.9500000000000003,1.9,
ground_truth,5,0,0,100,20,11,True,False,0.0932591781715284,0.9500000000000003,1.9,
ground_truth,5,0,0,100,20,12,True,False,0.0932591781715284,0.9500000000000003,1.9,
ground_truth,5,0,0,100,20,13,True,False,0.0932591781715284,0.9500000000000003,1.9,
ground_truth,5,0,0,100,20,14,True,False,0.0932591781715284,0.9500000000000003,1.9,
ground_truth,5,0,0,100,20,15,True,False,0.0932591781715284,0.9500000000000003,1.9,
ground_truth,5,0,0,100,20,16,True,False,0.0932591781715284,0.9500000000000003,1.9,
ground_truth,5,0,0,100,20,17,True,False,0.0932591781715284,0.9500000000000003,1.9,
ground_truth,5,0,0,100,20,18,True,False,0.0932591781715284,0.9500000000000003,1.9,
ground_truth,5,0,0,100,20,19,True,False,0.0932591781715284,0.9500000000000003,1.9,
ground_truth,5,0,0,100,20,20,True,False,0.0932591781715284,0.9500000000000003,1.9,
ground_truth,5,0,0,100,20,21,True,False,0.0932591781715284,0.9500000000000003,1.9,
ground_truth,5,0,0,100,20,22,True,False,0.0932591781715284,0.9500000000000003,1.9,
ground_truth,5,0,0,100,20,23,True,False,0.0932591781715284,0.9500000000000003,1.9,
ground_truth,5,0,0,100,20,24,True,False,0.0932591781715284,0.9500000000000003,1.9,
ground_truth,5,0,0,100,20,25,True,False,0.0932591781715284,0.9500000000000003,1.9,
ground_truth,5,0,0,100,20,26,True,False,0.0932591781715284,0.9500000000000003,1.9,
ground_truth,5,0,0,100,20,27,True,False,0.0932591781715284,0.9500000000000003,1.9,
ground_truth,5,0,0,100,20,28,True,False,0.0932591781715284,0.9500000000000003,1.9,
ground_truth,5,0,0,100,20,29,True,False,0.0932591781715284,0.9500000000000003,1.9,
ground_truth,5,0,0,100,20,30,True,False,0.0932591781715284,0.9500000000000003,1.9,
ground_truth,5,0,0,100,20,31,True,False,0.0932591781715284,0.9500000000000003,1.9,
ground_truth,5,0,0,100,20,32,True,False,0.0932591781715284,0.9500000000000003,1.9,
ground_truth,5,0,0,100,20,33,True,False,0.0932591781715284,0.9500000000000003,1.9,
ground_truth,5,0,0,100,20,34,True,False,0.0932591781715284,0.9500000000000003,1.9,
ground_truth,5,0,0,100,20,35,True,False,0.0932591781715284,0.9500000000000003,1.9,
ground_truth,5,0,0,100,20,36,True,False,0.0932591781715284,0.9500000000000003,1.9,
ground_truth,5,0,0,100,20,37,True,False,0.0932591781715284,0.9500000000000003,1.9,
ground_truth,5,0,0,100,20,38,True,False,0.0932591781715284,0.9500000000000003,1.9,
ground_truth,5,0,0,100,20,39,True,False,0.0932591781715284,0.9500000000000003,1.9,
ground_truth,5,0,0,100,20,40,True,False,0.0932591781715284,0.9500000000000003,1.9,
ground_truth,5,0,0,100,20,41,True,False,0.0932591781715284,0.9500000000000003,1.9,
ground_truth,5,0,0,100,20,42,True,False,0.0932591781715284,0.9500000000000003,1.9,
ground_truth,5,0,0,100,20,43,True,False,0.0932591781715284,0.9500000000000003,1.9,
ground_truth,5,0,0,100,20,44,True,False,0.0932591781715284,0.9500000000000003,1.9,
ground_truth,5,0,0,100,20,45,True,False,0.0932591781715284,0.9500000000000003,1.9,
ground_truth,5,0,0,100,20,46,True,False,0.0932591781715284,0.9500000000000003,1.9,
ground_truth,5,0,0,100,20,47,True,False,0.0932591781715284,0.9500000000000003,1.9,
ground_truth,5,0,0,100,20,48,True,False,0.0932591781715284,0.9500000000000003,1.9,
ground_truth,5,0,0,100,20,49,True,False,0.0932591781715284,0.9500000000000003,1.9,
ground_truth,5,0,0,100,20,50,True,False,0.0932591781715284,0.9500000000000003,1.9,
ground_truth,5,0,0,100,20,51,True,False,0.0932591781715284,0.9500000000000003,1.9,
ground_truth,5,0,0,100,20,52,True,False,0.0932591781715284,0.9500000000000003,1.9,
ground_truth,5,0,0,100,20,53,True,False,0.0932591781715284,0.9500000000000003,1.9,
ground_truth,5,0,0,100,20,54,True,False,0.0932591781715284,0.9500000000000003,1.9,
ground_truth,5,0,0,100,20,55,True,False,0.0932591781715284,0.9500000000000003,1.9,
ground_truth,5,0,0,100,20,56,True,False,0.0932591781715284,0.9500000000000003,1.9,
ground_truth,5,0,0,100,20,57,True,False,0.0932591781715284,0.9500000000000003,1.9,
ground_truth,5,0,0,100,20,58,True,False,0.0932591781715284,0.9500000000000003,1.9,
ground_truth,5,0,0,100,20,59,True,False,0.0932591781715284,0.9500000000000003,1.9,
ground_truth,5,0,0,100,20,60,True,False,0.0932591781715284,0.9500000000000003,1.9,
ground_truth,5,0,0,100,20,61,True,False,0.0932591781715284,0.9500000000000003,1.9,
ground_truth,5,0,0,100,20,62,True,False,0.0932591781715284,0.9500000000000003,1.9,
ground_truth,5,0,0,100,20,63,True,False,0.0932591781715284,0.9500000000000003,1.9,
ground_truth,5,0,0,100,20,64,True,False,0.0932591781715284,0.9500000000000003,1.9,
ground_truth,5,0,0,100,20,65,True,False,0.0932591781715284,0.9500000000000003,1.9,
ground_truth,5,0,0,100,20,66,True,False,0.0932591781715284,0.9500000000000003,1.9,
ground_truth,5,0,0,100,20,67,True,False,0.0932591781715284,0.9500000000000003,1.9,
ground_truth,5,0,0,100,20,68,True,False,0.0932591781715284,0.9500000000000003,1.9,
ground_truth,5,0,0,100,20,69,True,False,0.0932591781715284,0.9500000000000003,1.9,
ground_truth,5,0,0,100,20,70,True,False,0.0932591781715284,0.9500000000000003,1.9,
ground_truth,5,0,0,100,20,71,True,False,0.0932591781715284,0.9500000000000003,1.9,
ground_truth,5,0,0,100,20,72,True,False,0.0932591781715284,0.9500000000000003,1.9,
ground_truth,5,0,0,100,20,73,True,False,0.0932591781715284,0.9500000000000003,1.9,
ground_truth,5,0,0,100,20,74,True,False,0.0932591781715284,0.9500000000000003,1.9,
ground_truth,5,0,0,100,20,75,True,False,0.0932591781715284,0.9500000000000003,1.9,
ground_truth,5,0,0,100,20,76,True,False,0.0932591781715284,0.9500000000000003,1.9,
ground_truth,5,0,0,100,20,77,True,False,0.0932591781715284,0.9500000000000003,1.9,
ground_truth,5,0,0,100,20,78,True,False,0.0932591781715284,0.9500000000000003,1.9,
ground_truth,5,0,0,100,20,79,True,False,0.0932591781715284,0.9500000000000003,1.9,
ground_truth,5,0,0,100,20,80,True,False,0.0932591781715284,0.9500000000000003,1.9,
ground_truth,5,0,0,100,20,81,True,False,0.0932591781715284,0.9500000000000003,1.9,
ground_truth,5,0,0,100,20,82,True,False,0.0932591781715284,0.9500000000000003,1.9,
ground_truth,5,0,0,100,20,83,True,False,0.0932591781715284,0.9500000000000003,1.9,
ground_truth,5,0,0,100,20,84,True,False,0.0932591781715284,0.9500000000000003,1.9,
ground_truth,5,0,0,100,20,85,True,False,0.0932591781715284,0.9500000000000003,1.9,
ground_truth,5,0,0,100,20,86,True,False,0.0932591781715284,0.9500000000000003,1.9,
ground_truth,5,0,0,100,20,87,True,False,0.0932591781715284,0.9500000000000003,1.9,
ground_truth,5,0,0,100,20,88,True,False,0.0932591781715284,0.9500000000000003,1.9,
ground_truth,5,0,0,100,20,89,True,False,0.0932591781715284,0.9500000000000003,1.9,
ground_truth,5,0,0,100,20,90,True,False,0.0932591781715284,0.9500000000000003,1.9,
ground_truth,5,0,0,100,20,91,True,False,0.0932591781715284,0.9500000000000003,1.9,
ground_truth,5,0,0,100,20,92,True,False,0.0932591781715284,0.9500000000000003,1.9,
ground_truth,5,0,0,100,20,93,True,False,0.0932591781715284,0.9500000000000003,1.9,
ground_truth,5,0,0,100,20,94,True,False,0.0932591781715284,0.9500000000000003,1.9,
ground_truth,5,0,0,100,20,95,True,False,0.0932591781715284,0.9500000000000003,1.9,
ground_truth,5,0,0,100,20,96,True,False,0.0932591781715284,0.9500000000000003,1.9,
ground_truth,5,0,0,100,20,97,True,False,0.0932591781715284,0.9500000000000003,1.9,
ground_truth,5,0,0,100,20,98,True,False,0.0932591781715284,0.9500000000000003,1.9,
ground_truth,5,0,0,100,20,99,True,False,0.0932591781715284,0.9500000000000003,1.9,
ground_truth,5,0,0,100,20,100,True,False,0.0932591781715284,0.9500000000000003,1.9,
noisy,5,0,0,100,20,1,True,False,0.0724804971214088,1.0000000000000002,2.000000000000001,0.13828127340596605
noisy,5,0,0,100,20,2,True,False,0.09180517779053954,1.0500000000000003,2.0566840482289486,0.1256061498361512
noisy,5,0,0,100,20,3,True,False,0.1162712844127054,1.0000000000000002,2.0000000000000004,0.16963938359537156
noisy,5,0,0,100,20,4,True,False,0.04281253382083028,1.0000000000000002,2.0,0.1307918846613899
noisy,5,0,0,100,20,5,True,False,0.09665856481353052,1.0000000000000002,1.9662330361310558,0.13789288594863064
noisy,5,0,0,100,20,6,True,False,0.0296865624501208,1.0000000000000002,1.9999999999999991,0.13453941633423305
noisy,5,0,0,100,20,7,True,False,0.06762355043082802,1.0000000000000002,1.9914039478438552,0.1251623959211466
noisy,5,0,0,100,20,8,True,False,0.05897202822012093,0.9500000000000003,1.895643997297808,0.1699331866261767
noisy,5,0,0,100,20,9,True,False,0.07081788922880095,1.0000000000000002,1.9333145605332593,0.12267567768974402
noisy,5,0,0,100,20,10,True,False,0.11198675952218062,1.0000000000000002,1.9999999999999996,0.11490131962928808
noisy,5,0,0,100,20,11,True,False,0.07449877486653711,1.0500000000000003,2.011595305418966,0.13455385268033557
noisy,5,0,0,100,20,12,True,False,0.05572058897799903,1.0500000000000003,2.0958318141286405,0.1301980315401057
noisy,5,0,0,100,20,13,True,False,0.07310807725417678,1.0500000000000003,2.0865080273327905,0.14681189656696453
noisy,5,0,0,100,20,14,True,False,0.07190865596532525,1.0500000000000003,2.070057246412358,0.1520579543985587
noisy,5,0,0,100,20,15,True,False,0.05579268671258175,1.0000000000000002,1.9589309613451031,0.13584598941783294
noisy,5,0,0,100,20,16,True,False,0.08781041867474948,1.0000000000000002,1.9863918076799612,0.12962962877675666
noisy,5,0,0,100,20,17,True,False,0.1354608905176522,1.0000000000000002,1.9737795729909098,0.15132972448918197
noisy,5,0,0,100,20,18,True,False,0.04522111928008643,1.0000000000000002,1.9869726430781316,0.1464105213421958
noisy,5,0,0,100,20,19,True,False,0.042291499242061326,1.0000000000000002,1.9999999999999993,0.12215346059759527
noisy,5,0,0,100,20,20,True,False,0.09040628190883959,1.0000000000000002,1.9999999999999993,0.16709792368865675
noisy,5,0,0,100,20,21,True,False,0.05636222279085179,1.0000000000000002,1.9723011152925622,0.14037349669281163
noisy,5,0,0,100,20,22,True,False,0.05558547912725409,1.0000000000000002,1.9968263338031194,0.16464359484890287
noisy,5,0,0,100,20,23,True,False,0.09582102604986331,1.0500000000000003,2.0136153765699576,0.14334439614256897
noisy,5,0,0,100,20,24,True,False,0.09035461780101217,1.0000000000000002,2.0000000000000013,0.15521189205132999
noisy,5,0,0,100,20,25,True,False,0.037957018342686055,1.0500000000000003,2.083946221783989,0.13430167268768156
noisy,5,0,0,100,20,26,True,False,0.07454562204196202,1.0000000000000002,2.0000000000000013,0.17656387997075557
noisy,5,0,0,100,20,27,True,False,0.11670496527970009,1.0500000000000003,2.0999999999999988,0.13113183606243875
noisy,5,0,0,100,20,28,True,False,0.06445317927561756,1.0000000000000002,1.9773206590444412,0.1474513815563938
noisy,5,0,0,100,20,29,True,False,0.1119424819781043,1.0500000000000003,2.065679610010121,0.1596703750359035
noisy,5,0,0,100,20,30,True,False,0.05037180497251015,1.0000000000000002,1.9737961365790604,0.12374878212130824
noisy,5,0,0,100,20,31,True,False,0.12009647532400924,1.0500000000000003,2.0089269500169435,0.121167410855576
noisy,5,0,0,100,20,32,True,False,0.06436122469511307,1.0000000000000002,2.0000000000000004,0.14566344155197763
noisy,5,0,0,100,20,33,True,False,0.05534447914837881,1.0000000000000002,2.0,0.1253610283128857
noisy,5,0,0,100,20,34,True,False,0.10520605705078534,1.0000000000000002,1.9928120566617347,0.11784583122717363
noisy,5,0,0,100,20,35,True,False,0.053187919512275306,1.0000000000000002,1.994302927772662,0.1461675553493367
noisy,5,0,0,100,20,36,True,False,0.07388310792382957,1.0000000000000002,2.0000000000000004,0.1281257136313594
noisy,5,0,0,100,20,37,True,False,0.09005049048793823,1.0000000000000002,1.9999999999999987,0.1439962902832904
noisy,5,0,0,100,20,38,True,False,0.0668759117667792,1.0000000000000002,1.96430116654256,0.1396373695169949
noisy,5,0,0,100,20,39,True,False,0.07940036719707799,1.0500000000000003,2.0677064034779886,0.13130170554722398
noisy,5,0,0,100,20,40,True,False,0.10032769303671363,1.0000000000000002,2.000000000000001,0.13181161254694487
noisy,5,0,0,100,20,41,True,False,0.060598058581797565,1.0000000000000002,2.000000000000001,0.1289770314188001
noisy,5,0,0,100,20,42,True,False,0.11551484127260792,1.0000000000000002,1.9808687522844655,0.12211173663175465
noisy,5,0,0,100,20,43,True,False,0.07703288297285482,1.0000000000000002,1.9999999999999996,0.1317290432806446
noisy,5,0,0,100,20,44,True,False,0.11330270361078787,1.0500000000000003,2.083329392322344,0.13667462637883107
noisy,5,0,0,100,20,45,True,False,0.08124014918578526,1.0000000000000002,1.9999999999999993,0.1222135912496567
noisy,5,0,0,100,20,46,True,False,0.04992708351571418,1.0000000000000002,1.9999999999999984,0.14602855914615678
noisy,5,0,0,100,20,47,True,False,0.1295028759975485,1.0000000000000002,2.0000000000000013,0.13401581020897277
noisy,5,0,0,100,20,48,True,False,0.038838638431016426,1.0000000000000002,2.0000000000000018,0.13567567129780894
noisy,5,0,0,100,20,49,True,False,0.08775893393696332,1.0500000000000003,2.1000000000000014,0.1406639739958527
noisy,5,0,0,100,20,50,True,False,0.08363754278198599,1.0000000000000002,2.0,0.15918635406325857
noisy,5,0,0,100,20,51,True,False,0.0897893954341582,1.0500000000000003,2.069500475076266,0.15773621735589585
noisy,5,0,0,100,20,52,True,False,0.03777139859830658,1.0000000000000002,2.000000000000001,0.1382763116487606
noisy,5,0,0,100,20,53,True,False,0.06976824429742545,1.0000000000000002,2.0,0.15710494164975636
noisy,5,0,0,100,20,54,True,False,0.07126449269183466,1.0500000000000003,2.064858586815084,0.1290074741438497
noisy,5,0,0,100,20,55,True,False,0.07858162086050813,1.0000000000000002,1.9999999999999998,0.17231564177410524
noisy,5,0,0,100,20,56,True,False,0.018771512258991763,1.0000000000000002,1.9975677648151722,0.13835956965372512
noisy,5,0,0,100,20,57,True,False,0.07521347775638376,1.0000000000000002,1.9999999999999991,0.12669601537754263
noisy,5,0,0,100,20,58,True,False,0.10873024691981059,1.0500000000000003,2.099999999999999,0.13792470130983492
noisy,5,0,0,100,20,59,True,False,0.012920781554603966,0.9500000000000003,1.9000000000000006,0.13412623652257435
noisy,5,0,0,100,20,60,True,False,0.0307297835846998,1.0000000000000002,1.9999999999999991,0.13795024286324778
noisy,5,0,0,100,20,61,True,False,0.0465389531455751,1.0000000000000002,2.0,0.14622670016890563
noisy,5,0,0,100,20,62,True,False,0.08806483450218838,1.0000000000000002,2.0000000000000013,0.13271859553624815
noisy,5,0,0,100,20,63,True,False,0.02830284949664974,1.0000000000000002,1.9999999999999984,0.1387967881804191
noisy,5,0,0,100,20,64,True,False,0.10261491921141674,1.0000000000000002,2.0000000000000004,0.1334972534621338
noisy,5,0,0,100,20,65,True,False,0.0973347095222441,1.0500000000000003,2.0869065826061424,0.14717283219645244
noisy,5,0,0,100,20,66,True,False,0.05831918009740722,1.0000000000000002,1.9786183633262,0.13629870780980083
noisy,5,0,0,100,20,67,True,False,0.025837180545949634,0.9500000000000003,1.8861241057678115,0.12860974410913192
noisy,5,0,0,100,20,68,False,True,-0.001844118414938034,,0.5000000000000003,0.12420650044988522
noisy,5,0,0,100,20,69,True,False,0.07430984591448508,1.0000000000000002,2.0,0.13755487955881493
noisy,5,0,0,100,20,70,True,False,0.13267662127908242,1.0000000000000002,2.000000000000001,0.11186059845544515
noisy,5,0,0,100,20,71,True,False,0.1024124367779502,1.0000000000000002,1.9890293663619278,0.11496167777135491
noisy,5,0,0,100,20,72,True,False,0.07634208448493052,1.0000000000000002,1.9999999999999998,0.1302956118434494
noisy,5,0,0,100,20,73,True,False,0.07842808305709559,1.0500000000000003,2.039667128663385,0.1457067000298725
noisy,5,0,0,100,20,74,True,False,0.05962244174430986,1.0000000000000002,2.0000000000000004,0.15963605496956582
noisy,5,0,0,100,20,75,True,False,0.0691167450886514,1.0000000000000002,1.9999999999999991,0.1292236151082908
noisy,5,0,0,100,20,76,True,False,0.059059768924096145,1.0500000000000003,2.1,0.1472611821614182
noisy,5,0,0,100,20,77,True,False,0.10356788806240247,1.0500000000000003,2.099836685261482,0.1424565566299316
noisy,5,0,0,100,20,78,True,False,0.050825580228173184,1.0000000000000002,1.9749585286331337,0.09530057846397613
noisy,5,0,0,100,20,79,True,False,0.0663152979294317,1.0500000000000003,2.057141678230971,0.13252499190143488
noisy,5,0,0,100,20,80,True,False,0.08636581503159535,1.0500000000000003,2.0999999999999996,0.13717006546750196
noisy,5,0,0,100,20,81,True,False,0.022232767453345792,1.0000000000000002,2.0000000000000004,0.13145041406314284
noisy,5,0,0,100,20,82,True,False,0.09150840753786293,1.0500000000000003,2.0999999999999988,0.14682627160202716
noisy,5,0,0,100,20,83,True,False,0.09592734912097045,1.0000000000000002,1.995195260418448,0.11518807788973175
noisy,5,0,0,100,20,84,True,False,0.08173788641563107,1.0000000000000002,1.9999999999999996,0.13917303324992286
noisy,5,0,0,100,20,85,True,False,0.11356512632860327,1.0500000000000003,2.0527412942904317,0.14402929808279938
noisy,5,0,0,100,20,86,True,False,0.047555104869900555,1.0000000000000002,2.0000000000000004,0.14697344692726003
noisy,5,0,0,100,20,87,True,False,0.12838574625927612,1.0500000000000003,2.04421564110816,0.12413279584133459
noisy,5,0,0,100,20,88,True,False,0.12939084897118014,1.0000000000000002,1.9999999999999996,0.11664107622234428
noisy,5,0,0,100,20,89,True,False,0.0768230402056751,1.0000000000000002,1.952181334127301,0.12408870965629817
noisy,5,0,0,100,20,90,True,False,0.0783211884499948,1.0000000000000002,1.993962352045489,0.16472441815903044
noisy,5,0,0,100,20,91,True,False,0.07738864817022195,1.0500000000000003,2.0617274847073017,0.1264918919843682
noisy,5,0,0,100,20,92,True,False,0.12443568804769534,1.0000000000000002,2.0000000000000004,0.13366148073451897
noisy,5,0,0,100,20,93,True,False,0.04968215644858942,1.0000000000000002,1.9688349081479646,0.12151141799560582
noisy,5,0,0,100,20,94,True,False,0.11602447768208557,1.0500000000000003,2.100000000000001,0.12999634335461255
noisy,5,0,0,100,20,95,True,False,0.13685950636210942,1.0000000000000002,1.9999999999999991,0.14073539750248742
noisy,5,0,0,100,20,96,True,False,0.0717438319496917,1.0000000000000002,1.9693564030930375,0.1329478512055775
noisy,5,0,0,100,20,97,True,False,0.11920638640802794,1.0000000000000002,1.9621501617459527,0.15442312973209804
noisy,5,0,0,100,20,98,True,False,0.053232741754385415,0.9500000000000003,1.9000000000000001,0.12351929581307948
noisy,5,0,0,100,20,99,True,False,0.04265932680028439,1.0000000000000002,1.9999999999999998,0.12749172313420606
noisy,5,0,0,100,20,100,True,False,0.028476186446300344,1.0500000000000003,2.023002590050943,0.14673210322464106
kalman,5,0,0,100,20,1,True,False,0.08962550010631443,1.0000000000000002,1.96998366577907,0.08502720728524692
kalman,5,0,0,100,20,2,True,False,0.08930111121388751,1.0500000000000003,2.029163842803529,0.09360320620561426
kalman,5,0,0,100,20,3,True,False,0.09298354980552248,1.0000000000000002,1.999999999999999,0.11839891597408816
kalman,5,0,0,100,20,4,True,False,0.06962229802476583,1.0000000000000002,1.9999999999999996,0.06931985413220296
kalman,5,0,0,100,20,5,True,False,0.08723002328928953,1.0000000000000002,1.9923542394987594,0.09269242858088853
kalman,5,0,0,100,20,6,True,False,0.03451050833956293,1.0500000000000003,2.0795283124408956,0.10113020999636085
kalman,5,0,0,100,20,7,True,False,0.08789774087640945,1.0000000000000002,1.9777866030679085,0.09825226222872367
kalman,5,0,0,100,20,8,True,False,0.07864029418696128,0.9500000000000003,1.9000000000000001,0.11633875495185796
kalman,5,0,0,100,20,9,True,False,0.08991989894169938,1.0000000000000002,1.9950703403413268,0.07226411370411126
kalman,5,0,0,100,20,10,True,False,0.09748573093225987,1.0000000000000002,1.9999999999999991,0.07155796039467927
kalman,5,0,0,100,20,11,True,False,0.1028323235216606,1.0500000000000003,2.0563092338127205,0.08812704900263589
kalman,5,0,0,100,20,12,True,False,0.06791435884474839,1.0500000000000003,2.1000000000000005,0.07658787102176284
kalman,5,0,0,100,20,13,True,False,0.0494692740633389,1.0000000000000002,1.9990821551635265,0.11039817167409262
kalman,5,0,0,100,20,14,True,False,0.11194373884228637,1.0500000000000003,2.0437742343654732,0.11700774956235807
kalman,5,0,0,100,20,15,True,False,0.04545060515439525,1.0000000000000002,1.9814720014944756,0.09060411688978244
kalman,5,0,0,100,20,16,True,False,0.067673402956965,1.0500000000000003,2.0871512280706015,0.0864394475186061
kalman,5,0,0,100,20,17,True,False,0.15449071429476824,1.0000000000000002,1.9999999999999991,0.10450613934752753
kalman,5,0,0,100,20,18,True,False,0.013947164129359146,1.0000000000000002,1.995434103159261,0.09350330423305056
kalman,5,0,0,100,20,19,True,False,0.04317351770738265,0.9500000000000003,1.9,0.0787721236607358
kalman,5,0,0,100,20,20,True,False,0.07940034308059629,1.0000000000000002,1.9999999999999996,0.0896017581500354
kalman,5,0,0,100,20,21,True,False,0.07334562738240535,1.0500000000000003,2.100000000000001,0.07739768273170776
kalman,5,0,0,100,20,22,True,False,0.033687532761066175,1.0000000000000002,1.9763897239523058,0.11432918676222799
kalman,5,0,0,100,20,23,True,False,0.06986864416352279,1.0000000000000002,1.9465818503026224,0.0833867535588247
kalman,5,0,0,100,20,24,True,False,0.08952584854538026,1.0000000000000002,2.0000000000000013,0.06810885837789563
kalman,5,0,0,100,20,25,True,False,0.036334871754436726,1.0000000000000002,1.98475442603063,0.09797738890523627
kalman,5,0,0,100,20,26,True,False,0.06971212249749881,1.0000000000000002,2.0000000000000018,0.11071937134710783
kalman,5,0,0,100,20,27,True,False,0.12249379489898393,1.0500000000000003,2.068986154866476,0.10362035548115016
kalman,5,0,0,100,20,28,True,False,0.087689304577107,1.0000000000000002,2.0000000000000004,0.06961057953513929
kalman,5,0,0,100,20,29,True,False,0.10438457499565135,1.0500000000000003,2.100000000000001,0.0877939335467397
kalman,5,0,0,100,20,30,True,False,0.05311088393124175,1.0000000000000002,1.9977183136654253,0.07806918665427942
kalman,5,0,0,100,20,31,True,False,0.09359175717118084,1.0500000000000003,2.01424784831455,0.08074724968226522
kalman,5,0,0,100,20,32,True,False,0.05492556501040591,1.0000000000000002,2.0000000000000027,0.06745091240271375
kalman,5,0,0,100,20,33,True,False,0.06711031866655559,1.0000000000000002,2.000000000000002,0.08683750136692475
kalman,5,0,0,100,20,34,True,False,0.09737527956997316,1.0000000000000002,1.9889478913280456,0.06897933332819337
kalman,5,0,0,100,20,35,True,False,0.03889614194365887,1.0000000000000002,2.000000000000001,0.09231725558721528
kalman,5,0,0,100,20,36,True,False,0.0703722184686777,1.0000000000000002,1.9962991639024938,0.08048775820872675
kalman,5,0,0,100,20,37,True,False,0.0831264319148588,1.0000000000000002,2.0000000000000013,0.07265360373175779
kalman,5,0,0,100,20,38,True,False,0.05061737141346323,1.0000000000000002,1.9913092184645556,0.08663619498250373
kalman,5,0,0,100,20,39,True,False,0.08285334635068864,1.0500000000000003,2.1,0.06836578779916146
kalman,5,0,0,100,20,40,True,False,0.10894057519231404,1.0000000000000002,2.0,0.07159105523651926
kalman,5,0,0,100,20,41,True,False,0.08367465785424777,1.0500000000000003,2.1,0.1003478842594199
kalman,5,0,0,100,20,42,True,False,0.11856725646022048,1.0500000000000003,2.0993148083819215,0.08711988648732877
kalman,5,0,0,100,20,43,True,False,0.08960484253327583,1.0000000000000002,2.0,0.08033334397473413
kalman,5,0,0,100,20,44,True,False,0.0898146520721188,1.0500000000000003,2.0999815790372116,0.0804648474302241
kalman,5,0,0,100,20,45,True,False,0.07391887933052921,1.0000000000000002,2.0,0.07708800135875878
kalman,5,0,0,100,20,46,True,False,0.07532488290310035,1.0000000000000002,2.0,0.06483232822987448
kalman,5,0,0,100,20,47,True,False,0.15944309659325095,1.0000000000000002,2.0000000000000013,0.09860468138603051
kalman,5,0,0,100,20,48,True,False,0.04899710601598839,1.0500000000000003,2.0999999999999988,0.08162914519695665
kalman,5,0,0,100,20,49,True,False,0.09743703808678839,1.0500000000000003,2.1000000000000023,0.10150346137590621
kalman,5,0,0,100,20,50,True,False,0.07222873295528354,1.0000000000000002,2.0,0.10560837226549101
kalman,5,0,0,100,20,51,True,False,0.12169186128760856,1.0500000000000003,2.057488036495761,0.08238422611842389
kalman,5,0,0,100,20,52,True,False,0.043370118974606964,1.0000000000000002,2.0000000000000013,0.06704066887747234
kalman,5,0,0,100,20,53,True,False,0.06745695042698219,1.0000000000000002,1.9999999999999996,0.09591627515692713
kalman,5,0,0,100,20,54,True,False,0.08875834180977238,1.0500000000000003,2.071756929480994,0.08624237860069621
kalman,5,0,0,100,20,55,True,False,0.05613766749327409,1.0500000000000003,2.0999999999999996,0.13114446154006393
kalman,5,0,0,100,20,56,True,False,0.03106217602875505,1.0000000000000002,1.9912155998976278,0.09035589198438847
kalman,5,0,0,100,20,57,True,False,0.06926861961183328,1.0000000000000002,1.9999999999999984,0.061905700190153616
kalman,5,0,0,100,20,58,True,False,0.11672152512378675,1.0500000000000003,2.099999999999999,0.08091207095171188
kalman,5,0,0,100,20,59,True,False,0.03831400278022268,0.9500000000000003,1.9000000000000008,0.09432068120066024
kalman,5,0,0,100,20,60,True,False,0.040656800659050196,1.0000000000000002,2.0,0.08153688481910966
kalman,5,0,0,100,20,61,True,False,0.04281935513932433,1.0000000000000002,2.0000000000000004,0.10457350740727285
kalman,5,0,0,100,20,62,True,False,0.09076342056514108,1.0000000000000002,2.0000000000000004,0.08750457863406844
kalman,5,0,0,100,20,63,True,False,0.006443598940993445,1.0000000000000002,2.0000000000000004,0.09277767980233943
kalman,5,0,0,100,20,64,True,False,0.10082732799688254,1.0500000000000003,2.0854907773583493,0.0723297502811906
kalman,5,0,0,100,20,65,True,False,0.10119777428410193,1.0500000000000003,2.098788960131194,0.09818721571351886
kalman,5,0,0,100,20,66,True,False,0.07499439954480591,1.0000000000000002,2.0000000000000013,0.07836127768416634
kalman,5,0,0,100,20,67,True,False,0.020904183683334132,0.9500000000000003,1.9000000000000008,0.09157302710089928
kalman,5,0,0,100,20,68,False,True,-0.0004565767911983709,,0.4989481266063738,0.12149774390220176
kalman,5,0,0,100,20,69,True,False,0.08709291824094367,1.0000000000000002,2.000000000000001,0.08538130855667485
kalman,5,0,0,100,20,70,True,False,0.09923693828179925,1.0500000000000003,2.089684065653213,0.0842912118668025
kalman,5,0,0,100,20,71,True,False,0.09197547182503585,1.0000000000000002,1.999999999999999,0.057307785630483825
kalman,5,0,0,100,20,72,True,False,0.08441536525788962,1.0000000000000002,2.0000000000000013,0.0735824868423608
kalman,5,0,0,100,20,73,True,False,0.07207993497184462,1.0500000000000003,2.100000000000002,0.08100226204439712
kalman,5,0,0,100,20,74,True,False,0.0744916744886921,1.0000000000000002,1.9999999999999991,0.08666751374773315
kalman,5,0,0,100,20,75,True,False,0.06172507322098708,1.0000000000000002,1.9999999999999996,0.06180420398126806
kalman,5,0,0,100,20,76,True,False,0.07504658569355671,1.0500000000000003,2.075424753084688,0.08627049917909231
kalman,5,0,0,100,20,77,True,False,0.12490200816467034,1.0500000000000003,2.062202313055546,0.08184430382925313
kalman,5,0,0,100,20,78,True,False,0.06793776863086598,1.0000000000000002,1.9472523877680696,0.07508371598851515
kalman,5,0,0,100,20,79,True,False,0.06373918028792591,1.0000000000000002,1.9464451659302324,0.08046270297051338
kalman,5,0,0,100,20,80,True,False,0.09692145337298896,1.0500000000000003,2.1,0.09962278735838535
kalman,5,0,0,100,20,81,True,False,0.014117633277398234,1.0000000000000002,1.9999999999999998,0.08550027609849892
kalman,5,0,0,100,20,82,True,False,0.10207188043457593,1.0000000000000002,2.000000000000001,0.087542802801316
kalman,5,0,0,100,20,83,True,False,0.09655947907013229,1.0500000000000003,2.0999999999999988,0.07379802191696744
kalman,5,0,0,100,20,84,True,False,0.07558488186349521,1.0000000000000002,2.0,0.07712447833112411
kalman,5,0,0,100,20,85,True,False,0.10790513579782068,1.0500000000000003,2.0852061122716576,0.09422898871893383
kalman,5,0,0,100,20,86,True,False,0.07656319198331829,1.0000000000000002,1.9999999999999993,0.09015085530106616
kalman,5,0,0,100,20,87,True,False,0.09408091006237695,1.0000000000000002,1.9999999999999991,0.08848535897895812
kalman,5,0,0,100,20,88,True,False,0.11080472044404677,1.0000000000000002,2.0000000000000004,0.06253113209092619
kalman,5,0,0,100,20,89,True,False,0.08207460564290625,1.0000000000000002,1.9721815942414616,0.07485218101330286
kalman,5,0,0,100,20,90,True,False,0.05176194342933327,1.0000000000000002,1.995569870908557,0.10723713076958283
kalman,5,0,0,100,20,91,True,False,0.10028922757585912,1.0500000000000003,2.067573015418394,0.08587789165772697
kalman,5,0,0,100,20,92,True,False,0.14207231084579308,1.0000000000000002,2.0000000000000004,0.0974740592999904
kalman,5,0,0,100,20,93,True,False,0.06377876204606081,1.0500000000000003,2.0810078574813997,0.0745135015916426
kalman,5,0,0,100,20,94,True,False,0.1031374953859805,1.0500000000000003,2.1000000000000014,0.07513562895804489
kalman,5,0,0,100,20,95,True,False,0.10452376228675275,1.0500000000000003,2.1000000000000005,0.08577783157283798
kalman,5,0,0,100,20,96,True,False,0.09896377790668054,1.0000000000000002,1.955239073716328,0.1136308035297739
kalman,5,0,0,100,20,97,True,False,0.1381429964926597,1.0000000000000002,2.000000000000002,0.09211658233227474
kalman,5,0,0,100,20,98,True,False,0.057754816402612486,0.9500000000000003,1.9000000000000004,0.06676583414928668
kalman,5,0,0,100,20,99,True,False,0.06032976543662483,1.0000000000000002,1.999999999999999,0.08068271734296531
kalman,5,0,0,100,20,100,True,False,0.029218987110615213,1.0000000000000002,1.9394443930332672,0.09030036421750039
ground_truth,5,0,0,150,20,1,True,False,0.0932591781715284,0.9500000000000003,1.9,
ground_truth,5,0,0,150,20,2,True,False,0.0932591781715284,0.9500000000000003,1.9,
ground_truth,5,0,0,150,20,3,True,False,0.0932591781715284,0.9500000000000003,1.9,
ground_truth,5,0,0,150,20,4,True,False,0.0932591781715284,0.9500000000000003,1.9,
ground_truth,5,0,0,150,20,5,True,False,0.0932591781715284,0.9500000000000003,1.9,
ground_truth,5,0,0,150,20,6,True,False,0.0932591781715284,0.9500000000000003,1.9,
ground_truth,5,0,0,150,20,7,True,False,0.0932591781715284,0.9500000000000003,1.9,
ground_truth,5,0,0,150,20,8,True,False,0.0932591781715284,0.9500000000000003,1.9,
ground_truth,5,0,0,150,20,9,True,False,0.0932591781715284,0.9500000000000003,1.9,
ground_truth,5,0,0,150,20,10,True,False,0.0932591781715284,0.9500000000000003,1.9,
ground_truth,5,0,0,150,20,11,True,False,0.0932591781715284,0.9500000000000003,1.9,
ground_truth,5,0,0,150,20,12,True,False,0.0932591781715284,0.9500000000000003,1.9,
ground_truth,5,0,0,150,20,13,True,False,0.0932591781715284,0.9500000000000003,1.9,
ground_truth,5,0,0,150,20,14,True,False,0.0932591781715284,0.9500000000000003,1.9,
ground_truth,5,0,0,150,20,15,True,False,0.0932591781715284,0.9500000000000003,1.9,
ground_truth,5,0,0,150,20,16,True,False,0.0932591781715284,0.9500000000000003,1.9,
ground_truth,5,0,0,150,20,17,True,False,0.0932591781715284,0.9500000000000003,1.9,
ground_truth,5,0,0,150,20,18,True,False,0.0932591781715284,0.9500000000000003,1.9,
ground_truth,5,0,0,150,20,19,True,False,0.0932591781715284,0.9500000000000003,1.9,
ground_truth,5,0,0,150,20,20,True,False,0.0932591781715284,0.9500000000000003,1.9,
ground_truth,5,0,0,150,20,21,True,False,0.0932591781715284,0.9500000000000003,1.9,
ground_truth,5,0,0,150,20,22,True,False,0.0932591781715284,0.9500000000000003,1.9,
ground_truth,5,0,0,150,20,23,True,False,0.0932591781715284,0.9500000000000003,1.9,
ground_truth,5,0,0,150,20,24,True,False,0.0932591781715284,0.9500000000000003,1.9,
ground_truth,5,0,0,150,20,25,True,False,0.0932591781715284,0.9500000000000003,1.9,
ground_truth,5,0,0,150,20,26,True,False,0.0932591781715284,0.9500000000000003,1.9,
ground_truth,5,0,0,150,20,27,True,False,0.0932591781715284,0.9500000000000003,1.9,
ground_truth,5,0,0,150,20,28,True,False,0.0932591781715284,0.9500000000000003,1.9,
ground_truth,5,0,0,150,20,29,True,False,0.0932591781715284,0.9500000000000003,1.9,
ground_truth,5,0,0,150,20,30,True,False,0.0932591781715284,0.9500000000000003,1.9,
ground_truth,5,0,0,150,20,31,True,False,0.0932591781715284,0.9500000000000003,1.9,
ground_truth,5,0,0,150,20,32,True,False,0.0932591781715284,0.9500000000000003,1.9,
ground_truth,5,0,0,150,20,33,True,False,0.0932591781715284,0.9500000000000003,1.9,
ground_truth,5,0,0,150,20,34,True,False,0.0932591781715284,0.9500000000000003,1.9,
ground_truth,5,0,0,150,20,35,True,False,0.0932591781715284,0.9500000000000003,1.9,
ground_truth,5,0,0,150,20,36,True,False,0.0932591781715284,0.9500000000000003,1.9,
ground_truth,5,0,0,150,20,37,True,False,0.0932591781715284,0.9500000000000003,1.9,
ground_truth,5,0,0,150,20,38,True,False,0.0932591781715284,0.9500000000000003,1.9,
ground_truth,5,0,0,150,20,39,True,False,0.0932591781715284,0.9500000000000003,1.9,
ground_truth,5,0,0,150,20,40,True,False,0.0932591781715284,0.9500000000000003,1.9,
ground_truth,5,0,0,150,20,41,True,False,0.0932591781715284,0.9500000000000003,1.9,
ground_truth,5,0,0,150,20,42,True,False,0.0932591781715284,0.9500000000000003,1.9,
ground_truth,5,0,0,150,20,43,True,False,0.0932591781715284,0.9500000000000003,1.9,
ground_truth,5,0,0,150,20,44,True,False,0.0932591781715284,0.9500000000000003,1.9,
ground_truth,5,0,0,150,20,45,True,False,0.0932591781715284,0.9500000000000003,1.9,
ground_truth,5,0,0,150,20,46,True,False,0.0932591781715284,0.9500000000000003,1.9,
ground_truth,5,0,0,150,20,47,True,False,0.0932591781715284,0.9500000000000003,1.9,
ground_truth,5,0,0,150,20,48,True,False,0.0932591781715284,0.9500000000000003,1.9,
ground_truth,5,0,0,150,20,49,True,False,0.0932591781715284,0.9500000000000003,1.9,
ground_truth,5,0,0,150,20,50,True,False,0.0932591781715284,0.9500000000000003,1.9,
ground_truth,5,0,0,150,20,51,True,False,0.0932591781715284,0.9500000000000003,1.9,
ground_truth,5,0,0,150,20,52,True,False,0.0932591781715284,0.9500000000000003,1.9,
ground_truth,5,0,0,150,20,53,True,False,0.0932591781715284,0.9500000000000003,1.9,
ground_truth,5,0,0,150,20,54,True,False,0.0932591781715284,0.9500000000000003,1.9,
ground_truth,5,0,0,150,20,55,True,False,0.0932591781715284,0.9500000000000003,1.9,
ground_truth,5,0,0,150,20,56,True,False,0.0932591781715284,0.9500000000000003,1.9,
ground_truth,5,0,0,150,20,57,True,False,0.0932591781715284,0.9500000000000003,1.9,
ground_truth,5,0,0,150,20,58,True,False,0.0932591781715284,0.9500000000000003,1.9,
ground_truth,5,0,0,150,20,59,True,False,0.0932591781715284,0.9500000000000003,1.9,
ground_truth,5,0,0,150,20,60,True,False,0.0932591781715284,0.9500000000000003,1.9,
ground_truth,5,0,0,150,20,61,True,False,0.0932591781715284,0.9500000000000003,1.9,
ground_truth,5,0,0,150,20,62,True,False,0.0932591781715284,0.9500000000000003,1.9,
ground_truth,5,0,0,150,20,63,True,False,0.0932591781715284,0.9500000000000003,1.9,
ground_truth,5,0,0,150,20,64,True,False,0.0932591781715284,0.9500000000000003,1.9,
ground_truth,5,0,0,150,20,65,True,False,0.0932591781715284,0.9500000000000003,1.9,
ground_truth,5,0,0,150,20,66,True,False,0.0932591781715284,0.9500000000000003,1.9,
ground_truth,5,0,0,150,20,67,True,False,0.0932591781715284,0.9500000000000003,1.9,
ground_truth,5,0,0,150,20,68,True,False,0.0932591781715284,0.9500000000000003,1.9,
ground_truth,5,0,0,150,20,69,True,False,0.0932591781715284,0.9500000000000003,1.9,
ground_truth,5,0,0,150,20,70,True,False,0.0932591781715284,0.9500000000000003,1.9,
ground_truth,5,0,0,150,20,71,True,False,0.0932591781715284,0.9500000000000003,1.9,
ground_truth,5,0,0,150,20,72,True,False,0.0932591781715284,0.9500000000000003,1.9,
ground_truth,5,0,0,150,20,73,True,False,0.0932591781715284,0.9500000000000003,1.9,
ground_truth,5,0,0,150,20,74,True,False,0.0932591781715284,0.9500000000000003,1.9,
ground_truth,5,0,0,150,20,75,True,False,0.0932591781715284,0.9500000000000003,1.9,
ground_truth,5,0,0,150,20,76,True,False,0.0932591781715284,0.9500000000000003,1.9,
ground_truth,5,0,0,150,20,77,True,False,0.0932591781715284,0.9500000000000003,1.9,
ground_truth,5,0,0,150,20,78,True,False,0.0932591781715284,0.9500000000000003,1.9,
ground_truth,5,0,0,150,20,79,True,False,0.0932591781715284,0.9500000000000003,1.9,
ground_truth,5,0,0,150,20,80,True,False,0.0932591781715284,0.9500000000000003,1.9,
ground_truth,5,0,0,150,20,81,True,False,0.0932591781715284,0.9500000000000003,1.9,
ground_truth,5,0,0,150,20,82,True,False,0.0932591781715284,0.9500000000000003,1.9,
ground_truth,5,0,0,150,20,83,True,False,0.0932591781715284,0.9500000000000003,1.9,
ground_truth,5,0,0,150,20,84,True,False,0.0932591781715284,0.9500000000000003,1.9,
ground_truth,5,0,0,150,20,85,True,False,0.0932591781715284,0.9500000000000003,1.9,
ground_truth,5,0,0,150,20,86,True,False,0.0932591781715284,0.9500000000000003,1.9,
ground_truth,5,0,0,150,20,87,True,False,0.0932591781715284,0.9500000000000003,1.9,
ground_truth,5,0,0,150,20,88,True,False,0.0932591781715284,0.9500000000000003,1.9,
ground_truth,5,0,0,150,20,89,True,False,0.0932591781715284,0.9500000000000003,1.9,
ground_truth,5,0,0,150,20,90,True,False,0.0932591781715284,0.9500000000000003,1.9,
ground_truth,5,0,0,150,20,91,True,False,0.0932591781715284,0.9500000000000003,1.9,
ground_truth,5,0,0,150,20,92,True,False,0.0932591781715284,0.9500000000000003,1.9,
ground_truth,5,0,0,150,20,93,True,False,0.0932591781715284,0.9500000000000003,1.9,
ground_truth,5,0,0,150,20,94,True,False,0.0932591781715284,0.9500000000000003,1.9,
ground_truth,5,0,0,150,20,95,True,False,0.0932591781715284,0.9500000000000003,1.9,
ground_truth,5,0,0,150,20,96,True,False,0.0932591781715284,0.9500000000000003,1.9,
ground_truth,5,0,0,150,20,97,True,False,0.0932591781715284,0.9500000000000003,1.9,
ground_truth,5,0,0,150,20,98,True,False,0.0932591781715284,0.9500000000000003,1.9,
ground_truth,5,0,0,150,20,99,True,False,0.0932591781715284,0.9500000000000003,1.9,
ground_truth,5,0,0,150,20,100,True,False,0.0932591781715284,0.9500000000000003,1.9,
noisy,5,0,0,150,20,1,True,False,0.06832552180963747,1.0500000000000003,2.025749513355755,0.13721532722888893
noisy,5,0,0,150,20,2,True,False,0.10359271518246338,1.1000000000000003,2.1213259915821703,0.13668985615219326
noisy,5,0,0,150,20,3,True,False,0.11001685777317505,1.0500000000000003,2.0999999999999988,0.17207822373833606
noisy,5,0,0,150,20,4,True,False,0.07003482543362138,1.0000000000000002,1.998072887320636,0.1307918846613899
noisy,5,0,0,150,20,5,True,False,0.07040428838700219,1.0500000000000003,2.0862156906474336,0.13777253134898504
noisy,5,0,0,150,20,6,True,False,0.0004243116122748525,1.0500000000000003,2.0778985657102216,0.13761064691781189
noisy,5,0,0,150,20,7,True,False,0.0841567464195756,1.0500000000000003,2.0783616772013995,0.12548602679795895
noisy,5,0,0,150,20,8,True,False,0.09420084629803016,1.0000000000000002,1.9724327456478872,0.16663593647999259
noisy,5,0,0,150,20,9,True,False,0.05135893794448965,1.0500000000000003,2.0080375723264883,0.13027355346786354
noisy,5,0,0,150,20,10,True,False,0.08152834348644489,1.0500000000000003,2.0986700729507146,0.11732436750782427
noisy,5,0,0,150,20,11,True,False,0.0568944995661016,1.0500000000000003,2.0175511713214522,0.13455385268033557
noisy,5,0,0,150,20,12,True,False,0.04026607438248808,1.0500000000000003,2.1,0.1301980315401057
noisy,5,0,0,150,20,13,True,False,0.039085449646899306,1.0500000000000003,2.099130712966815,0.14681189656696453
noisy,5,0,0,150,20,14,True,False,0.09719838507933054,1.1000000000000003,2.1182147098812876,0.1493747863278709
noisy,5,0,0,150,20,15,True,False,0.09058333606532498,1.0000000000000002,1.9509581292826654,0.13584598941783294
noisy,5,0,0,150,20,16,True,False,0.0528640683930508,1.0500000000000003,2.085712362377634,0.1358865777301072
noisy,5,0,0,150,20,17,True,False,0.11723478531072651,1.0500000000000003,2.0921556649133226,0.1480764048284066
noisy,5,0,0,150,20,18,True,False,0.03986688992488929,1.0500000000000003,2.0553855179824683,0.1454997741107064
noisy,5,0,0,150,20,19,True,False,0.04036382354071533,1.0000000000000002,1.9926241298877116,0.12215346059759527
noisy,5,0,0,150,20,20,True,False,0.06181238431813063,1.0000000000000002,1.9999999999999998,0.16709792368865675
noisy,5,0,0,150,20,21,True,False,0.049241119146273604,1.0500000000000003,2.048798285424136,0.13855578864064388
noisy,5,0,0,150,20,22,True,False,0.05552623855121541,1.0500000000000003,2.1,0.16221942354893357
noisy,5,0,0,150,20,23,True,False,0.07655718885683882,1.0500000000000003,1.9890244651575233,0.14334439614256897
noisy,5,0,0,150,20,24,True,False,0.08316160944217388,1.0000000000000002,2.000000000000001,0.15521189205132999
noisy,5,0,0,150,20,25,True,False,0.05829968544618236,1.0500000000000003,2.070125832121887,0.13430167268768156
noisy,5,0,0,150,20,26,True,False,0.07931970085138218,1.0000000000000002,2.0000000000000013,0.17656387997075557
noisy,5,0,0,150,20,27,True,False,0.08272680221321593,1.1000000000000003,2.141063939218384,0.13460500833394795
noisy,5,0,0,150,20,28,True,False,0.094302448278476,1.0500000000000003,2.0704741452981916,0.1451996424912408
noisy,5,0,0,150,20,29,True,False,0.07741788870742372,1.0500000000000003,2.079005321934882,0.1596703750359035
noisy,5,0,0,150,20,30,True,False,0.05710138829552003,1.0500000000000003,2.012073737712997,0.12328961175811412
noisy,5,0,0,150,20,31,True,False,0.0714231835668071,1.0500000000000003,1.9736306791840614,0.121167410855576
noisy,5,0,0,150,20,32,True,False,0.03304564955453393,1.0500000000000003,2.1000000000000005,0.1434186223103199
noisy,5,0,0,150,20,33,True,False,0.056615804327712294,1.0000000000000002,1.9912119137369486,0.1253610283128857
noisy,5,0,0,150,20,34,True,False,0.08894870447090408,1.0500000000000003,2.0999999999999988,0.12072967168222815
noisy,5,0,0,150,20,35,True,False,0.034256380145566645,1.0500000000000003,2.084054623490539,0.14411997540935603
noisy,5,0,0,150,20,36,True,False,0.06962532615061812,1.0500000000000003,2.081300213535783,0.12591682809040633
noisy,5,0,0,150,20,37,True,False,0.05341241687354881,1.0000000000000002,2.000000000000001,0.1439962902832904
noisy,5,0,0,150,20,38,True,False,0.05384424388212339,1.0500000000000003,2.027182792847842,0.1364292340425537
noisy,5,0,0,150,20,39,True,False,0.04815435637713139,1.1000000000000003,2.179373579825569,0.13194417839483813
noisy,5,0,0,150,20,40,True,False,0.1207255661622939,1.0500000000000003,2.061738036837373,0.13198217451986535
noisy,5,0,0,150,20,41,True,False,0.06262169094211689,1.0500000000000003,2.100000000000001,0.12869253007387246
noisy,5,0,0,150,20,42,True,False,0.10599310197536793,1.0500000000000003,2.0927208145232887,0.12091165057473778
noisy,5,0,0,150,20,43,True,False,0.036825720905864445,1.0000000000000002,1.9999999999999991,0.1317290432806446
noisy,5,0,0,150,20,44,True,False,0.0960719397873071,1.0500000000000003,2.075653323272797,0.13667462637883107
noisy,5,0,0,150,20,45,True,False,0.05290108767641977,1.0000000000000002,2.0000000000000004,0.1222135912496567
noisy,5,0,0,150,20,46,True,False,0.04655342607286084,1.0500000000000003,2.1000000000000005,0.14668198641647426
noisy,5,0,0,150,20,47,True,False,0.14660370959768443,1.0500000000000003,2.1,0.13239369395339357
noisy,5,0,0,150,20,48,False,True,-0.00803421342671995,,0.49999999999999967,0.12883112096681743
noisy,5,0,0,150,20,49,True,False,0.08864595307013512,1.1000000000000003,2.154237317818468,0.13869129845163564
noisy,5,0,0,150,20,50,True,False,0.05881891064833522,1.0500000000000003,2.0701247670445286,0.156486962437425
noisy,5,0,0,150,20,51,True,False,0.11060923326990157,1.1000000000000003,2.103824038019731,0.15800143872487163
noisy,5,0,0,150,20,52,True,False,0.022603119703442198,1.0500000000000003,2.0999999999999988,0.1369275307758321
noisy,5,0,0,150,20,53,True,False,0.07037159430682083,1.0500000000000003,2.1,0.16344454578616627
noisy,5,0,0,150,20,54,True,False,0.09758925661354145,1.0500000000000003,2.025816300937992,0.1290074741438497
noisy,5,0,0,150,20,55,True,False,0.035782424462271756,1.0500000000000003,2.0999999999999996,0.1770851042059706
noisy,5,0,0,150,20,56,True,False,0.020795560407914415,1.0500000000000003,2.0692186230532594,0.13652903518734638
noisy,5,0,0,150,20,57,True,False,0.08160803808979211,1.0500000000000003,2.1000000000000005,0.1331497884848273
noisy,5,0,0,150,20,58,True,False,0.10994816596828016,1.0500000000000003,2.0999999999999996,0.13792470130983492
noisy,5,0,0,150,20,59,True,False,0.022696220820650703,1.0000000000000002,1.9700116730158255,0.1375884117112429
noisy,5,0,0,150,20,60,True,False,0.0496971233331438,1.0000000000000002,1.9999999999999993,0.13795024286324778
noisy,5,0,0,150,20,61,True,False,0.05196362748370831,1.0000000000000002,2.0000000000000004,0.14622670016890563
noisy,5,0,0,150,20,62,True,False,0.09798783714780468,1.0000000000000002,1.9999999999999991,0.13271859553624815
noisy,5,0,0,150,20,63,False,True,-0.05422401215284678,,0.4999999999999998,0.17621945715432927
noisy,5,0,0,150,20,64,True,False,0.1250399691241122,1.0500000000000003,2.0945466492636395,0.1311329967341527
noisy,5,0,0,150,20,65,True,False,0.09136285426993229,1.0500000000000003,2.0985222133773354,0.14717283219645244
noisy,5,0,0,150,20,66,True,False,0.056683405149801525,1.0000000000000002,1.99430002279213,0.13629870780980083
noisy,5,0,0,150,20,67,False,True,-0.0023075840269057846,,0.6000000000000002,0.13118223763394918
noisy,5,0,0,150,20,68,False,True,-0.014245447404480638,,0.5805744484737159,0.12151940987989723
noisy,5,0,0,150,20,69,True,False,0.0901576355820104,1.0000000000000002,1.9978101587632462,0.13755487955881493
noisy,5,0,0,150,20,70,True,False,0.0756093338194943,1.0500000000000003,2.1000000000000005,0.11228783991451446
noisy,5,0,0,150,20,71,True,False,0.07490783326826533,1.0500000000000003,2.076137460872323,0.11232012023797922
noisy,5,0,0,150,20,72,True,False,0.08375541375252826,1.0500000000000003,2.0999999999999996,0.1302892751896999
noisy,5,0,0,150,20,73,True,False,0.02720446370426277,1.1000000000000003,2.157214823828593,0.14330004114316267
noisy,5,0,0,150,20,74,True,False,0.039183691130108,1.0500000000000003,2.0621679586011696,0.15748859297130752
noisy,5,0,0,150,20,75,True,False,0.04310405799070782,1.0500000000000003,2.089504191572041,0.12817149571657913
noisy,5,0,0,150,20,76,True,False,0.02035004930417683,1.0500000000000003,2.1,0.1472611821614182
noisy,5,0,0,150,20,77,True,False,0.12476509397473978,1.0500000000000003,2.029322556092589,0.1424565566299316
noisy,5,0,0,150,20,78,True,False,0.0751544077678854,1.0500000000000003,2.0273119202353227,0.10432156630462266
noisy,5,0,0,150,20,79,True,False,0.05945385286913463,1.0500000000000003,2.0597231811676466,0.13252499190143488
noisy,5,0,0,150,20,80,True,False,0.08441632089774864,1.0500000000000003,2.0999999999999996,0.13717006546750196
noisy,5,0,0,150,20,81,False,True,-0.001387814860720482,,0.5732242378498058,0.13796197889705933
noisy,5,0,0,150,20,82,True,False,0.0867081793262956,1.0500000000000003,2.0999999999999996,0.14682627160202716
noisy,5,0,0,150,20,83,True,False,0.11442512836232432,1.0500000000000003,2.0999999999999996,0.11496473450308961
noisy,5,0,0,150,20,84,True,False,0.05200442617612011,1.0500000000000003,2.100000000000001,0.13934328318994577
noisy,5,0,0,150,20,85,True,False,0.09435669057960405,1.0500000000000003,2.075707884557344,0.14402929808279938
noisy,5,0,0,150,20,86,True,False,0.0808195433535388,1.0000000000000002,1.9869074358251149,0.14697344692726003
noisy,5,0,0,150,20,87,True,False,0.06231572588152168,1.0500000000000003,2.052631670769299,0.12413279584133459
noisy,5,0,0,150,20,88,True,False,0.08648628862382557,1.0500000000000003,2.0895564545818126,0.12128005182178948
noisy,5,0,0,150,20,89,True,False,0.0645595220678763,1.0500000000000003,2.062254976676305,0.12163047562219927
noisy,5,0,0,150,20,90,True,False,0.04624518917732878,1.0000000000000002,2.0,0.16472441815903044
noisy,5,0,0,150,20,91,True,False,0.08736043189666876,1.0500000000000003,2.057441003585548,0.1264918919843682
noisy,5,0,0,150,20,92,True,False,0.15072486876347035,1.0000000000000002,2.0,0.13366148073451897
noisy,5,0,0,150,20,93,True,False,0.05769449672624538,1.0500000000000003,2.039896169766686,0.1307095444358799
noisy,5,0,0,150,20,94,True,False,0.06138338350764361,1.0500000000000003,2.0999999999999996,0.12999634335461255
noisy,5,0,0,150,20,95,True,False,0.07171756059535084,1.0500000000000003,2.0990072871114887,0.14103320973158842
noisy,5,0,0,150,20,96,True,False,0.08439223799822071,1.0500000000000003,2.012021834415309,0.13158130396786288
noisy,5,0,0,150,20,97,True,False,0.12106532935243397,1.0500000000000003,2.069869497836696,0.1526627016786558
noisy,5,0,0,150,20,98,True,False,0.06617832414114533,1.0000000000000002,1.9907111194022185,0.1227455857075474
noisy,5,0,0,150,20,99,True,False,0.05908848452750304,1.0000000000000002,1.9999999999999991,0.12749172313420606
noisy,5,0,0,150,20,100,False,True,-0.00763474384434315,,0.4999999999999998,0.15810743466853255
kalman,5,0,0,150,20,1,True,False,0.09236170126751775,1.0500000000000003,1.9808355297339812,0.08328630036786908
kalman,5,0,0,150,20,2,True,False,0.11331042008772352,1.1000000000000003,2.071569850353424,0.09280597469088636
kalman,5,0,0,150,20,3,True,False,0.10560565604683592,1.0500000000000003,2.1000000000000023,0.1174293404312993
kalman,5,0,0,150,20,4,True,False,0.09642962821011292,1.0000000000000002,1.9999999999999991,0.06931985413220296
kalman,5,0,0,150,20,5,True,False,0.0689725067982665,1.0000000000000002,2.0000000000000004,0.09269242858088853
kalman,5,0,0,150,20,6,True,False,0.002061464468903651,1.1000000000000003,2.1114582436775073,0.09947969473384767
kalman,5,0,0,150,20,7,True,False,0.11090541021324452,1.0500000000000003,2.0488626536758616,0.09655745880212052
kalman,5,0,0,150,20,8,True,False,0.11475722487407136,1.0000000000000002,1.9986323996686826,0.1153714606141318
kalman,5,0,0,150,20,9,True,False,0.040091756282394364,1.0500000000000003,2.0959144566653523,0.07158569644365619
kalman,5,0,0,150,20,10,True,False,0.08408649489775932,1.0500000000000003,2.095318620715609,0.07319662688775358
kalman,5,0,0,150,20,11,True,False,0.07303822782075375,1.0500000000000003,2.0592387793721065,0.08812704900263589
kalman,5,0,0,150,20,12,True,False,0.03632569920833095,1.0500000000000003,2.0863772390107185,0.07658787102176284
kalman,5,0,0,150,20,13,True,False,0.019740105974923372,1.0500000000000003,2.092010356781495,0.10844871504386358
kalman,5,0,0,150,20,14,True,False,0.15719740169327912,1.0500000000000003,2.008648205260771,0.11700774956235807
kalman,5,0,0,150,20,15,True,False,0.08925404506957091,1.0000000000000002,1.9531954239907114,0.09060411688978244
kalman,5,0,0,150,20,16,True,False,0.027886089032805428,1.1000000000000003,2.167865748829497,0.08704107075056791
kalman,5,0,0,150,20,17,True,False,0.13398638582863964,1.0500000000000003,2.100000000000001,0.10342355301867319
kalman,5,0,0,150,20,18,True,False,0.02603535506319643,1.0500000000000003,2.041997256121284,0.09205488458922906
kalman,5,0,0,150,20,19,True,False,0.045749932627487944,1.0000000000000002,1.9870130395351209,0.07817389341211846
kalman,5,0,0,150,20,20,True,False,0.06284883085721082,1.0000000000000002,1.9937515954016027,0.0896017581500354
kalman,5,0,0,150,20,21,True,False,0.03899591023511495,1.0500000000000003,2.0999999999999996,0.07739768273170776
kalman,5,0,0,150,20,22,True,False,0.05220850672271671,1.0500000000000003,2.047846303752706,0.11380107169658243
kalman,5,0,0,150,20,23,True,False,0.08279751993833395,1.0500000000000003,2.0107619382821613,0.08194387352875417
kalman,5,0,0,150,20,24,True,False,0.08666767937556585,1.0000000000000002,1.9999999999999993,0.06810885837789563
kalman,5,0,0,150,20,25,True,False,0.05613011110245103,1.0500000000000003,2.069614609230738,0.0966438653783999
kalman,5,0,0,150,20,26,True,False,0.07646336183898295,1.0000000000000002,2.0000000000000004,0.11071937134710783
kalman,5,0,0,150,20,27,True,False,0.10332299242738396,1.1000000000000003,2.092690931851936,0.1020813932132404
kalman,5,0,0,150,20,28,True,False,0.10082291808801558,1.0500000000000003,2.099999999999999,0.06939453835470544
kalman,5,0,0,150,20,29,True,False,0.07896922569085052,1.0500000000000003,2.1,0.0877939335467397
kalman,5,0,0,150,20,30,True,False,0.07013494081790017,1.0500000000000003,2.0383246676616262,0.07833622061681352
kalman,5,0,0,150,20,31,True,False,0.08062718300655658,1.1000000000000003,2.0573356105884884,0.07945757970274825
kalman,5,0,0,150,20,32,True,False,0.05077857306238576,1.0500000000000003,2.1000000000000014,0.06648435660634819
kalman,5,0,0,150,20,33,True,False,0.08161515793129492,1.0000000000000002,1.9999999999999991,0.08683750136692475
kalman,5,0,0,150,20,34,True,False,0.07751569993690066,1.0500000000000003,2.079189252621128,0.07255047297764355
kalman,5,0,0,150,20,35,True,False,0.040373686014130605,1.0500000000000003,2.0381940352372254,0.09113832264251315
kalman,5,0,0,150,20,36,True,False,0.06712179187342415,1.0500000000000003,2.060325874700214,0.07972848683987727
kalman,5,0,0,150,20,37,True,False,0.09359834140314782,1.0000000000000002,2.0000000000000013,0.07265360373175779
kalman,5,0,0,150,20,38,True,False,0.045248876248131786,1.0500000000000003,2.0201433504211446,0.08571297152413665
kalman,5,0,0,150,20,39,True,False,0.07833564273459626,1.0500000000000003,2.0751789154622213,0.06836578779916146
kalman,5,0,0,150,20,40,True,False,0.1112318060907802,1.0500000000000003,2.0984777359612683,0.07057283342751118
kalman,5,0,0,150,20,41,True,False,0.09376030741631225,1.0500000000000003,2.0999999999999988,0.1003478842594199
kalman,5,0,0,150,20,42,True,False,0.10204275260296836,1.0500000000000003,2.1,0.08711988648732877
kalman,5,0,0,150,20,43,True,False,0.08375220875250688,1.0500000000000003,2.0994516913825643,0.07917954534449809
kalman,5,0,0,150,20,44,True,False,0.06217610449491362,1.1000000000000003,2.191445988957994,0.08250386508475518
kalman,5,0,0,150,20,45,True,False,0.047600844349129146,1.0000000000000002,2.0000000000000013,0.07708800135875878
kalman,5,0,0,150,20,46,True,False,0.051644836744320965,1.0500000000000003,2.099999999999999,0.06334490907455824
kalman,5,0,0,150,20,47,True,False,0.17620021239131223,1.0500000000000003,2.1000000000000005,0.09667836669813773
kalman,5,0,0,150,20,48,False,True,-0.010885677288555717,,0.4999999999999994,0.10720228322020564
kalman,5,0,0,150,20,49,True,False,0.11421154845571446,1.1000000000000003,2.1543127776924793,0.10079867197390856
kalman,5,0,0,150,20,50,True,False,0.06635512658709364,1.0500000000000003,2.0497773123272296,0.10367377715667306
kalman,5,0,0,150,20,51,True,False,0.08296709134870928,1.0500000000000003,2.059180398187269,0.08238422611842389
kalman,5,0,0,150,20,52,True,False,0.04284674284574752,1.0000000000000002,1.989462057454292,0.06704066887747234
kalman,5,0,0,150,20,53,True,False,0.0784604343194264,1.0500000000000003,2.1000000000000014,0.09947983597208497
kalman,5,0,0,150,20,54,True,False,0.07768247358308633,1.0500000000000003,2.0388298838957177,0.08624237860069621
kalman,5,0,0,150,20,55,True,False,0.044212434829806746,1.0500000000000003,2.1000000000000005,0.13114446154006393
kalman,5,0,0,150,20,56,True,False,0.016357022145347955,1.0500000000000003,2.0367814648351312,0.08960495542851835
kalman,5,0,0,150,20,57,True,False,0.06252504906660494,1.0500000000000003,2.098900401091798,0.06293333603451795
kalman,5,0,0,150,20,58,True,False,0.11786988116006625,1.0500000000000003,2.1,0.08091207095171188
kalman,5,0,0,150,20,59,True,False,0.05509966371113628,1.0000000000000002,2.000000000000001,0.09230699779925824
kalman,5,0,0,150,20,60,True,False,0.062202153626787604,1.0000000000000002,2.0000000000000004,0.08153688481910966
kalman,5,0,0,150,20,61,True,False,0.05876823918178742,1.0500000000000003,2.099912929341614,0.1043799079173238
kalman,5,0,0,150,20,62,True,False,0.1104169788809144,1.0500000000000003,2.100000000000001,0.0855307472028898
kalman,5,0,0,150,20,63,False,True,-0.05910249241767174,,0.4999999999999998,0.1381557855528394
kalman,5,0,0,150,20,64,True,False,0.08961045971545611,1.0500000000000003,2.042903798895112,0.0723297502811906
kalman,5,0,0,150,20,65,True,False,0.12535478621681695,1.0500000000000003,2.1,0.09818721571351886
kalman,5,0,0,150,20,66,True,False,0.08919972454402769,1.0500000000000003,2.1000000000000005,0.07712607972037423
kalman,5,0,0,150,20,67,True,False,0.0114421284304147,1.0000000000000002,1.96809154733276,0.08945464944602241
kalman,5,0,0,150,20,68,True,False,0.002499188807684183,1.0500000000000003,2.0240584551056098,0.08255596566942106
kalman,5,0,0,150,20,69,True,False,0.09913448339103748,1.0500000000000003,2.1000000000000005,0.08445795998882237
kalman,5,0,0,150,20,70,True,False,0.07844702164732276,1.0500000000000003,2.0679881544839787,0.0842912118668025
kalman,5,0,0,150,20,71,True,False,0.07239444725352162,1.0500000000000003,2.100000000000001,0.05777624717721784
kalman,5,0,0,150,20,72,True,False,0.098391764951276,1.0500000000000003,2.0999999999999996,0.07417383750061861
kalman,5,0,0,150,20,73,True,False,0.028917941367904154,1.0500000000000003,2.100000000000001,0.08100226204439712
kalman,5,0,0,150,20,74,True,False,0.06937222540191623,1.0500000000000003,2.081561795976655,0.08699885153893439
kalman,5,0,0,150,20,75,True,False,0.04417571856628166,1.0500000000000003,2.0825925808548753,0.06138538315795073
kalman,5,0,0,150,20,76,True,False,0.02032798147495085,1.1000000000000003,2.159071177250558,0.0862064384710172
kalman,5,0,0,150,20,77,True,False,0.15044935765624468,1.1000000000000003,2.088865639271232,0.08274211325698068
kalman,5,0,0,150,20,78,True,False,0.08989302964838886,1.0500000000000003,1.9679595772584322,0.07389848246400961
kalman,5,0,0,150,20,79,True,False,0.08442336052396682,1.0500000000000003,1.9902261788050337,0.07994290263932737
kalman,5,0,0,150,20,80,True,False,0.10808656341149336,1.0500000000000003,2.1000000000000014,0.09962278735838535
kalman,5,0,0,150,20,81,False,True,-0.01621438523185792,,0.5000000000000004,0.11079571430831717
kalman,5,0,0,150,20,82,True,False,0.12248725151739115,1.0500000000000003,2.0999999999999996,0.08688990950830264
kalman,5,0,0,150,20,83,True,False,0.1128946948425873,1.0500000000000003,2.100000000000001,0.07379802191696744
kalman,5,0,0,150,20,84,True,False,0.05742568606649101,1.0500000000000003,2.1000000000000014,0.0764901516657499
kalman,5,0,0,150,20,85,True,False,0.10928511941276398,1.0500000000000003,2.100000000000001,0.09422898871893383
kalman,5,0,0,150,20,86,True,False,0.09679458011800768,1.0500000000000003,2.1,0.08957067747757287
kalman,5,0,0,150,20,87,True,False,0.05981035836682236,1.0500000000000003,2.0999999999999988,0.08745990990404551
kalman,5,0,0,150,20,88,True,False,0.08485692436658243,1.0500000000000003,2.0964415874923734,0.06430942325620904
kalman,5,0,0,150,20,89,True,False,0.0559798007435246,1.0500000000000003,2.055645533044267,0.07442119425453156
kalman,5,0,0,150,20,90,True,False,0.027119842862117327,1.0000000000000002,1.983862321526957,0.10723713076958283
kalman,5,0,0,150,20,91,True,False,0.0913139531088234,1.1000000000000003,2.135595183993121,0.08440711169785865
kalman,5,0,0,150,20,92,True,False,0.17591360475845574,1.0000000000000002,2.0,0.0974740592999904
kalman,5,0,0,150,20,93,True,False,0.06588693350040487,1.0500000000000003,2.010078106479332,0.0745135015916426
kalman,5,0,0,150,20,94,True,False,0.057270163866351975,1.0500000000000003,2.1,0.07513562895804489
kalman,5,0,0,150,20,95,True,False,0.07950846147804902,1.0500000000000003,2.0999999999999996,0.08577783157283798
kalman,5,0,0,150,20,96,True,False,0.11668274838835369,1.0500000000000003,1.9988517053394494,0.11261489225995089
kalman,5,0,0,150,20,97,True,False,0.13400997759439792,1.0500000000000003,2.1000000000000005,0.09383572508296079
kalman,5,0,0,150,20,98,True,False,0.07862568921820179,1.0000000000000002,1.9999999999999991,0.06605844219847573
kalman,5,0,0,150,20,99,True,False,0.07701039080567096,1.0500000000000003,2.0999999999999988,0.07921974530181318
kalman,5,0,0,150,20,100,True,False,0.02257100641349541,1.0500000000000003,1.9856729608924155,0.088417900473416
ground_truth,5,0,0,200,20,1,True,False,0.0932591781715284,0.9500000000000003,1.9,
ground_truth,5,0,0,200,20,2,True,False,0.0932591781715284,0.9500000000000003,1.9,
ground_truth,5,0,0,200,20,3,True,False,0.0932591781715284,0.9500000000000003,1.9,
ground_truth,5,0,0,200,20,4,True,False,0.0932591781715284,0.9500000000000003,1.9,
ground_truth,5,0,0,200,20,5,True,False,0.0932591781715284,0.9500000000000003,1.9,
ground_truth,5,0,0,200,20,6,True,False,0.0932591781715284,0.9500000000000003,1.9,
ground_truth,5,0,0,200,20,7,True,False,0.0932591781715284,0.9500000000000003,1.9,
ground_truth,5,0,0,200,20,8,True,False,0.0932591781715284,0.9500000000000003,1.9,
ground_truth,5,0,0,200,20,9,True,False,0.0932591781715284,0.9500000000000003,1.9,
ground_truth,5,0,0,200,20,10,True,False,0.0932591781715284,0.9500000000000003,1.9,
ground_truth,5,0,0,200,20,11,True,False,0.0932591781715284,0.9500000000000003,1.9,
ground_truth,5,0,0,200,20,12,True,False,0.0932591781715284,0.9500000000000003,1.9,
ground_truth,5,0,0,200,20,13,True,False,0.0932591781715284,0.9500000000000003,1.9,
ground_truth,5,0,0,200,20,14,True,False,0.0932591781715284,0.9500000000000003,1.9,
ground_truth,5,0,0,200,20,15,True,False,0.0932591781715284,0.9500000000000003,1.9,
ground_truth,5,0,0,200,20,16,True,False,0.0932591781715284,0.9500000000000003,1.9,
ground_truth,5,0,0,200,20,17,True,False,0.0932591781715284,0.9500000000000003,1.9,
ground_truth,5,0,0,200,20,18,True,False,0.0932591781715284,0.9500000000000003,1.9,
ground_truth,5,0,0,200,20,19,True,False,0.0932591781715284,0.9500000000000003,1.9,
ground_truth,5,0,0,200,20,20,True,False,0.0932591781715284,0.9500000000000003,1.9,
ground_truth,5,0,0,200,20,21,True,False,0.0932591781715284,0.9500000000000003,1.9,
ground_truth,5,0,0,200,20,22,True,False,0.0932591781715284,0.9500000000000003,1.9,
ground_truth,5,0,0,200,20,23,True,False,0.0932591781715284,0.9500000000000003,1.9,
ground_truth,5,0,0,200,20,24,True,False,0.0932591781715284,0.9500000000000003,1.9,
ground_truth,5,0,0,200,20,25,True,False,0.0932591781715284,0.9500000000000003,1.9,
ground_truth,5,0,0,200,20,26,True,False,0.0932591781715284,0.9500000000000003,1.9,
ground_truth,5,0,0,200,20,27,True,False,0.0932591781715284,0.9500000000000003,1.9,
ground_truth,5,0,0,200,20,28,True,False,0.0932591781715284,0.9500000000000003,1.9,
ground_truth,5,0,0,200,20,29,True,False,0.0932591781715284,0.9500000000000003,1.9,
ground_truth,5,0,0,200,20,30,True,False,0.0932591781715284,0.9500000000000003,1.9,
ground_truth,5,0,0,200,20,31,True,False,0.0932591781715284,0.9500000000000003,1.9,
ground_truth,5,0,0,200,20,32,True,False,0.0932591781715284,0.9500000000000003,1.9,
ground_truth,5,0,0,200,20,33,True,False,0.0932591781715284,0.9500000000000003,1.9,
ground_truth,5,0,0,200,20,34,True,False,0.0932591781715284,0.9500000000000003,1.9,
ground_truth,5,0,0,200,20,35,True,False,0.0932591781715284,0.9500000000000003,1.9,
ground_truth,5,0,0,200,20,36,True,False,0.0932591781715284,0.9500000000000003,1.9,
ground_truth,5,0,0,200,20,37,True,False,0.0932591781715284,0.9500000000000003,1.9,
ground_truth,5,0,0,200,20,38,True,False,0.0932591781715284,0.9500000000000003,1.9,
ground_truth,5,0,0,200,20,39,True,False,0.0932591781715284,0.9500000000000003,1.9,
ground_truth,5,0,0,200,20,40,True,False,0.0932591781715284,0.9500000000000003,1.9,
ground_truth,5,0,0,200,20,41,True,False,0.0932591781715284,0.9500000000000003,1.9,
ground_truth,5,0,0,200,20,42,True,False,0.0932591781715284,0.9500000000000003,1.9,
ground_truth,5,0,0,200,20,43,True,False,0.0932591781715284,0.9500000000000003,1.9,
ground_truth,5,0,0,200,20,44,True,False,0.0932591781715284,0.9500000000000003,1.9,
ground_truth,5,0,0,200,20,45,True,False,0.0932591781715284,0.9500000000000003,1.9,
ground_truth,5,0,0,200,20,46,True,False,0.0932591781715284,0.9500000000000003,1.9,
ground_truth,5,0,0,200,20,47,True,False,0.0932591781715284,0.9500000000000003,1.9,
ground_truth,5,0,0,200,20,48,True,False,0.0932591781715284,0.9500000000000003,1.9,
ground_truth,5,0,0,200,20,49,True,False,0.0932591781715284,0.9500000000000003,1.9,
ground_truth,5,0,0,200,20,50,True,False,0.0932591781715284,0.9500000000000003,1.9,
ground_truth,5,0,0,200,20,51,True,False,0.0932591781715284,0.9500000000000003,1.9,
ground_truth,5,0,0,200,20,52,True,False,0.0932591781715284,0.9500000000000003,1.9,
ground_truth,5,0,0,200,20,53,True,False,0.0932591781715284,0.9500000000000003,1.9,
ground_truth,5,0,0,200,20,54,True,False,0.0932591781715284,0.9500000000000003,1.9,
ground_truth,5,0,0,200,20,55,True,False,0.0932591781715284,0.9500000000000003,1.9,
ground_truth,5,0,0,200,20,56,True,False,0.0932591781715284,0.9500000000000003,1.9,
ground_truth,5,0,0,200,20,57,True,False,0.0932591781715284,0.9500000000000003,1.9,
ground_truth,5,0,0,200,20,58,True,False,0.0932591781715284,0.9500000000000003,1.9,
ground_truth,5,0,0,200,20,59,True,False,0.0932591781715284,0.9500000000000003,1.9,
ground_truth,5,0,0,200,20,60,True,False,0.0932591781715284,0.9500000000000003,1.9,
ground_truth,5,0,0,200,20,61,True,False,0.0932591781715284,0.9500000000000003,1.9,
ground_truth,5,0,0,200,20,62,True,False,0.0932591781715284,0.9500000000000003,1.9,
ground_truth,5,0,0,200,20,63,True,False,0.0932591781715284,0.9500000000000003,1.9,
ground_truth,5,0,0,200,20,64,True,False,0.0932591781715284,0.9500000000000003,1.9,
ground_truth,5,0,0,200,20,65,True,False,0.0932591781715284,0.9500000000000003,1.9,
ground_truth,5,0,0,200,20,66,True,False,0.0932591781715284,0.9500000000000003,1.9,
ground_truth,5,0,0,200,20,67,True,False,0.0932591781715284,0.9500000000000003,1.9,
ground_truth,5,0,0,200,20,68,True,False,0.0932591781715284,0.9500000000000003,1.9,
ground_truth,5,0,0,200,20,69,True,False,0.0932591781715284,0.9500000000000003,1.9,
ground_truth,5,0,0,200,20,70,True,False,0.0932591781715284,0.9500000000000003,1.9,
ground_truth,5,0,0,200,20,71,True,False,0.0932591781715284,0.9500000000000003,1.9,
ground_truth,5,0,0,200,20,72,True,False,0.0932591781715284,0.9500000000000003,1.9,
ground_truth,5,0,0,200,20,73,True,False,0.0932591781715284,0.9500000000000003,1.9,
ground_truth,5,0,0,200,20,74,True,False,0.0932591781715284,0.9500000000000003,1.9,
ground_truth,5,0,0,200,20,75,True,False,0.0932591781715284,0.9500000000000003,1.9,
ground_truth,5,0,0,200,20,76,True,False,0.0932591781715284,0.9500000000000003,1.9,
ground_truth,5,0,0,200,20,77,True,False,0.0932591781715284,0.9500000000000003,1.9,
ground_truth,5,0,0,200,20,78,True,False,0.0932591781715284,0.9500000000000003,1.9,
ground_truth,5,0,0,200,20,79,True,False,0.0932591781715284,0.9500000000000003,1.9,
ground_truth,5,0,0,200,20,80,True,False,0.0932591781715284,0.9500000000000003,1.9,
ground_truth,5,0,0,200,20,81,True,False,0.0932591781715284,0.9500000000000003,1.9,
ground_truth,5,0,0,200,20,82,True,False,0.0932591781715284,0.9500000000000003,1.9,
ground_truth,5,0,0,200,20,83,True,False,0.0932591781715284,0.9500000000000003,1.9,
ground_truth,5,0,0,200,20,84,True,False,0.0932591781715284,0.9500000000000003,1.9,
ground_truth,5,0,0,200,20,85,True,False,0.0932591781715284,0.9500000000000003,1.9,
ground_truth,5,0,0,200,20,86,True,False,0.0932591781715284,0.9500000000000003,1.9,
ground_truth,5,0,0,200,20,87,True,False,0.0932591781715284,0.9500000000000003,1.9,
ground_truth,5,0,0,200,20,88,True,False,0.0932591781715284,0.9500000000000003,1.9,
ground_truth,5,0,0,200,20,89,True,False,0.0932591781715284,0.9500000000000003,1.9,
ground_truth,5,0,0,200,20,90,True,False,0.0932591781715284,0.9500000000000003,1.9,
ground_truth,5,0,0,200,20,91,True,False,0.0932591781715284,0.9500000000000003,1.9,
ground_truth,5,0,0,200,20,92,True,False,0.0932591781715284,0.9500000000000003,1.9,
ground_truth,5,0,0,200,20,93,True,False,0.0932591781715284,0.9500000000000003,1.9,
ground_truth,5,0,0,200,20,94,True,False,0.0932591781715284,0.9500000000000003,1.9,
ground_truth,5,0,0,200,20,95,True,False,0.0932591781715284,0.9500000000000003,1.9,
ground_truth,5,0,0,200,20,96,True,False,0.0932591781715284,0.9500000000000003,1.9,
ground_truth,5,0,0,200,20,97,True,False,0.0932591781715284,0.9500000000000003,1.9,
ground_truth,5,0,0,200,20,98,True,False,0.0932591781715284,0.9500000000000003,1.9,
ground_truth,5,0,0,200,20,99,True,False,0.0932591781715284,0.9500000000000003,1.9,
ground_truth,5,0,0,200,20,100,True,False,0.0932591781715284,0.9500000000000003,1.9,
noisy,5,0,0,200,20,1,True,False,0.067332784426829,1.1000000000000003,2.0630468860197166,0.13521968286193714
noisy,5,0,0,200,20,2,True,False,0.10109024107103992,1.1000000000000003,2.072521122774445,0.13668985615219326
noisy,5,0,0,200,20,3,True,False,0.0867863517706724,1.0500000000000003,2.0999999999999996,0.17207822373833606
noisy,5,0,0,200,20,4,True,False,0.08956046003641549,1.0500000000000003,2.1000000000000005,0.12783879775136525
noisy,5,0,0,200,20,5,True,False,0.07207505911058165,1.0500000000000003,2.099999999999999,0.13777253134898504
noisy,5,0,0,200,20,6,False,True,-0.017831071422316436,,0.46858974175550216,0.14332571607450637
noisy,5,0,0,200,20,7,True,False,0.08836292798511014,1.1000000000000003,2.1487730192482615,0.12642602987953758
noisy,5,0,0,200,20,8,True,False,0.14619966999648515,1.0000000000000002,1.9826675132394842,0.16663593647999259
noisy,5,0,0,200,20,9,True,False,0.03008506535030442,1.1000000000000003,2.060311821861898,0.1288801292903059
noisy,5,0,0,200,20,10,True,False,0.0682068076037432,1.0500000000000003,2.0966364355431546,0.11732436750782427
noisy,5,0,0,200,20,11,True,False,0.03575134363476962,1.1000000000000003,2.086332794881453,0.13220498184164625
noisy,5,0,0,200,20,12,True,False,0.00864651484305301,1.1000000000000003,2.1957398280833833,0.12795370208984125
noisy,5,0,0,200,20,13,True,False,0.023727575295417802,1.0500000000000003,2.075191659650824,0.14681189656696453
noisy,5,0,0,200,20,14,True,False,0.11980117792988887,1.1000000000000003,2.0524689939459306,0.1493747863278709
noisy,5,0,0,200,20,15,True,False,0.1300137975989062,1.0500000000000003,2.0702950495605075,0.13485103857294178
noisy,5,0,0,200,20,16,True,False,0.005855770822461581,1.1000000000000003,2.181635977200158,0.13441258660078959
noisy,5,0,0,200,20,17,True,False,0.10790731100212825,1.0500000000000003,2.099999999999999,0.1480764048284066
noisy,5,0,0,200,20,18,True,False,0.06365337315940134,1.1000000000000003,2.1069302397280065,0.14821930846926543
noisy,5,0,0,200,20,19,True,False,0.033941008145681684,1.0500000000000003,2.032512516269031,0.12012889832050737
noisy,5,0,0,200,20,20,True,False,0.0255850380045497,1.0500000000000003,2.0889577433541815,0.17155465014544327
noisy,5,0,0,200,20,21,True,False,0.02217912318695192,1.1000000000000003,2.12622533245633,0.13551655155705788
noisy,5,0,0,200,20,22,True,False,0.08109112109065308,1.0500000000000003,2.0661104914522186,0.16221942354893357
noisy,5,0,0,200,20,23,True,False,0.03644212211083153,1.1000000000000003,2.1052901051381787,0.14797601777318514
noisy,5,0,0,200,20,24,True,False,0.05203942798879546,1.0500000000000003,2.093045573681245,0.15172526904272193
noisy,5,0,0,200,20,25,True,False,0.04151025916578521,1.1000000000000003,2.1778404313799227,0.13701082746994878
noisy,5,0,0,200,20,26,True,False,0.10674452503165455,1.0000000000000002,1.9987919224518875,0.17656387997075557
noisy,5,0,0,200,20,27,True,False,0.07533873638924304,1.1500000000000004,2.1646503534809627,0.1357001074661007
noisy,5,0,0,200,20,28,True,False,0.0989750599083834,1.1000000000000003,2.1178158395126325,0.14267493756368496
noisy,5,0,0,200,20,29,True,False,0.06470246387293632,1.1000000000000003,2.1695849242734813,0.16071338063614982
noisy,5,0,0,200,20,30,True,False,0.04621778470137872,1.1000000000000003,2.088064547007558,0.1227404423624983
noisy,5,0,0,200,20,31,True,False,0.05989188493538422,1.1000000000000003,2.0091502549674782,0.1227661703291728
noisy,5,0,0,200,20,32,False,True,-0.020773104181175617,,0.5000000000000007,0.12429124833872594
noisy,5,0,0,200,20,33,True,False,0.0791747465443231,1.0500000000000003,2.070055960246066,0.12659482601307528
noisy,5,0,0,200,20,34,True,False,0.08572106835412141,1.0500000000000003,2.0860244864535282,0.12072967168222815
noisy,5,0,0,200,20,35,True,False,0.011136822634956411,1.0500000000000003,2.046802603366759,0.14411997540935603
noisy,5,0,0,200,20,36,True,False,0.07662182833212938,1.1000000000000003,2.1456302498871054,0.12424991854993189
noisy,5,0,0,200,20,37,True,False,0.023312362092633654,1.0500000000000003,2.1000000000000005,0.14988705875348168
noisy,5,0,0,200,20,38,True,False,0.002123020986791291,1.0500000000000003,2.0127926440126225,0.1364292340425537
noisy,5,0,0,200,20,39,True,False,0.05745573223354872,1.1000000000000003,2.1614341814540126,0.13194417839483813
noisy,5,0,0,200,20,40,True,False,0.13890011228411958,1.0500000000000003,2.0354039776961637,0.13198217451986535
noisy,5,0,0,200,20,41,True,False,0.08334429531080167,1.1000000000000003,2.156776428918978,0.1310701672342025
noisy,5,0,0,200,20,42,True,False,0.08593907566832959,1.0500000000000003,2.0999999999999988,0.12091165057473778
noisy,5,0,0,200,20,43,True,False,0.03519669704827022,1.0500000000000003,2.085564251145077,0.12877588501475384
noisy,5,0,0,200,20,44,True,False,0.03204475467306289,1.1000000000000003,2.1829033143131187,0.13656841268983344
noisy,5,0,0,200,20,45,True,False,0.058986561776254165,1.0500000000000003,2.075076508066227,0.11998720283055393
noisy,5,0,0,200,20,46,True,False,0.046343236722391934,1.0500000000000003,2.0974851335223037,0.14668198641647426
noisy,5,0,0,200,20,47,True,False,0.1359754280670742,1.1000000000000003,2.189282816239171,0.13208789195928528
noisy,5,0,0,200,20,48,False,True,-0.00748498213140536,,0.49999999999999967,0.12883112096681743
noisy,5,0,0,200,20,49,True,False,0.06915580284007872,1.1500000000000004,2.2347090181244362,0.13863094806450166
noisy,5,0,0,200,20,50,True,False,0.049846761532133854,1.1000000000000003,2.139818070876453,0.15413097154212232
noisy,5,0,0,200,20,51,True,False,0.0877265200178663,1.1000000000000003,2.06350611537579,0.15800143872487163
noisy,5,0,0,200,20,52,True,False,0.04215233555693243,1.0500000000000003,2.048473064568853,0.1369275307758321
noisy,5,0,0,200,20,53,True,False,0.06367601133405443,1.0500000000000003,2.0997685949454765,0.16344454578616627
noisy,5,0,0,200,20,54,True,False,0.08418818735359634,1.1000000000000003,2.099815039245354,0.12660032646401154
noisy,5,0,0,200,20,55,True,False,0.01947243543716004,1.0500000000000003,2.1000000000000023,0.1770851042059706
noisy,5,0,0,200,20,56,False,True,-0.005064536018915655,,0.4785994679207749,0.15335705321632292
noisy,5,0,0,200,20,57,True,False,0.033714876345804834,1.0500000000000003,2.1000000000000005,0.1331497884848273
noisy,5,0,0,200,20,58,True,False,0.09335641787284743,1.1000000000000003,2.1972834570087905,0.13494252096684026
noisy,5,0,0,200,20,59,True,False,0.0332679145918795,1.0500000000000003,2.0496267532445627,0.13656953436720265
noisy,5,0,0,200,20,60,True,False,0.05928426234403905,1.0500000000000003,2.098424077550382,0.13544323065085642
noisy,5,0,0,200,20,61,True,False,0.06503090611225004,1.0500000000000003,2.091959565976112,0.1511119331227819
noisy,5,0,0,200,20,62,True,False,0.11671730553007897,1.0500000000000003,2.1,0.1323709805846224
noisy,5,0,0,200,20,63,False,True,-0.040470883903119814,,0.48572486627862577,0.17621945715432927
noisy,5,0,0,200,20,64,True,False,0.04979151881600141,1.1000000000000003,2.193506881996932,0.13060279513800116
noisy,5,0,0,200,20,65,True,False,0.11055006759336727,1.1000000000000003,2.1658649124803713,0.14955064459179046
noisy,5,0,0,200,20,66,True,False,0.08117939346556113,1.0500000000000003,2.0819588104451294,0.13711070019647592
noisy,5,0,0,200,20,67,True,False,0.015323134466811217,1.0500000000000003,2.0334079853872775,0.12667934183129503
noisy,5,0,0,200,20,68,False,True,-0.003817518785611984,,0.6157813999620722,0.11980541154727199
noisy,5,0,0,200,20,69,True,False,0.0677147328635157,1.0500000000000003,2.1,0.13852993129759628
noisy,5,0,0,200,20,70,True,False,0.07449094789451483,1.1000000000000003,2.152957875156195,0.11054729415479088
noisy,5,0,0,200,20,71,True,False,0.04624703167986843,1.0500000000000003,2.043126501794816,0.11232012023797922
noisy,5,0,0,200,20,72,True,False,0.0837511172282237,1.0500000000000003,2.0806624720994034,0.1302892751896999
noisy,5,0,0,200,20,73,True,False,0.006753862283897627,1.1000000000000003,2.1371677506601854,0.14330004114316267
noisy,5,0,0,200,20,74,True,False,0.05936878858150907,1.0500000000000003,2.0469255258241823,0.15748859297130752
noisy,5,0,0,200,20,75,True,False,0.03010149764038683,1.1000000000000003,2.1167014539518614,0.12566927471543968
noisy,5,0,0,200,20,76,False,True,-0.03645690858397255,,0.5000000000000007,0.14526137833247
noisy,5,0,0,200,20,77,True,False,0.12492526260093273,1.1000000000000003,2.08452311280766,0.13959607572275942
noisy,5,0,0,200,20,78,True,False,0.0808806070851309,1.1000000000000003,2.0452035338756884,0.10347966231819385
noisy,5,0,0,200,20,79,True,False,0.08447062197270028,1.1000000000000003,2.100200670378427,0.13207902216477282
noisy,5,0,0,200,20,80,True,False,0.0962225206717855,1.1000000000000003,2.198919358833477,0.1377960740316808
noisy,5,0,0,200,20,81,False,True,-0.04670428993466791,,0.4971131583637024,0.13936315155773762
noisy,5,0,0,200,20,82,True,False,0.09051771764923133,1.1000000000000003,2.1966613317052994,0.14489151015273266
noisy,5,0,0,200,20,83,True,False,0.11382995844633115,1.1000000000000003,2.177846163066838,0.11721406933252876
noisy,5,0,0,200,20,84,True,False,0.06953729208906134,1.0500000000000003,2.083894249221817,0.13934328318994577
noisy,5,0,0,200,20,85,True,False,0.09498639186114421,1.1000000000000003,2.1776392212917313,0.15503714887459438
noisy,5,0,0,200,20,86,True,False,0.10238692519668358,1.0500000000000003,2.069318604741091,0.14452929240697912
noisy,5,0,0,200,20,87,True,False,0.020083857010130934,1.0500000000000003,2.0680368985668602,0.12413279584133459
noisy,5,0,0,200,20,88,True,False,0.06281623095290856,1.0500000000000003,2.093432604253917,0.12128005182178948
noisy,5,0,0,200,20,89,True,False,0.043428532319662594,1.0500000000000003,2.06150412130055,0.12163047562219927
noisy,5,0,0,200,20,90,False,True,-0.01766675218778868,,0.5000000000000001,0.1538245493565323
noisy,5,0,0,200,20,91,True,False,0.0835292036329014,1.1000000000000003,2.089733116481578,0.12379064237297335
noisy,5,0,0,200,20,92,True,False,0.19174094745976467,1.0500000000000003,2.0999999999999996,0.132101001923889
noisy,5,0,0,200,20,93,True,False,0.03574774992489771,1.0500000000000003,2.015756855070881,0.1307095444358799
noisy,5,0,0,200,20,94,True,False,0.03000425662507089,1.0500000000000003,2.081719798879477,0.12999634335461255
noisy,5,0,0,200,20,95,True,False,0.04235450085391412,1.0500000000000003,2.1000000000000005,0.14103320973158842
noisy,5,0,0,200,20,96,True,False,0.07461334090014948,1.1000000000000003,2.035700737297969,0.129061062525152
noisy,5,0,0,200,20,97,True,False,0.10475048730899994,1.0500000000000003,2.0717813061353403,0.1526627016786558
noisy,5,0,0,200,20,98,True,False,0.103521201781001,1.0000000000000002,1.9763947324726618,0.1227455857075474
noisy,5,0,0,200,20,99,True,False,0.07541384499636128,1.0500000000000003,2.1,0.12470770017863148
noisy,5,0,0,200,20,100,True,False,0.0009340494830696322,1.1000000000000003,2.0361253276914146,0.14415687285712864
kalman,5,0,0,200,20,1,True,False,0.09404689395008448,1.1000000000000003,2.0043875832802076,0.08163869126246148
kalman,5,0,0,200,20,2,True,False,0.13389498255385512,1.1000000000000003,1.9991299276110073,0.09280597469088636
kalman,5,0,0,200,20,3,True,False,0.11933792141084276,1.0500000000000003,2.1,0.1174293404312993
kalman,5,0,0,200,20,4,True,False,0.08856279265537981,1.0500000000000003,2.0997826302419633,0.06923754032473159
kalman,5,0,0,200,20,5,True,False,0.09256988493780693,1.0500000000000003,2.0978810615402623,0.09376939684327458
kalman,5,0,0,200,20,6,False,True,-0.00021567443687531274,,0.4694976988959782,0.13222467894198642
kalman,5,0,0,200,20,7,True,False,0.11766160709718276,1.0500000000000003,2.035992112828274,0.09655745880212052
kalman,5,0,0,200,20,8,True,False,0.162453436875879,1.0000000000000002,1.9999999999999996,0.1153714606141318
kalman,5,0,0,200,20,9,True,False,0.020650751440667525,1.1000000000000003,2.1351007965449185,0.07014060515218667
kalman,5,0,0,200,20,10,True,False,0.08097960126415904,1.0500000000000003,2.0999999999999996,0.07319662688775358
kalman,5,0,0,200,20,11,True,False,0.05852973441760634,1.1000000000000003,2.113541988410303,0.08681891743257789
kalman,5,0,0,200,20,12,True,False,0.020831662721308986,1.1000000000000003,2.151517295293657,0.07518142002018824
kalman,5,0,0,200,20,13,True,False,0.025847645154420062,1.0500000000000003,2.0525147999890896,0.10844871504386358
kalman,5,0,0,200,20,14,True,False,0.14378933813902717,1.1000000000000003,2.1082062823465435,0.1155519923286615
kalman,5,0,0,200,20,15,True,False,0.14987172650093372,1.0500000000000003,2.0644655770145537,0.08896144765105918
kalman,5,0,0,200,20,16,False,True,-0.013793771111890507,,0.4946629430394772,0.11381241187236486
kalman,5,0,0,200,20,17,True,False,0.11868629310853551,1.0500000000000003,2.100000000000001,0.10342355301867319
kalman,5,0,0,200,20,18,True,False,0.06077125957841423,1.0500000000000003,1.9891039406461204,0.09205488458922906
kalman,5,0,0,200,20,19,True,False,0.046408396643889516,1.0500000000000003,2.0077999654804946,0.07678838679065643
kalman,5,0,0,200,20,20,True,False,0.03617275226236827,1.0500000000000003,2.069185686234076,0.09110672428881013
kalman,5,0,0,200,20,21,True,False,0.020980715710350983,1.1000000000000003,2.199073305076607,0.07584166678603646
kalman,5,0,0,200,20,22,True,False,0.10536775355601402,1.0500000000000003,2.0110169816747194,0.11380107169658243
kalman,5,0,0,200,20,23,True,False,0.08584862842019048,1.1000000000000003,2.067172663108596,0.08113786093469313
kalman,5,0,0,200,20,24,True,False,0.0627633901513105,1.0500000000000003,2.092882885788117,0.06958876454885973
kalman,5,0,0,200,20,25,True,False,0.07798437774301958,1.0500000000000003,2.0772549252128156,0.0966438653783999
kalman,5,0,0,200,20,26,True,False,0.10341313334415658,1.0500000000000003,2.0942821480657847,0.10817994975773483
kalman,5,0,0,200,20,27,True,False,0.09750356381198477,1.1500000000000004,2.111594229256446,0.1002179752140222
kalman,5,0,0,200,20,28,True,False,0.10825669029307528,1.1000000000000003,2.138586951370005,0.06840082948984112
kalman,5,0,0,200,20,29,True,False,0.07598403353452365,1.1000000000000003,2.170689946995798,0.08707486500987051
kalman,5,0,0,200,20,30,True,False,0.07716909294045293,1.1000000000000003,2.109161215408969,0.07688045732109025
kalman,5,0,0,200,20,31,True,False,0.08284040558683992,1.1000000000000003,1.984372936380837,0.07945757970274825
kalman,5,0,0,200,20,32,False,True,-0.005862614543811651,,0.5000000000000007,0.0814232483249174
kalman,5,0,0,200,20,33,True,False,0.09436985805325904,1.0500000000000003,2.100000000000001,0.08645703911527289
kalman,5,0,0,200,20,34,True,False,0.07539549389538891,1.0500000000000003,2.0655769014987877,0.07255047297764355
kalman,5,0,0,200,20,35,True,False,0.04127136728796277,1.1000000000000003,2.067154795177607,0.09015433936873023
kalman,5,0,0,200,20,36,True,False,0.08757364195228945,1.1000000000000003,2.1160346060602957,0.07865429627654852
kalman,5,0,0,200,20,37,True,False,0.04328801241121916,1.0500000000000003,2.0999999999999996,0.0718603065405457
kalman,5,0,0,200,20,38,True,False,0.03630731253061792,1.0500000000000003,1.9709395702633294,0.08571297152413665
kalman,5,0,0,200,20,39,True,False,0.09857654036584251,1.1000000000000003,2.1498627815045865,0.06905997845096068
kalman,5,0,0,200,20,40,True,False,0.11311182337473458,1.0500000000000003,2.0977402782981924,0.07057283342751118
kalman,5,0,0,200,20,41,True,False,0.07941559913452179,1.1000000000000003,2.1567764289189784,0.0991651139584317
kalman,5,0,0,200,20,42,True,False,0.0722454959113048,1.1000000000000003,2.1993485420332304,0.08554061772085349
kalman,5,0,0,200,20,43,True,False,0.08669819539730583,1.0500000000000003,2.1,0.07917954534449809
kalman,5,0,0,200,20,44,True,False,0.03207076944096077,1.1000000000000003,2.185202583386884,0.08250386508475518
kalman,5,0,0,200,20,45,True,False,0.05191079271142196,1.0500000000000003,2.0879163740216793,0.07560970519733137
kalman,5,0,0,200,20,46,True,False,0.034338432144959574,1.1000000000000003,2.199999999999998,0.06221237777632571
kalman,5,0,0,200,20,47,True,False,0.1359754280670742,1.1000000000000003,2.1925713079152627,0.09531068987841379
kalman,5,0,0,200,20,48,False,True,-0.02607777504062403,,0.4999999999999998,0.10720228322020564
kalman,5,0,0,200,20,49,True,False,0.11342162793894062,1.1500000000000004,2.2334114635543543,0.09889350243760797
kalman,5,0,0,200,20,50,True,False,0.07926526230525166,1.1000000000000003,2.098388385924407,0.10163808347641454
kalman,5,0,0,200,20,51,True,False,0.08401199269142645,1.1000000000000003,2.1460439262124726,0.08236582929213274
kalman,5,0,0,200,20,52,True,False,0.06695620096476462,1.0500000000000003,2.0319271612995884,0.06641507046699271
kalman,5,0,0,200,20,53,True,False,0.09761688069988339,1.0500000000000003,2.0999999999999996,0.09947983597208497
kalman,5,0,0,200,20,54,True,False,0.05966988008723395,1.1000000000000003,2.143560229587421,0.08446399941849389
kalman,5,0,0,200,20,55,True,False,0.030366769760763468,1.0500000000000003,2.0999999999999996,0.13114446154006393
kalman,5,0,0,200,20,56,True,False,0.003681570651693944,1.1000000000000003,2.0662569150996397,0.08952031744411015
kalman,5,0,0,200,20,57,True,False,0.033673216363859115,1.1000000000000003,2.184357402010786,0.06509428236577529
kalman,5,0,0,200,20,58,True,False,0.1260945488076548,1.1000000000000003,2.1972834570087905,0.08075102615705197
kalman,5,0,0,200,20,59,True,False,0.05651907961953673,1.0500000000000003,2.093106364022311,0.09087418943388678
kalman,5,0,0,200,20,60,True,False,0.10167550195158848,1.0500000000000003,2.095543662434845,0.07996669731465368
kalman,5,0,0,200,20,61,True,False,0.08152399219634132,1.0500000000000003,2.1000000000000005,0.1043799079173238
kalman,5,0,0,200,20,62,True,False,0.1342973273203374,1.0500000000000003,2.1000000000000005,0.0855307472028898
kalman,5,0,0,200,20,63,False,True,-0.023964622713474215,,0.4865875406832002,0.1381557855528394
kalman,5,0,0,200,20,64,True,False,0.04981209127667663,1.1000000000000003,2.1318635950502913,0.07243769364951816
kalman,5,0,0,200,20,65,True,False,0.1473756107314972,1.1000000000000003,2.1658649124803686,0.09798315299873347
kalman,5,0,0,200,20,66,True,False,0.11885232058158235,1.0500000000000003,2.099999999999999,0.07712607972037423
kalman,5,0,0,200,20,67,True,False,0.03262359245118196,1.0500000000000003,1.9929988922124275,0.08829943314601386
kalman,5,0,0,200,20,68,True,False,0.008867985753011176,1.1000000000000003,2.0374061143173114,0.0812136581885409
kalman,5,0,0,200,20,69,True,False,0.09300418440249847,1.0500000000000003,2.0999999999999983,0.08445795998882237
kalman,5,0,0,200,20,70,True,False,0.08841296989861358,1.1000000000000003,2.117103754157622,0.08296495371278795
kalman,5,0,0,200,20,71,True,False,0.053432983200198736,1.1000000000000003,2.1625171975664848,0.05869752822465292
kalman,5,0,0,200,20,72,True,False,0.12375007310554009,1.1000000000000003,2.180662472099403,0.07278134303579842
kalman,5,0,0,200,20,73,True,False,0.01749896839899656,1.1000000000000003,2.168882003055916,0.08151035531971747
kalman,5,0,0,200,20,74,True,False,0.08683020135562991,1.0500000000000003,2.077038282431583,0.08699885153893439
kalman,5,0,0,200,20,75,True,False,0.03145860616691554,1.1000000000000003,2.1112915062677047,0.060909970208781125
kalman,5,0,0,200,20,76,False,True,-0.03431606581833191,,0.5000000000000004,0.11306550787152922
kalman,5,0,0,200,20,77,True,False,0.13802474257079078,1.1000000000000003,2.0666924507939504,0.08274211325698068
kalman,5,0,0,200,20,78,True,False,0.10814053131924295,1.1000000000000003,1.9825263494875007,0.07236242981624989
kalman,5,0,0,200,20,79,True,False,0.10835199626290293,1.1000000000000003,2.0355981572589803,0.07889343359436507
kalman,5,0,0,200,20,80,True,False,0.12832229180980992,1.1000000000000003,2.2000000000000006,0.09813890705760349
kalman,5,0,0,200,20,81,False,True,-0.032956831197675784,,0.497131688837283,0.11079571430831717
kalman,5,0,0,200,20,82,True,False,0.11422699670845793,1.1000000000000003,2.194927831820958,0.08532875725807132
kalman,5,0,0,200,20,83,True,False,0.11194974978424721,1.1000000000000003,2.182060343552059,0.0728326236561369
kalman,5,0,0,200,20,84,True,False,0.07526185456115897,1.0500000000000003,2.0894314821311477,0.0764901516657499
kalman,5,0,0,200,20,85,True,False,0.11859457411701602,1.1000000000000003,2.179451554414959,0.09737058615583533
kalman,5,0,0,200,20,86,True,False,0.10116069837402919,1.0500000000000003,2.0788038272840117,0.08957067747757287
kalman,5,0,0,200,20,87,True,False,0.010328474724488501,1.0500000000000003,2.099999999999999,0.08745990990404551
kalman,5,0,0,200,20,88,True,False,0.06788621049826626,1.0500000000000003,2.0999999999999988,0.06430942325620904
kalman,5,0,0,200,20,89,True,False,0.048792822976571504,1.0500000000000003,2.020462035138264,0.07442119425453156
kalman,5,0,0,200,20,90,True,False,0.005278019786486787,1.0500000000000003,2.067914547172671,0.10498079187516539
kalman,5,0,0,200,20,91,True,False,0.08802655519160751,1.1500000000000004,2.157940297059367,0.08274938075902713
kalman,5,0,0,200,20,92,True,False,0.21743995223778723,1.0500000000000003,2.099999999999999,0.09589642805271484
kalman,5,0,0,200,20,93,True,False,0.054502838884918914,1.1000000000000003,2.0730648057378565,0.07541472238796922
kalman,5,0,0,200,20,94,True,False,0.0378405686044192,1.1000000000000003,2.160863258025933,0.07521263441173873
kalman,5,0,0,200,20,95,True,False,0.05822346039188053,1.0500000000000003,2.099999999999999,0.08577783157283798
kalman,5,0,0,200,20,96,True,False,0.1089480455905758,1.1000000000000003,2.0186773445971102,0.11139771997925499
kalman,5,0,0,200,20,97,True,False,0.11446530368674557,1.1000000000000003,2.2000000000000006,0.09493580559916921
kalman,5,0,0,200,20,98,True,False,0.10603935285793176,1.0000000000000002,1.9821060553858711,0.06605844219847573
kalman,5,0,0,200,20,99,True,False,0.07945974100414865,1.0500000000000003,2.1000000000000005,0.07921974530181318
kalman,5,0,0,200,20,100,True,False,0.03410809298852757,1.1000000000000003,2.032571876257871,0.08666581598165059
