mode,pixel_noise_std,blur_kernel_size,occlusion_percentage,latency_ms,camera_fps,rng_seed,goal_reached,collision,minimum_clearance,convergence_time,path_length,localization_rmse
ground_truth,0,0,0,0,20,1,True,False,0.0932591781715284,0.9500000000000003,1.9,
ground_truth,0,0,0,0,20,2,True,False,0.0932591781715284,0.9500000000000003,1.9,
ground_truth,0,0,0,0,20,3,True,False,0.0932591781715284,0.9500000000000003,1.9,
ground_truth,0,0,0,0,20,4,True,False,0.0932591781715284,0.9500000000000003,1.9,
ground_truth,0,0,0,0,20,5,True,False,0.0932591781715284,0.9500000000000003,1.9,
ground_truth,0,0,0,0,20,6,True,False,0.0932591781715284,0.9500000000000003,1.9,
ground_truth,0,0,0,0,20,7,True,False,0.0932591781715284,0.9500000000000003,1.9,
ground_truth,0,0,0,0,20,8,True,False,0.0932591781715284,0.9500000000000003,1.9,
ground_truth,0,0,0,0,20,9,True,False,0.0932591781715284,0.9500000000000003,1.9,
ground_truth,0,0,0,0,20,10,True,False,0.0932591781715284,0.9500000000000003,1.9,
ground_truth,0,0,0,0,20,11,True,False,0.0932591781715284,0.9500000000000003,1.9,
ground_truth,0,0,0,0,20,12,True,False,0.0932591781715284,0.9500000000000003,1.9,
ground_truth,0,0,0,0,20,13,True,False,0.0932591781715284,0.9500000000000003,1.9,
ground_truth,0,0,0,0,20,14,True,False,0.0932591781715284,0.9500000000000003,1.9,
ground_truth,0,0,0,0,20,15,True,False,0.0932591781715284,0.9500000000000003,1.9,
ground_truth,0,0,0,0,20,16,True,False,0.0932591781715284,0.9500000000000003,1.9,
ground_truth,0,0,0,0,20,17,True,False,0.0932591781715284,0.9500000000000003,1.9,
ground_truth,0,0,0,0,20,18,True,False,0.0932591781715284,0.9500000000000003,1.9,
ground_truth,0,0,0,0,20,19,True,False,0.0932591781715284,0.9500000000000003,1.9,
ground_truth,0,0,0,0,20,20,True,False,0.0932591781715284,0.9500000000000003,1.9,
ground_truth,0,0,0,0,20,21,True,False,0.0932591781715284,0.9500000000000003,1.9,
ground_truth,0,0,0,0,20,22,True,False,0.0932591781715284,0.9500000000000003,1.9,
ground_truth,0,0,0,0,20,23,True,False,0.0932591781715284,0.9500000000000003,1.9,
ground_truth,0,0,0,0,20,24,True,False,0.0932591781715284,0.9500000000000003,1.9,
ground_truth,0,0,0,0,20,25,True,False,0.0932591781715284,0.9500000000000003,1.9,
ground_truth,0,0,0,0,20,26,True,False,0.0932591781715284,0.9500000000000003,1.9,
ground_truth,0,0,0,0,20,27,True,False,0.0932591781715284,0.9500000000000003,1.9,
ground_truth,0,0,0,0,20,28,True,False,0.0932591781715284,0.9500000000000003,1.9,
ground_truth,0,0,0,0,20,29,True,False,0.0932591781715284,0.9500000000000003,1.9,
ground_truth,0,0,0,0,20,30,True,False,0.0932591781715284,0.9500000000000003,1.9,
ground_truth,0,0,0,0,20,31,True,False,0.0932591781715284,0.9500000000000003,1.9,
ground_truth,0,0,0,0,20,32,True,False,0.0932591781715284,0.9500000000000003,1.9,
ground_truth,0,0,0,0,20,33,True,False,0.0932591781715284,0.9500000000000003,1.9,
ground_truth,0,0,0,0,20,34,True,False,0.0932591781715284,0.9500000000000003,1.9,
ground_truth,0,0,0,0,20,35,True,False,0.0932591781715284,0.9500000000000003,1.9,
ground_truth,0,0,0,0,20,36,True,False,0.0932591781715284,0.9500000000000003,1.9,
ground_truth,0,0,0,0,20,37,True,False,0.0932591781715284,0.9500000000000003,1.9,
ground_truth,0,0,0,0,20,38,True,False,0.0932591781715284,0.9500000000000003,1.9,
ground_truth,0,0,0,0,20,39,True,False,0.0932591781715284,0.9500000000000003,1.9,
ground_truth,0,0,0,0,20,40,True,False,0.0932591781715284,0.9500000000000003,1.9,
ground_truth,0,0,0,0,20,41,True,False,0.0932591781715284,0.9500000000000003,1.9,
ground_truth,0,0,0,0,20,42,True,False,0.0932591781715284,0.9500000000000003,1.9,
ground_truth,0,0,0,0,20,43,True,False,0.0932591781715284,0.9500000000000003,1.9,
ground_truth,0,0,0,0,20,44,True,False,0.0932591781715284,0.9500000000000003,1.9,
ground_truth,0,0,0,0,20,45,True,False,0.0932591781715284,0.9500000000000003,1.9,
ground_truth,0,0,0,0,20,46,True,False,0.0932591781715284,0.9500000000000003,1.9,
ground_truth,0,0,0,0,20,47,True,False,0.0932591781715284,0.9500000000000003,1.9,
ground_truth,0,0,0,0,20,48,True,False,0.0932591781715284,0.9500000000000003,1.9,
ground_truth,0,0,0,0,20,49,True,False,0.0932591781715284,0.9500000000000003,1.9,
ground_truth,0,0,0,0,20,50,True,False,0.0932591781715284,0.9500000000000003,1.9,
ground_truth,0,0,0,0,20,51,True,False,0.0932591781715284,0.9500000000000003,1.9,
ground_truth,0,0,0,0,20,52,True,False,0.0932591781715284,0.9500000000000003,1.9,
ground_truth,0,0,0,0,20,53,True,False,0.0932591781715284,0.9500000000000003,1.9,
ground_truth,0,0,0,0,20,54,True,False,0.0932591781715284,0.9500000000000003,1.9,
ground_truth,0,0,0,0,20,55,True,False,0.0932591781715284,0.9500000000000003,1.9,
ground_truth,0,0,0,0,20,56,True,False,0.0932591781715284,0.9500000000000003,1.9,
ground_truth,0,0,0,0,20,57,True,False,0.0932591781715284,0.9500000000000003,1.9,
ground_truth,0,0,0,0,20,58,True,False,0.0932591781715284,0.9500000000000003,1.9,
ground_truth,0,0,0,0,20,59,True,False,0.0932591781715284,0.9500000000000003,1.9,
ground_truth,0,0,0,0,20,60,True,False,0.0932591781715284,0.9500000000000003,1.9,
ground_truth,0,0,0,0,20,61,True,False,0.0932591781715284,0.9500000000000003,1.9,
ground_truth,0,0,0,0,20,62,True,False,0.0932591781715284,0.9500000000000003,1.9,
ground_truth,0,0,0,0,20,63,True,False,0.0932591781715284,0.9500000000000003,1.9,
ground_truth,0,0,0,0,20,64,True,False,0.0932591781715284,0.9500000000000003,1.9,
ground_truth,0,0,0,0,20,65,True,False,0.0932591781715284,0.9500000000000003,1.9,
ground_truth,0,0,0,0,20,66,True,False,0.0932591781715284,0.9500000000000003,1.9,
ground_truth,0,0,0,0,20,67,True,False,0.0932591781715284,0.9500000000000003,1.9,
ground_truth,0,0,0,0,20,68,True,False,0.0932591781715284,0.9500000000000003,1.9,
ground_truth,0,0,0,0,20,69,True,False,0.0932591781715284,0.9500000000000003,1.9,
ground_truth,0,0,0,0,20,70,True,False,0.0932591781715284,0.9500000000000003,1.9,
ground_truth,0,0,0,0,20,71,True,False,0.0932591781715284,0.9500000000000003,1.9,
ground_truth,0,0,0,0,20,72,True,False,0.0932591781715284,0.9500000000000003,1.9,
ground_truth,0,0,0,0,20,73,True,False,0.0932591781715284,0.9500000000000003,1.9,
ground_truth,0,0,0,0,20,74,True,False,0.0932591781715284,0.9500000000000003,1.9,
ground_truth,0,0,0,0,20,75,True,False,0.0932591781715284,0.9500000000000003,1.9,
ground_truth,0,0,0,0,20,76,True,False,0.0932591781715284,0.9500000000000003,1.9,
ground_truth,0,0,0,0,20,77,True,False,0.0932591781715284,0.9500000000000003,1.9,
ground_truth,0,0,0,0,20,78,True,False,0.0932591781715284,0.9500000000000003,1.9,
ground_truth,0,0,0,0,20,79,True,False,0.0932591781715284,0.9500000000000003,1.9,
ground_truth,0,0,0,0,20,80,True,False,0.0932591781715284,0.9500000000000003,1.9,
ground_truth,0,0,0,0,20,81,True,False,0.0932591781715284,0.9500000000000003,1.9,
ground_truth,0,0,0,0,20,82,True,False,0.0932591781715284,0.9500000000000003,1.9,
ground_truth,0,0,0,0,20,83,True,False,0.0932591781715284,0.9500000000000003,1.9,
ground_truth,0,0,0,0,20,84,True,False,0.0932591781715284,0.9500000000000003,1.9,
ground_truth,0,0,0,0,20,85,True,False,0.0932591781715284,0.9500000000000003,1.9,
ground_truth,0,0,0,0,20,86,True,False,0.0932591781715284,0.9500000000000003,1.9,
ground_truth,0,0,0,0,20,87,True,False,0.0932591781715284,0.9500000000000003,1.9,
ground_truth,0,0,0,0,20,88,True,False,0.0932591781715284,0.9500000000000003,1.9,
ground_truth,0,0,0,0,20,89,True,False,0.0932591781715284,0.9500000000000003,1.9,
ground_truth,0,0,0,0,20,90,True,False,0.0932591781715284,0.9500000000000003,1.9,
ground_truth,0,0,0,0,20,91,True,False,0.0932591781715284,0.9500000000000003,1.9,
ground_truth,0,0,0,0,20,92,True,False,0.0932591781715284,0.9500000000000003,1.9,
ground_truth,0,0,0,0,20,93,True,False,0.0932591781715284,0.9500000000000003,1.9,
ground_truth,0,0,0,0,20,94,True,False,0.0932591781715284,0.9500000000000003,1.9,
ground_truth,0,0,0,0,20,95,True,False,0.0932591781715284,0.9500000000000003,1.9,
ground_truth,0,0,0,0,20,96,True,False,0.0932591781715284,0.9500000000000003,1.9,
ground_truth,0,0,0,0,20,97,True,False,0.0932591781715284,0.9500000000000003,1.9,
ground_truth,0,0,0,0,20,98,True,False,0.0932591781715284,0.9500000000000003,1.9,
ground_truth,0,0,0,0,20,99,True,False,0.0932591781715284,0.9500000000000003,1.9,
ground_truth,0,0,0,0,20,100,True,False,0.0932591781715284,0.9500000000000003,1.9,
noisy,0,0,0,0,20,1,True,False,0.09326063756103387,0.9500000000000003,1.899999999999999,0.0
noisy,0,0,0,0,20,2,True,False,0.09326063756103387,0.9500000000000003,1.899999999999999,0.0
noisy,0,0,0,0,20,3,True,False,0.09326063756103387,0.9500000000000003,1.899999999999999,0.0
noisy,0,0,0,0,20,4,True,False,0.09326063756103387,0.9500000000000003,1.899999999999999,0.0
noisy,0,0,0,0,20,5,True,False,0.09326063756103387,0.9500000000000003,1.899999999999999,0.0
noisy,0,0,0,0,20,6,True,False,0.09326063756103387,0.9500000000000003,1.899999999999999,0.0
noisy,0,0,0,0,20,7,True,False,0.09326063756103387,0.9500000000000003,1.899999999999999,0.0
noisy,0,0,0,0,20,8,True,False,0.09326063756103387,0.9500000000000003,1.899999999999999,0.0
noisy,0,0,0,0,20,9,True,False,0.09326063756103387,0.9500000000000003,1.899999999999999,0.0
noisy,0,0,0,0,20,10,True,False,0.09326063756103387,0.9500000000000003,1.899999999999999,0.0
noisy,0,0,0,0,20,11,True,False,0.09326063756103387,0.9500000000000003,1.899999999999999,0.0
noisy,0,0,0,0,20,12,True,False,0.09326063756103387,0.9500000000000003,1.899999999999999,0.0
noisy,0,0,0,0,20,13,True,False,0.09326063756103387,0.9500000000000003,1.899999999999999,0.0
noisy,0,0,0,0,20,14,True,False,0.09326063756103387,0.9500000000000003,1.899999999999999,0.0
noisy,0,0,0,0,20,15,True,False,0.09326063756103387,0.9500000000000003,1.899999999999999,0.0
noisy,0,0,0,0,20,16,True,False,0.09326063756103387,0.9500000000000003,1.899999999999999,0.0
noisy,0,0,0,0,20,17,True,False,0.09326063756103387,0.9500000000000003,1.899999999999999,0.0
noisy,0,0,0,0,20,18,True,False,0.09326063756103387,0.9500000000000003,1.899999999999999,0.0
noisy,0,0,0,0,20,19,True,False,0.09326063756103387,0.9500000000000003,1.899999999999999,0.0
noisy,0,0,0,0,20,20,True,False,0.09326063756103387,0.9500000000000003,1.899999999999999,0.0
noisy,0,0,0,0,20,21,True,False,0.09326063756103387,0.9500000000000003,1.899999999999999,0.0
noisy,0,0,0,0,20,22,True,False,0.09326063756103387,0.9500000000000003,1.899999999999999,0.0
noisy,0,0,0,0,20,23,True,False,0.09326063756103387,0.9500000000000003,1.899999999999999,0.0
noisy,0,0,0,0,20,24,True,False,0.09326063756103387,0.9500000000000003,1.899999999999999,0.0
noisy,0,0,0,0,20,25,True,False,0.09326063756103387,0.9500000000000003,1.899999999999999,0.0
noisy,0,0,0,0,20,26,True,False,0.09326063756103387,0.9500000000000003,1.899999999999999,0.0
noisy,0,0,0,0,20,27,True,False,0.09326063756103387,0.9500000000000003,1.899999999999999,0.0
noisy,0,0,0,0,20,28,True,False,0.09326063756103387,0.9500000000000003,1.899999999999999,0.0
noisy,0,0,0,0,20,29,True,False,0.09326063756103387,0.9500000000000003,1.899999999999999,0.0
noisy,0,0,0,0,20,30,True,False,0.09326063756103387,0.9500000000000003,1.899999999999999,0.0
noisy,0,0,0,0,20,31,True,False,0.09326063756103387,0.9500000000000003,1.899999999999999,0.0
noisy,0,0,0,0,20,32,True,False,0.09326063756103387,0.9500000000000003,1.899999999999999,0.0
noisy,0,0,0,0,20,33,True,False,0.09326063756103387,0.9500000000000003,1.899999999999999,0.0
noisy,0,0,0,0,20,34,True,False,0.09326063756103387,0.9500000000000003,1.899999999999999,0.0
noisy,0,0,0,0,20,35,True,False,0.09326063756103387,0.9500000000000003,1.899999999999999,0.0
noisy,0,0,0,0,20,36,True,False,0.09326063756103387,0.9500000000000003,1.899999999999999,0.0
noisy,0,0,0,0,20,37,True,False,0.09326063756103387,0.9500000000000003,1.899999999999999,0.0
noisy,0,0,0,0,20,38,True,False,0.09326063756103387,0.9500000000000003,1.899999999999999,0.0
noisy,0,0,0,0,20,39,True,False,0.09326063756103387,0.9500000000000003,1.899999999999999,0.0
noisy,0,0,0,0,20,40,True,False,0.09326063756103387,0.9500000000000003,1.899999999999999,0.0
noisy,0,0,0,0,20,41,True,False,0.09326063756103387,0.9500000000000003,1.899999999999999,0.0
noisy,0,0,0,0,20,42,True,False,0.09326063756103387,0.9500000000000003,1.899999999999999,0.0
noisy,0,0,0,0,20,43,True,False,0.09326063756103387,0.9500000000000003,1.899999999999999,0.0
noisy,0,0,0,0,20,44,True,False,0.09326063756103387,0.9500000000000003,1.899999999999999,0.0
noisy,0,0,0,0,20,45,True,False,0.09326063756103387,0.9500000000000003,1.899999999999999,0.0
noisy,0,0,0,0,20,46,True,False,0.09326063756103387,0.9500000000000003,1.899999999999999,0.0
noisy,0,0,0,0,20,47,True,False,0.09326063756103387,0.9500000000000003,1.899999999999999,0.0
noisy,0,0,0,0,20,48,True,False,0.09326063756103387,0.9500000000000003,1.899999999999999,0.0
noisy,0,0,0,0,20,49,True,False,0.09326063756103387,0.9500000000000003,1.899999999999999,0.0
noisy,0,0,0,0,20,50,True,False,0.09326063756103387,0.9500000000000003,1.899999999999999,0.0
noisy,0,0,0,0,20,51,True,False,0.09326063756103387,0.9500000000000003,1.899999999999999,0.0
noisy,0,0,0,0,20,52,True,False,0.09326063756103387,0.9500000000000003,1.899999999999999,0.0
noisy,0,0,0,0,20,53,True,False,0.09326063756103387,0.9500000000000003,1.899999999999999,0.0
noisy,0,0,0,0,20,54,True,False,0.09326063756103387,0.9500000000000003,1.899999999999999,0.0
noisy,0,0,0,0,20,55,True,False,0.09326063756103387,0.9500000000000003,1.899999999999999,0.0
noisy,0,0,0,0,20,56,True,False,0.09326063756103387,0.9500000000000003,1.899999999999999,0.0
noisy,0,0,0,0,20,57,True,False,0.09326063756103387,0.9500000000000003,1.899999999999999,0.0
noisy,0,0,0,0,20,58,True,False,0.09326063756103387,0.9500000000000003,1.899999999999999,0.0
noisy,0,0,0,0,20,59,True,False,0.09326063756103387,0.9500000000000003,1.899999999999999,0.0
noisy,0,0,0,0,20,60,True,False,0.09326063756103387,0.9500000000000003,1.899999999999999,0.0
noisy,0,0,0,0,20,61,True,False,0.09326063756103387,0.9500000000000003,1.899999999999999,0.0
noisy,0,0,0,0,20,62,True,False,0.09326063756103387,0.9500000000000003,1.899999999999999,0.0
noisy,0,0,0,0,20,63,True,False,0.09326063756103387,0.9500000000000003,1.899999999999999,0.0
noisy,0,0,0,0,20,64,True,False,0.09326063756103387,0.9500000000000003,1.899999999999999,0.0
noisy,0,0,0,0,20,65,True,False,0.09326063756103387,0.9500000000000003,1.899999999999999,0.0
noisy,0,0,0,0,20,66,True,False,0.09326063756103387,0.9500000000000003,1.899999999999999,0.0
noisy,0,0,0,0,20,67,True,False,0.09326063756103387,0.9500000000000003,1.899999999999999,0.0
noisy,0,0,0,0,20,68,True,False,0.09326063756103387,0.9500000000000003,1.899999999999999,0.0
noisy,0,0,0,0,20,69,True,False,0.09326063756103387,0.9500000000000003,1.899999999999999,0.0
noisy,0,0,0,0,20,70,True,False,0.09326063756103387,0.9500000000000003,1.899999999999999,0.0
noisy,0,0,0,0,20,71,True,False,0.09326063756103387,0.9500000000000003,1.899999999999999,0.0
noisy,0,0,0,0,20,72,True,False,0.09326063756103387,0.9500000000000003,1.899999999999999,0.0
noisy,0,0,0,0,20,73,True,False,0.09326063756103387,0.9500000000000003,1.899999999999999,0.0
noisy,0,0,0,0,20,74,True,False,0.09326063756103387,0.9500000000000003,1.899999999999999,0.0
noisy,0,0,0,0,20,75,True,False,0.09326063756103387,0.9500000000000003,1.899999999999999,0.0
noisy,0,0,0,0,20,76,True,False,0.09326063756103387,0.9500000000000003,1.899999999999999,0.0
noisy,0,0,0,0,20,77,True,False,0.09326063756103387,0.9500000000000003,1.899999999999999,0.0
noisy,0,0,0,0,20,78,True,False,0.09326063756103387,0.9500000000000003,1.899999999999999,0.0
noisy,0,0,0,0,20,79,True,False,0.09326063756103387,0.9500000000000003,1.899999999999999,0.0
noisy,0,0,0,0,20,80,True,False,0.09326063756103387,0.9500000000000003,1.899999999999999,0.0
noisy,0,0,0,0,20,81,True,False,0.09326063756103387,0.9500000000000003,1.899999999999999,0.0
noisy,0,0,0,0,20,82,True,False,0.09326063756103387,0.9500000000000003,1.899999999999999,0.0
noisy,0,0,0,0,20,83,True,False,0.09326063756103387,0.9500000000000003,1.899999999999999,0.0
noisy,0,0,0,0,20,84,True,False,0.09326063756103387,0.9500000000000003,1.899999999999999,0.0
noisy,0,0,0,0,20,85,True,False,0.09326063756103387,0.9500000000000003,1.899999999999999,0.0
noisy,0,0,0,0,20,86,True,False,0.09326063756103387,0.9500000000000003,1.899999999999999,0.0
noisy,0,0,0,0,20,87,True,False,0.09326063756103387,0.9500000000000003,1.899999999999999,0.0
noisy,0,0,0,0,20,88,True,False,0.09326063756103387,0.9500000000000003,1.899999999999999,0.0
noisy,0,0,0,0,20,89,True,False,0.09326063756103387,0.9500000000000003,1.899999999999999,0.0
noisy,0,0,0,0,20,90,True,False,0.09326063756103387,0.9500000000000003,1.899999999999999,0.0
noisy,0,0,0,0,20,91,True,False,0.09326063756103387,0.9500000000000003,1.899999999999999,0.0
noisy,0,0,0,0,20,92,True,False,0.09326063756103387,0.9500000000000003,1.899999999999999,0.0
noisy,0,0,0,0,20,93,True,False,0.09326063756103387,0.9500000000000003,1.899999999999999,0.0
noisy,0,0,0,0,20,94,True,False,0.09326063756103387,0.9500000000000003,1.899999999999999,0.0
noisy,0,0,0,0,20,95,True,False,0.09326063756103387,0.9500000000000003,1.899999999999999,0.0
noisy,0,0,0,0,20,96,True,False,0.09326063756103387,0.9500000000000003,1.899999999999999,0.0
noisy,0,0,0,0,20,97,True,False,0.09326063756103387,0.9500000000000003,1.899999999999999,0.0
noisy,0,0,0,0,20,98,True,False,0.09326063756103387,0.9500000000000003,1.899999999999999,0.0
noisy,0,0,0,0,20,99,True,False,0.09326063756103387,0.9500000000000003,1.899999999999999,0.0
noisy,0,0,0,0,20,100,True,False,0.09326063756103387,0.9500000000000003,1.899999999999999,0.0
kalman,0,0,0,0,20,1,True,False,0.09286997140066733,0.9500000000000003,1.8999999999999997,0.011883217184072328
kalman,0,0,0,0,20,2,True,False,0.09286997140066733,0.9500000000000003,1.8999999999999997,0.011883217184072328
kalman,0,0,0,0,20,3,True,False,0.09286997140066733,0.9500000000000003,1.8999999999999997,0.011883217184072328
kalman,0,0,0,0,20,4,True,False,0.09286997140066733,0.9500000000000003,1.8999999999999997,0.011883217184072328
kalman,0,0,0,0,20,5,True,False,0.09286997140066733,0.9500000000000003,1.8999999999999997,0.011883217184072328
kalman,0,0,0,0,20,6,True,False,0.09286997140066733,0.9500000000000003,1.8999999999999997,0.011883217184072328
kalman,0,0,0,0,20,7,True,False,0.09286997140066733,0.9500000000000003,1.8999999999999997,0.011883217184072328
kalman,0,0,0,0,20,8,True,False,0.09286997140066733,0.9500000000000003,1.8999999999999997,0.011883217184072328
kalman,0,0,0,0,20,9,True,False,0.09286997140066733,0.9500000000000003,1.8999999999999997,0.011883217184072328
kalman,0,0,0,0,20,10,True,False,0.09286997140066733,0.9500000000000003,1.8999999999999997,0.011883217184072328
kalman,0,0,0,0,20,11,True,False,0.09286997140066733,0.9500000000000003,1.8999999999999997,0.011883217184072328
kalman,0,0,0,0,20,12,True,False,0.09286997140066733,0.9500000000000003,1.8999999999999997,0.011883217184072328
kalman,0,0,0,0,20,13,True,False,0.09286997140066733,0.9500000000000003,1.8999999999999997,0.011883217184072328
kalman,0,0,0,0,20,14,True,False,0.09286997140066733,0.9500000000000003,1.8999999999999997,0.011883217184072328
kalman,0,0,0,0,20,15,True,False,0.09286997140066733,0.9500000000000003,1.8999999999999997,0.011883217184072328
kalman,0,0,0,0,20,16,True,False,0.09286997140066733,0.9500000000000003,1.8999999999999997,0.011883217184072328
kalman,0,0,0,0,20,17,True,False,0.09286997140066733,0.9500000000000003,1.8999999999999997,0.011883217184072328
kalman,0,0,0,0,20,18,True,False,0.09286997140066733,0.9500000000000003,1.8999999999999997,0.011883217184072328
kalman,0,0,0,0,20,19,True,False,0.09286997140066733,0.9500000000000003,1.8999999999999997,0.011883217184072328
kalman,0,0,0,0,20,20,True,False,0.09286997140066733,0.9500000000000003,1.8999999999999997,0.011883217184072328
kalman,0,0,0,0,20,21,True,False,0.09286997140066733,0.9500000000000003,1.8999999999999997,0.011883217184072328
kalman,0,0,0,0,20,22,True,False,0.09286997140066733,0.9500000000000003,1.8999999999999997,0.011883217184072328
kalman,0,0,0,0,20,23,True,False,0.09286997140066733,0.9500000000000003,1.8999999999999997,0.011883217184072328
kalman,0,0,0,0,20,24,True,False,0.09286997140066733,0.9500000000000003,1.8999999999999997,0.011883217184072328
kalman,0,0,0,0,20,25,True,False,0.09286997140066733,0.9500000000000003,1.8999999999999997,0.011883217184072328
kalman,0,0,0,0,20,26,True,False,0.09286997140066733,0.9500000000000003,1.8999999999999997,0.011883217184072328
kalman,0,0,0,0,20,27,True,False,0.09286997140066733,0.9500000000000003,1.8999999999999997,0.011883217184072328
kalman,0,0,0,0,20,28,True,False,0.09286997140066733,0.9500000000000003,1.8999999999999997,0.011883217184072328
kalman,0,0,0,0,20,29,True,False,0.09286997140066733,0.9500000000000003,1.8999999999999997,0.011883217184072328
kalman,0,0,0,0,20,30,True,False,0.09286997140066733,0.9500000000000003,1.8999999999999997,0.011883217184072328
kalman,0,0,0,0,20,31,True,False,0.09286997140066733,0.9500000000000003,1.8999999999999997,0.011883217184072328
kalman,0,0,0,0,20,32,True,False,0.09286997140066733,0.9500000000000003,1.8999999999999997,0.011883217184072328
kalman,0,0,0,0,20,33,True,False,0.09286997140066733,0.9500000000000003,1.8999999999999997,0.011883217184072328
kalman,0,0,0,0,20,34,True,False,0.09286997140066733,0.9500000000000003,1.8999999999999997,0.011883217184072328
kalman,0,0,0,0,20,35,True,False,0.09286997140066733,0.9500000000000003,1.8999999999999997,0.011883217184072328
kalman,0,0,0,0,20,36,True,False,0.09286997140066733,0.9500000000000003,1.8999999999999997,0.011883217184072328
kalman,0,0,0,0,20,37,True,False,0.09286997140066733,0.9500000000000003,1.8999999999999997,0.011883217184072328
kalman,0,0,0,0,20,38,True,False,0.09286997140066733,0.9500000000000003,1.8999999999999997,0.011883217184072328
kalman,0,0,0,0,20,39,True,False,0.09286997140066733,0.9500000000000003,1.8999999999999997,0.011883217184072328
kalman,0,0,0,0,20,40,True,False,0.09286997140066733,0.9500000000000003,1.8999999999999997,0.011883217184072328
kalman,0,0,0,0,20,41,True,False,0.09286997140066733,0.9500000000000003,1.8999999999999997,0.011883217184072328
kalman,0,0,0,0,20,42,True,False,0.09286997140066733,0.9500000000000003,1.8999999999999997,0.011883217184072328
kalman,0,0,0,0,20,43,True,False,0.09286997140066733,0.9500000000000003,1.8999999999999997,0.011883217184072328
kalman,0,0,0,0,20,44,True,False,0.09286997140066733,0.9500000000000003,1.8999999999999997,0.011883217184072328
kalman,0,0,0,0,20,45,True,False,0.09286997140066733,0.9500000000000003,1.8999999999999997,0.011883217184072328
kalman,0,0,0,0,20,46,True,False,0.09286997140066733,0.9500000000000003,1.8999999999999997,0.011883217184072328
kalman,0,0,0,0,20,47,True,False,0.09286997140066733,0.9500000000000003,1.8999999999999997,0.011883217184072328
kalman,0,0,0,0,20,48,True,False,0.09286997140066733,0.9500000000000003,1.8999999999999997,0.011883217184072328
kalman,0,0,0,0,20,49,True,False,0.09286997140066733,0.9500000000000003,1.8999999999999997,0.011883217184072328
kalman,0,0,0,0,20,50,True,False,0.09286997140066733,0.9500000000000003,1.8999999999999997,0.011883217184072328
kalman,0,0,0,0,20,51,True,False,0.09286997140066733,0.9500000000000003,1.8999999999999997,0.011883217184072328
kalman,0,0,0,0,20,52,True,False,0.09286997140066733,0.9500000000000003,1.8999999999999997,0.011883217184072328
kalman,0,0,0,0,20,53,True,False,0.09286997140066733,0.9500000000000003,1.8999999999999997,0.011883217184072328
kalman,0,0,0,0,20,54,True,False,0.09286997140066733,0.9500000000000003,1.8999999999999997,0.011883217184072328
kalman,0,0,0,0,20,55,True,False,0.09286997140066733,0.9500000000000003,1.8999999999999997,0.011883217184072328
kalman,0,0,0,0,20,56,True,False,0.09286997140066733,0.9500000000000003,1.8999999999999997,0.011883217184072328
kalman,0,0,0,0,20,57,True,False,0.09286997140066733,0.9500000000000003,1.8999999999999997,0.011883217184072328
kalman,0,0,0,0,20,58,True,False,0.09286997140066733,0.9500000000000003,1.8999999999999997,0.011883217184072328
kalman,0,0,0,0,20,59,True,False,0.09286997140066733,0.9500000000000003,1.8999999999999997,0.011883217184072328
kalman,0,0,0,0,20,60,True,False,0.09286997140066733,0.9500000000000003,1.8999999999999997,0.011883217184072328
kalman,0,0,0,0,20,61,True,False,0.09286997140066733,0.9500000000000003,1.8999999999999997,0.011883217184072328
kalman,0,0,0,0,20,62,True,False,0.09286997140066733,0.9500000000000003,1.8999999999999997,0.011883217184072328
kalman,0,0,0,0,20,63,True,False,0.09286997140066733,0.9500000000000003,1.8999999999999997,0.011883217184072328
kalman,0,0,0,0,20,64,True,False,0.09286997140066733,0.9500000000000003,1.8999999999999997,0.011883217184072328
kalman,0,0,0,0,20,65,True,False,0.09286997140066733,0.9500000000000003,1.8999999999999997,0.011883217184072328
kalman,0,0,0,0,20,66,True,False,0.09286997140066733,0.9500000000000003,1.8999999999999997,0.011883217184072328
kalman,0,0,0,0,20,67,True,False,0.09286997140066733,0.9500000000000003,1.8999999999999997,0.011883217184072328
kalman,0,0,0,0,20,68,True,False,0.09286997140066733,0.9500000000000003,1.8999999999999997,0.011883217184072328
kalman,0,0,0,0,20,69,True,False,0.09286997140066733,0.9500000000000003,1.8999999999999997,0.011883217184072328
kalman,0,0,0,0,20,70,True,False,0.09286997140066733,0.9500000000000003,1.8999999999999997,0.011883217184072328
kalman,0,0,0,0,20,71,True,False,0.09286997140066733,0.9500000000000003,1.8999999999999997,0.011883217184072328
kalman,0,0,0,0,20,72,True,False,0.09286997140066733,0.9500000000000003,1.8999999999999997,0.011883217184072328
kalman,0,0,0,0,20,73,True,False,0.09286997140066733,0.9500000000000003,1.8999999999999997,0.011883217184072328
kalman,0,0,0,0,20,74,True,False,0.09286997140066733,0.9500000000000003,1.8999999999999997,0.011883217184072328
kalman,0,0,0,0,20,75,True,False,0.09286997140066733,0.9500000000000003,1.8999999999999997,0.011883217184072328
kalman,0,0,0,0,20,76,True,False,0.09286997140066733,0.9500000000000003,1.8999999999999997,0.011883217184072328
kalman,0,0,0,0,20,77,True,False,0.09286997140066733,0.9500000000000003,1.8999999999999997,0.011883217184072328
kalman,0,0,0,0,20,78,True,False,0.09286997140066733,0.9500000000000003,1.8999999999999997,0.011883217184072328
kalman,0,0,0,0,20,79,True,False,0.09286997140066733,0.9500000000000003,1.8999999999999997,0.011883217184072328
kalman,0,0,0,0,20,80,True,False,0.09286997140066733,0.9500000000000003,1.8999999999999997,0.011883217184072328
kalman,0,0,0,0,20,81,True,False,0.09286997140066733,0.9500000000000003,1.8999999999999997,0.011883217184072328
kalman,0,0,0,0,20,82,True,False,0.09286997140066733,0.9500000000000003,1.8999999999999997,0.011883217184072328
kalman,0,0,0,0,20,83,True,False,0.09286997140066733,0.9500000000000003,1.8999999999999997,0.011883217184072328
kalman,0,0,0,0,20,84,True,False,0.09286997140066733,0.9500000000000003,1.8999999999999997,0.011883217184072328
kalman,0,0,0,0,20,85,True,False,0.09286997140066733,0.9500000000000003,1.8999999999999997,0.011883217184072328
kalman,0,0,0,0,20,86,True,False,0.09286997140066733,0.9500000000000003,1.8999999999999997,0.011883217184072328
kalman,0,0,0,0,20,87,True,False,0.09286997140066733,0.9500000000000003,1.8999999999999997,0.011883217184072328
kalman,0,0,0,0,20,88,True,False,0.09286997140066733,0.9500000000000003,1.8999999999999997,0.011883217184072328
kalman,0,0,0,0,20,89,True,False,0.09286997140066733,0.9500000000000003,1.8999999999999997,0.011883217184072328
kalman,0,0,0,0,20,90,True,False,0.09286997140066733,0.9500000000000003,1.8999999999999997,0.011883217184072328
kalman,0,0,0,0,20,91,True,False,0.09286997140066733,0.9500000000000003,1.8999999999999997,0.011883217184072328
kalman,0,0,0,0,20,92,True,False,0.09286997140066733,0.9500000000000003,1.8999999999999997,0.011883217184072328
kalman,0,0,0,0,20,93,True,False,0.09286997140066733,0.9500000000000003,1.8999999999999997,0.011883217184072328
kalman,0,0,0,0,20,94,True,False,0.09286997140066733,0.9500000000000003,1.8999999999999997,0.011883217184072328
kalman,0,0,0,0,20,95,True,False,0.09286997140066733,0.9500000000000003,1.8999999999999997,0.011883217184072328
kalman,0,0,0,0,20,96,True,False,0.09286997140066733,0.9500000000000003,1.8999999999999997,0.011883217184072328
kalman,0,0,0,0,20,97,True,False,0.09286997140066733,0.9500000000000003,1.8999999999999997,0.011883217184072328
kalman,0,0,0,0,20,98,True,False,0.09286997140066733,0.9500000000000003,1.8999999999999997,0.011883217184072328
kalman,0,0,0,0,20,99,True,False,0.09286997140066733,0.9500000000000003,1.8999999999999997,0.011883217184072328
kalman,0,0,0,0,20,100,True,False,0.09286997140066733,0.9500000000000003,1.8999999999999997,0.011883217184072328
ground_truth,2,0,0,0,20,1,True,False,0.0932591781715284,0.9500000000000003,1.9,
ground_truth,2,0,0,0,20,2,True,False,0.0932591781715284,0.9500000000000003,1.9,
ground_truth,2,0,0,0,20,3,True,False,0.0932591781715284,0.9500000000000003,1.9,
ground_truth,2,0,0,0,20,4,True,False,0.0932591781715284,0.9500000000000003,1.9,
ground_truth,2,0,0,0,20,5,True,False,0.0932591781715284,0.9500000000000003,1.9,
ground_truth,2,0,0,0,20,6,True,False,0.0932591781715284,0.9500000000000003,1.9,
ground_truth,2,0,0,0,20,7,True,False,0.0932591781715284,0.9500000000000003,1.9,
ground_truth,2,0,0,0,20,8,True,False,0.0932591781715284,0.9500000000000003,1.9,
ground_truth,2,0,0,0,20,9,True,False,0.0932591781715284,0.9500000000000003,1.9,
ground_truth,2,0,0,0,20,10,True,False,0.0932591781715284,0.9500000000000003,1.9,
ground_truth,2,0,0,0,20,11,True,False,0.0932591781715284,0.9500000000000003,1.9,
ground_truth,2,0,0,0,20,12,True,False,0.0932591781715284,0.9500000000000003,1.9,
ground_truth,2,0,0,0,20,13,True,False,0.0932591781715284,0.9500000000000003,1.9,
ground_truth,2,0,0,0,20,14,True,False,0.0932591781715284,0.9500000000000003,1.9,
ground_truth,2,0,0,0,20,15,True,False,0.0932591781715284,0.9500000000000003,1.9,
ground_truth,2,0,0,0,20,16,True,False,0.0932591781715284,0.9500000000000003,1.9,
ground_truth,2,0,0,0,20,17,True,False,0.0932591781715284,0.9500000000000003,1.9,
ground_truth,2,0,0,0,20,18,True,False,0.0932591781715284,0.9500000000000003,1.9,
ground_truth,2,0,0,0,20,19,True,False,0.0932591781715284,0.9500000000000003,1.9,
ground_truth,2,0,0,0,20,20,True,False,0.0932591781715284,0.9500000000000003,1.9,
ground_truth,2,0,0,0,20,21,True,False,0.0932591781715284,0.9500000000000003,1.9,
ground_truth,2,0,0,0,20,22,True,False,0.0932591781715284,0.9500000000000003,1.9,
ground_truth,2,0,0,0,20,23,True,False,0.0932591781715284,0.9500000000000003,1.9,
ground_truth,2,0,0,0,20,24,True,False,0.0932591781715284,0.9500000000000003,1.9,
ground_truth,2,0,0,0,20,25,True,False,0.0932591781715284,0.9500000000000003,1.9,
ground_truth,2,0,0,0,20,26,True,False,0.0932591781715284,0.9500000000000003,1.9,
ground_truth,2,0,0,0,20,27,True,False,0.0932591781715284,0.9500000000000003,1.9,
ground_truth,2,0,0,0,20,28,True,False,0.0932591781715284,0.9500000000000003,1.9,
ground_truth,2,0,0,0,20,29,True,False,0.0932591781715284,0.9500000000000003,1.9,
ground_truth,2,0,0,0,20,30,True,False,0.0932591781715284,0.9500000000000003,1.9,
ground_truth,2,0,0,0,20,31,True,False,0.0932591781715284,0.9500000000000003,1.9,
ground_truth,2,0,0,0,20,32,True,False,0.0932591781715284,0.9500000000000003,1.9,
ground_truth,2,0,0,0,20,33,True,False,0.0932591781715284,0.9500000000000003,1.9,
ground_truth,2,0,0,0,20,34,True,False,0.0932591781715284,0.9500000000000003,1.9,
ground_truth,2,0,0,0,20,35,True,False,0.0932591781715284,0.9500000000000003,1.9,
ground_truth,2,0,0,0,20,36,True,False,0.0932591781715284,0.9500000000000003,1.9,
ground_truth,2,0,0,0,20,37,True,False,0.0932591781715284,0.9500000000000003,1.9,
ground_truth,2,0,0,0,20,38,True,False,0.0932591781715284,0.9500000000000003,1.9,
ground_truth,2,0,0,0,20,39,True,False,0.0932591781715284,0.9500000000000003,1.9,
ground_truth,2,0,0,0,20,40,True,False,0.0932591781715284,0.9500000000000003,1.9,
ground_truth,2,0,0,0,20,41,True,False,0.0932591781715284,0.9500000000000003,1.9,
ground_truth,2,0,0,0,20,42,True,False,0.0932591781715284,0.9500000000000003,1.9,
ground_truth,2,0,0,0,20,43,True,False,0.0932591781715284,0.9500000000000003,1.9,
ground_truth,2,0,0,0,20,44,True,False,0.0932591781715284,0.9500000000000003,1.9,
ground_truth,2,0,0,0,20,45,True,False,0.0932591781715284,0.9500000000000003,1.9,
ground_truth,2,0,0,0,20,46,True,False,0.0932591781715284,0.9500000000000003,1.9,
ground_truth,2,0,0,0,20,47,True,False,0.0932591781715284,0.9500000000000003,1.9,
ground_truth,2,0,0,0,20,48,True,False,0.0932591781715284,0.9500000000000003,1.9,
ground_truth,2,0,0,0,20,49,True,False,0.0932591781715284,0.9500000000000003,1.9,
ground_truth,2,0,0,0,20,50,True,False,0.0932591781715284,0.9500000000000003,1.9,
ground_truth,2,0,0,0,20,51,True,False,0.0932591781715284,0.9500000000000003,1.9,
ground_truth,2,0,0,0,20,52,True,False,0.0932591781715284,0.9500000000000003,1.9,
ground_truth,2,0,0,0,20,53,True,False,0.0932591781715284,0.9500000000000003,1.9,
ground_truth,2,0,0,0,20,54,True,False,0.0932591781715284,0.9500000000000003,1.9,
ground_truth,2,0,0,0,20,55,True,False,0.0932591781715284,0.9500000000000003,1.9,
ground_truth,2,0,0,0,20,56,True,False,0.0932591781715284,0.9500000000000003,1.9,
ground_truth,2,0,0,0,20,57,True,False,0.0932591781715284,0.9500000000000003,1.9,
ground_truth,2,0,0,0,20,58,True,False,0.0932591781715284,0.9500000000000003,1.9,
ground_truth,2,0,0,0,20,59,True,False,0.0932591781715284,0.9500000000000003,1.9,
ground_truth,2,0,0,0,20,60,True,False,0.0932591781715284,0.9500000000000003,1.9,
ground_truth,2,0,0,0,20,61,True,False,0.0932591781715284,0.9500000000000003,1.9,
ground_truth,2,0,0,0,20,62,True,False,0.0932591781715284,0.9500000000000003,1.9,
ground_truth,2,0,0,0,20,63,True,False,0.0932591781715284,0.9500000000000003,1.9,
ground_truth,2,0,0,0,20,64,True,False,0.0932591781715284,0.9500000000000003,1.9,
ground_truth,2,0,0,0,20,65,True,False,0.0932591781715284,0.9500000000000003,1.9,
ground_truth,2,0,0,0,20,66,True,False,0.0932591781715284,0.9500000000000003,1.9,
ground_truth,2,0,0,0,20,67,True,False,0.0932591781715284,0.9500000000000003,1.9,
ground_truth,2,0,0,0,20,68,True,False,0.0932591781715284,0.9500000000000003,1.9,
ground_truth,2,0,0,0,20,69,True,False,0.0932591781715284,0.9500000000000003,1.9,
ground_truth,2,0,0,0,20,70,True,False,0.0932591781715284,0.9500000000000003,1.9,
ground_truth,2,0,0,0,20,71,True,False,0.0932591781715284,0.9500000000000003,1.9,
ground_truth,2,0,0,0,20,72,True,False,0.0932591781715284,0.9500000000000003,1.9,
ground_truth,2,0,0,0,20,73,True,False,0.0932591781715284,0.9500000000000003,1.9,
ground_truth,2,0,0,0,20,74,True,False,0.0932591781715284,0.9500000000000003,1.9,
ground_truth,2,0,0,0,20,75,True,False,0.0932591781715284,0.9500000000000003,1.9,
ground_truth,2,0,0,0,20,76,True,False,0.0932591781715284,0.9500000000000003,1.9,
ground_truth,2,0,0,0,20,77,True,False,0.0932591781715284,0.9500000000000003,1.9,
ground_truth,2,0,0,0,20,78,True,False,0.0932591781715284,0.9500000000000003,1.9,
ground_truth,2,0,0,0,20,79,True,False,0.0932591781715284,0.9500000000000003,1.9,
ground_truth,2,0,0,0,20,80,True,False,0.0932591781715284,0.9500000000000003,1.9,
ground_truth,2,0,0,0,20,81,True,False,0.0932591781715284,0.9500000000000003,1.9,
ground_truth,2,0,0,0,20,82,True,False,0.0932591781715284,0.9500000000000003,1.9,
ground_truth,2,0,0,0,20,83,True,False,0.0932591781715284,0.9500000000000003,1.9,
ground_truth,2,0,0,0,20,84,True,False,0.0932591781715284,0.9500000000000003,1.9,
ground_truth,2,0,0,0,20,85,True,False,0.0932591781715284,0.9500000000000003,1.9,
ground_truth,2,0,0,0,20,86,True,False,0.0932591781715284,0.9500000000000003,1.9,
ground_truth,2,0,0,0,20,87,True,False,0.0932591781715284,0.9500000000000003,1.9,
ground_truth,2,0,0,0,20,88,True,False,0.0932591781715284,0.9500000000000003,1.9,
ground_truth,2,0,0,0,20,89,True,False,0.0932591781715284,0.9500000000000003,1.9,
ground_truth,2,0,0,0,20,90,True,False,0.0932591781715284,0.9500000000000003,1.9,
ground_truth,2,0,0,0,20,91,True,False,0.0932591781715284,0.9500000000000003,1.9,
ground_truth,2,0,0,0,20,92,True,False,0.0932591781715284,0.9500000000000003,1.9,
ground_truth,2,0,0,0,20,93,True,False,0.0932591781715284,0.9500000000000003,1.9,
ground_truth,2,0,0,0,20,94,True,False,0.0932591781715284,0.9500000000000003,1.9,
ground_truth,2,0,0,0,20,95,True,False,0.0932591781715284,0.9500000000000003,1.9,
ground_truth,2,0,0,0,20,96,True,False,0.0932591781715284,0.9500000000000003,1.9,
ground_truth,2,0,0,0,20,97,True,False,0.0932591781715284,0.9500000000000003,1.9,
ground_truth,2,0,0,0,20,98,True,False,0.0932591781715284,0.9500000000000003,1.9,
ground_truth,2,0,0,0,20,99,True,False,0.0932591781715284,0.9500000000000003,1.9,
ground_truth,2,0,0,0,20,100,True,False,0.0932591781715284,0.9500000000000003,1.9,
noisy,2,0,0,0,20,1,True,False,0.1024028169357527,0.9500000000000003,1.8999999999999995,0.05662384659186426
noisy,2,0,0,0,20,2,True,False,0.09040551536852348,0.9500000000000003,1.8999999999999997,0.052013144566017605
noisy,2,0,0,0,20,3,True,False,0.08098125466892481,0.9500000000000003,1.9000000000000008,0.06796656589155978
noisy,2,0,0,0,20,4,True,False,0.07837638498651422,0.9500000000000003,1.8999999999999992,0.05274048161768514
noisy,2,0,0,0,20,5,True,False,0.10182089645561687,0.9500000000000003,1.8999999999999988,0.05550465232502545
noisy,2,0,0,0,20,6,True,False,0.09074212108931579,0.9500000000000003,1.9,0.054454421653715
noisy,2,0,0,0,20,7,True,False,0.09400943821470031,0.9500000000000003,1.9000000000000004,0.05110138474460922
noisy,2,0,0,0,20,8,True,False,0.08090311390653615,0.9500000000000003,1.8999999999999995,0.06797327465047073
noisy,2,0,0,0,20,9,True,False,0.08960559188743566,0.9500000000000003,1.9000000000000017,0.050072332466883904
noisy,2,0,0,0,20,10,True,False,0.09982628335714816,0.9500000000000003,1.9000000000000001,0.045275881633330746
noisy,2,0,0,0,20,11,True,False,0.09517039842758246,0.9500000000000003,1.9000000000000001,0.05588492313982704
noisy,2,0,0,0,20,12,True,False,0.09224811246061893,0.9500000000000003,1.8999999999999992,0.05217021009077051
noisy,2,0,0,0,20,13,True,False,0.08516419075413428,0.9500000000000003,1.9,0.060497931820079516
noisy,2,0,0,0,20,14,True,False,0.09252877115678504,0.9500000000000003,1.9,0.06186506907914844
noisy,2,0,0,0,20,15,True,False,0.07783569492387965,0.9500000000000003,1.900000000000001,0.05567005832161281
noisy,2,0,0,0,20,16,True,False,0.10148840781735324,0.9500000000000003,1.9000000000000015,0.04911989584034524
noisy,2,0,0,0,20,17,True,False,0.08412572000789575,0.9500000000000003,1.9000000000000017,0.06032064345175731
noisy,2,0,0,0,20,18,True,False,0.08255878061947453,0.9500000000000003,1.9000000000000008,0.05907305563073065
noisy,2,0,0,0,20,19,True,False,0.07917445374545218,0.9500000000000003,1.9,0.04898267044187181
noisy,2,0,0,0,20,20,True,False,0.07401160738832879,0.9500000000000003,1.9000000000000004,0.06598424600481445
noisy,2,0,0,0,20,21,True,False,0.09880001267978145,0.9500000000000003,1.9000000000000017,0.05716787353733894
noisy,2,0,0,0,20,22,True,False,0.10143959059310803,0.9500000000000003,1.8999999999999986,0.06668633088718351
noisy,2,0,0,0,20,23,True,False,0.09229859982562161,0.9500000000000003,1.9,0.05815063405938622
noisy,2,0,0,0,20,24,True,False,0.09108088900774969,0.9500000000000003,1.9000000000000001,0.061964780475503634
noisy,2,0,0,0,20,25,True,False,0.08136165486253644,0.9500000000000003,1.9000000000000001,0.05477537851844677
noisy,2,0,0,0,20,26,True,False,0.09796745924051264,0.9500000000000003,1.8999999999999981,0.07168235482005035
noisy,2,0,0,0,20,27,True,False,0.11256600199005762,0.9500000000000003,1.9000000000000012,0.05189387340598946
noisy,2,0,0,0,20,28,True,False,0.08527439247254498,0.9500000000000003,1.9000000000000008,0.05589437389431202
noisy,2,0,0,0,20,29,True,False,0.09715188476276437,0.9500000000000003,1.8999999999999995,0.06509669836106272
noisy,2,0,0,0,20,30,True,False,0.09004062767308474,0.9500000000000003,1.9000000000000008,0.04616338103256271
noisy,2,0,0,0,20,31,True,False,0.09808145398002477,0.9500000000000003,1.8999999999999992,0.05029521337164568
noisy,2,0,0,0,20,32,True,False,0.09251283640536734,0.9500000000000003,1.9,0.05968524847367441
noisy,2,0,0,0,20,33,True,False,0.078021508281644,0.9500000000000003,1.900000000000002,0.0497912572558338
noisy,2,0,0,0,20,34,True,False,0.09060920110848869,0.9500000000000003,1.9000000000000012,0.0476328166642572
noisy,2,0,0,0,20,35,True,False,0.07904424606027138,0.9500000000000003,1.8999999999999995,0.057132230374604
noisy,2,0,0,0,20,36,True,False,0.0988950751206139,0.9500000000000003,1.899999999999999,0.05071237733514835
noisy,2,0,0,0,20,37,True,False,0.08969289892086474,0.9500000000000003,1.900000000000001,0.057428132872285945
noisy,2,0,0,0,20,38,True,False,0.08280462716194337,0.9500000000000003,1.9000000000000008,0.056318500643914984
noisy,2,0,0,0,20,39,True,False,0.10463319032940177,0.9500000000000003,1.900000000000001,0.05170124644317458
noisy,2,0,0,0,20,40,True,False,0.09549832314097562,0.9500000000000003,1.9000000000000012,0.053894572989162184
noisy,2,0,0,0,20,41,True,False,0.07938580229267611,0.9500000000000003,1.9000000000000015,0.05253181037145438
noisy,2,0,0,0,20,42,True,False,0.09688210548799225,0.9500000000000003,1.8999999999999995,0.047639883641538656
noisy,2,0,0,0,20,43,True,False,0.0930007370073056,0.9500000000000003,1.9000000000000004,0.05183240002527467
noisy,2,0,0,0,20,44,True,False,0.09689606948242346,0.9500000000000003,1.9000000000000017,0.0470512229317357
noisy,2,0,0,0,20,45,True,False,0.09726009741410246,0.9500000000000003,1.900000000000001,0.04835057030157593
noisy,2,0,0,0,20,46,True,False,0.089718394464392,0.9500000000000003,1.8999999999999988,0.05594587315899487
noisy,2,0,0,0,20,47,True,False,0.09838114665675235,0.9500000000000003,1.9000000000000001,0.053135165894393294
noisy,2,0,0,0,20,48,True,False,0.07975986634018284,0.9500000000000003,1.8999999999999995,0.05090128042483772
noisy,2,0,0,0,20,49,True,False,0.09739311132404227,0.9500000000000003,1.8999999999999992,0.05591059194751688
noisy,2,0,0,0,20,50,True,False,0.09246137050491754,0.9500000000000003,1.9000000000000008,0.06505117858937533
noisy,2,0,0,0,20,51,True,False,0.08189139470721662,0.9500000000000003,1.9000000000000001,0.06314273637462302
noisy,2,0,0,0,20,52,True,False,0.0968904153273118,0.9500000000000003,1.8999999999999988,0.05616863370857759
noisy,2,0,0,0,20,53,True,False,0.08587283280633917,0.9500000000000003,1.899999999999999,0.06309990824542505
noisy,2,0,0,0,20,54,True,False,0.11131347129155844,0.9500000000000003,1.900000000000001,0.05286688710369059
noisy,2,0,0,0,20,55,True,False,0.11562700862187203,0.9500000000000003,1.8999999999999981,0.06846320367377406
noisy,2,0,0,0,20,56,True,False,0.08199856927183369,0.9500000000000003,1.899999999999999,0.056467037754739796
noisy,2,0,0,0,20,57,True,False,0.07917485614579389,0.9500000000000003,1.9000000000000008,0.05155571749155423
noisy,2,0,0,0,20,58,True,False,0.10167603873252418,0.9500000000000003,1.9,0.05438309922195479
noisy,2,0,0,0,20,59,True,False,0.06449115341099776,0.9500000000000003,1.9000000000000004,0.05365049460902963
noisy,2,0,0,0,20,60,True,False,0.07551975964847069,0.9500000000000003,1.9000000000000021,0.05646874863159409
noisy,2,0,0,0,20,61,True,False,0.09827339574233918,0.9500000000000003,1.8999999999999995,0.05887199619957664
noisy,2,0,0,0,20,62,True,False,0.09124763154040694,0.9500000000000003,1.9000000000000006,0.05237809723430298
noisy,2,0,0,0,20,63,True,False,0.08661949647339995,0.9500000000000003,1.9000000000000004,0.056783590569053265
noisy,2,0,0,0,20,64,True,False,0.09560443433883759,0.9500000000000003,1.9,0.05315544109926388
noisy,2,0,0,0,20,65,True,False,0.10236225475322946,0.9500000000000003,1.899999999999999,0.05604447207658922
noisy,2,0,0,0,20,66,True,False,0.09335452033201674,0.9500000000000003,1.9000000000000008,0.05393072999905286
noisy,2,0,0,0,20,67,True,False,0.0871634869130673,0.9500000000000003,1.8999999999999992,0.05144389764365267
noisy,2,0,0,0,20,68,True,False,0.07609608197835827,0.9500000000000003,1.8999999999999992,0.049181891325532794
noisy,2,0,0,0,20,69,True,False,0.0839131043942083,0.9500000000000003,1.8999999999999988,0.051765966767328205
noisy,2,0,0,0,20,70,True,False,0.09420178726211725,0.9500000000000003,1.8999999999999992,0.04454250718417679
noisy,2,0,0,0,20,71,True,False,0.08786486523700665,0.9500000000000003,1.9,0.04635969987991835
noisy,2,0,0,0,20,72,True,False,0.09752161752712629,0.9500000000000003,1.900000000000001,0.05338043976217716
noisy,2,0,0,0,20,73,True,False,0.09599290906446889,0.9500000000000003,1.9000000000000001,0.058339237789507524
noisy,2,0,0,0,20,74,True,False,0.08679875740045095,0.9500000000000003,1.8999999999999995,0.06193083480023677
noisy,2,0,0,0,20,75,True,False,0.10494540361171056,0.9500000000000003,1.8999999999999995,0.051171637493199765
noisy,2,0,0,0,20,76,True,False,0.08401525708241597,0.9500000000000003,1.9000000000000006,0.056419087533966565
noisy,2,0,0,0,20,77,True,False,0.10974177902002302,0.9500000000000003,1.9000000000000021,0.04929863307948304
noisy,2,0,0,0,20,78,True,False,0.07530876470249903,0.9500000000000003,1.9000000000000008,0.03718645359004669
noisy,2,0,0,0,20,79,True,False,0.0955439758021519,0.9500000000000003,1.899999999999999,0.053628357072301826
noisy,2,0,0,0,20,80,True,False,0.11111455177436125,0.9500000000000003,1.9000000000000001,0.053062325749238505
noisy,2,0,0,0,20,81,True,False,0.09918066341206422,0.9500000000000003,1.9000000000000015,0.05200378938503938
noisy,2,0,0,0,20,82,True,False,0.10774799026002002,0.9500000000000003,1.8999999999999997,0.05710104477007613
noisy,2,0,0,0,20,83,True,False,0.09883470076770573,0.9500000000000003,1.9,0.046814471650241295
noisy,2,0,0,0,20,84,True,False,0.09654297289806668,0.9500000000000003,1.9000000000000006,0.05673951613247391
noisy,2,0,0,0,20,85,True,False,0.11463678587043402,0.9500000000000003,1.9,0.05858140310028613
noisy,2,0,0,0,20,86,True,False,0.07137146716048193,0.9500000000000003,1.9,0.05846861714801937
noisy,2,0,0,0,20,87,True,False,0.09131649558322263,0.9500000000000003,1.9000000000000004,0.050967771405260126
noisy,2,0,0,0,20,88,True,False,0.08824209287363072,0.9500000000000003,1.8999999999999981,0.047778298095350995
noisy,2,0,0,0,20,89,True,False,0.09292213524332626,0.9500000000000003,1.8999999999999997,0.04793365003349835
noisy,2,0,0,0,20,90,True,False,0.08086172973223604,0.9500000000000003,1.9000000000000012,0.06580009077382502
noisy,2,0,0,0,20,91,True,False,0.08393287430133145,0.9500000000000003,1.9,0.05096834387425504
noisy,2,0,0,0,20,92,True,False,0.08560573762134371,0.9500000000000003,1.8999999999999977,0.05426999057148386
noisy,2,0,0,0,20,93,True,False,0.09267151736625223,0.9500000000000003,1.9000000000000004,0.04954098189790118
noisy,2,0,0,0,20,94,True,False,0.09963066847290669,0.9500000000000003,1.8999999999999972,0.0511750910948092
noisy,2,0,0,0,20,95,True,False,0.10277537101715617,0.9500000000000003,1.8999999999999977,0.05737550268473478
noisy,2,0,0,0,20,96,True,False,0.07753931410844417,0.9500000000000003,1.9000000000000008,0.051793981026808024
noisy,2,0,0,0,20,97,True,False,0.09859255466307082,0.9500000000000003,1.9000000000000008,0.06043425781346858
noisy,2,0,0,0,20,98,True,False,0.08605935952158461,0.9500000000000003,1.9000000000000008,0.04940771832523174
noisy,2,0,0,0,20,99,True,False,0.08315211954667112,0.9500000000000003,1.9000000000000015,0.05189821015361362
noisy,2,0,0,0,20,100,True,False,0.07642594894819021,0.9500000000000003,1.899999999999999,0.057704531699738944
kalman,2,0,0,0,20,1,True,False,0.09416530195940198,0.9500000000000003,1.8999999999999986,0.03641507476309213
kalman,2,0,0,0,20,2,True,False,0.08420440036456833,0.9500000000000003,1.9000000000000004,0.0414108893592101
kalman,2,0,0,0,20,3,True,False,0.07867753925708665,0.9500000000000003,1.8999999999999997,0.0479779042881632
kalman,2,0,0,0,20,4,True,False,0.0790055778334815,0.9500000000000003,1.9000000000000001,0.02761452995791144
kalman,2,0,0,0,20,5,True,False,0.10680072115300354,0.9500000000000003,1.9000000000000015,0.039474558405350406
kalman,2,0,0,0,20,6,True,False,0.08436606426714754,0.9500000000000003,1.9000000000000001,0.044377786074537635
kalman,2,0,0,0,20,7,True,False,0.08870201585736015,0.9500000000000003,1.9000000000000017,0.039661377680935035
kalman,2,0,0,0,20,8,True,False,0.08193431753195868,0.9500000000000003,1.8999999999999995,0.04832730603696141
kalman,2,0,0,0,20,9,True,False,0.09673781812742988,0.9500000000000003,1.8999999999999992,0.031625698391092444
kalman,2,0,0,0,20,10,True,False,0.10976178692640004,0.9500000000000003,1.8999999999999986,0.02990131946885859
kalman,2,0,0,0,20,11,True,False,0.09401679224898807,0.9500000000000003,1.8999999999999997,0.03943072337988078
kalman,2,0,0,0,20,12,True,False,0.09157306600235349,0.9500000000000003,1.900000000000002,0.032312788342477694
kalman,2,0,0,0,20,13,True,False,0.08344735912134293,0.9500000000000003,1.9000000000000001,0.047543508791885965
kalman,2,0,0,0,20,14,True,False,0.09252650677865049,0.9500000000000003,1.900000000000002,0.05246182940749938
kalman,2,0,0,0,20,15,True,False,0.07106707701929893,0.9500000000000003,1.899999999999999,0.04020121634195537
kalman,2,0,0,0,20,16,True,False,0.10428275609050641,0.9500000000000003,1.9,0.037339537259040406
kalman,2,0,0,0,20,17,True,False,0.10791964519496422,0.9500000000000003,1.8999999999999997,0.042235344117537224
kalman,2,0,0,0,20,18,True,False,0.07092905597716004,0.9500000000000003,1.900000000000002,0.03954537470834729
kalman,2,0,0,0,20,19,True,False,0.07508549817621768,0.9500000000000003,1.8999999999999995,0.029992847526213763
kalman,2,0,0,0,20,20,True,False,0.08843589154155174,0.9500000000000003,1.9,0.035321202365519805
kalman,2,0,0,0,20,21,True,False,0.10892747396319646,0.9500000000000003,1.9,0.03453619203236312
kalman,2,0,0,0,20,22,True,False,0.08489537115023693,0.9500000000000003,1.8999999999999975,0.048190135147220474
kalman,2,0,0,0,20,23,True,False,0.08647749241572034,0.9500000000000003,1.9000000000000012,0.03728014121676599
kalman,2,0,0,0,20,24,True,False,0.09195700066925983,0.9500000000000003,1.9000000000000004,0.024142601117739925
kalman,2,0,0,0,20,25,True,False,0.07009326416205464,0.9500000000000003,1.9000000000000001,0.040094799284694976
kalman,2,0,0,0,20,26,True,False,0.0939612075178955,0.9500000000000003,1.9,0.04664551311390737
kalman,2,0,0,0,20,27,True,False,0.11708151989482074,0.9500000000000003,1.8999999999999995,0.04329475917931034
kalman,2,0,0,0,20,28,True,False,0.08934550590048551,0.9500000000000003,1.8999999999999988,0.028491956701223568
kalman,2,0,0,0,20,29,True,False,0.1097455740105322,0.9500000000000003,1.9000000000000024,0.036821847362237294
kalman,2,0,0,0,20,30,True,False,0.0851917397560975,0.9500000000000003,1.9000000000000015,0.033590716107221655
kalman,2,0,0,0,20,31,True,False,0.1071504050838652,0.9500000000000003,1.8999999999999995,0.037584686374354415
kalman,2,0,0,0,20,32,True,False,0.08780874636712466,0.9500000000000003,1.8999999999999995,0.028441180560080593
kalman,2,0,0,0,20,33,True,False,0.07655647379160624,0.9500000000000003,1.8999999999999997,0.03352522572738192
kalman,2,0,0,0,20,34,True,False,0.09384459365337161,0.9500000000000003,1.8999999999999997,0.028550256926272957
kalman,2,0,0,0,20,35,True,False,0.07306800767481558,0.9500000000000003,1.9000000000000008,0.03556824674180065
kalman,2,0,0,0,20,36,True,False,0.09495683366101337,0.9500000000000003,1.8999999999999986,0.03335427695632208
kalman,2,0,0,0,20,37,True,False,0.082938476893472,0.9500000000000003,1.9000000000000012,0.027305016349156466
kalman,2,0,0,0,20,38,True,False,0.08215992334668942,0.9500000000000003,1.9000000000000015,0.03538200722515894
kalman,2,0,0,0,20,39,True,False,0.11012407165658855,0.9500000000000003,1.8999999999999995,0.03223933069664645
kalman,2,0,0,0,20,40,True,False,0.10178035866437485,0.9500000000000003,1.8999999999999984,0.032061780705672206
kalman,2,0,0,0,20,41,True,False,0.08303810634841202,0.9500000000000003,1.899999999999999,0.0426793481873
kalman,2,0,0,0,20,42,True,False,0.10552153150895105,0.9500000000000003,1.9000000000000004,0.03958322148700908
kalman,2,0,0,0,20,43,True,False,0.0921497466904726,0.9500000000000003,1.9000000000000004,0.03310772810653717
kalman,2,0,0,0,20,44,True,False,0.10029464939148514,0.9500000000000003,1.9,0.03477868339408307
kalman,2,0,0,0,20,45,True,False,0.10971185481410917,0.9500000000000003,1.8999999999999988,0.032914238360484946
kalman,2,0,0,0,20,46,True,False,0.09377924362443779,0.9500000000000003,1.9000000000000006,0.0271751343287889
kalman,2,0,0,0,20,47,True,False,0.10438328173819977,0.9500000000000003,1.8999999999999986,0.043366512738872515
kalman,2,0,0,0,20,48,True,False,0.08126631898108516,0.9500000000000003,1.8999999999999992,0.035225760727685795
kalman,2,0,0,0,20,49,True,False,0.08816613765857029,0.9500000000000003,1.9,0.04405060805628065
kalman,2,0,0,0,20,50,True,False,0.08948767763238474,0.9500000000000003,1.9000000000000006,0.0423703723819603
kalman,2,0,0,0,20,51,True,False,0.09971625605248957,0.9500000000000003,1.9000000000000001,0.038813599489186654
kalman,2,0,0,0,20,52,True,False,0.0894454837485692,0.9500000000000003,1.9000000000000017,0.026139539591213533
kalman,2,0,0,0,20,53,True,False,0.0844249220366522,0.9500000000000003,1.8999999999999988,0.04069706561233255
kalman,2,0,0,0,20,54,True,False,0.10540721122446661,0.9500000000000003,1.8999999999999988,0.038775710677973155
kalman,2,0,0,0,20,55,True,False,0.1153327842540468,1.0000000000000002,1.9999999999999993,0.05432936415742441
kalman,2,0,0,0,20,56,True,False,0.07392180257434644,0.9500000000000003,1.9000000000000006,0.037120246622368916
kalman,2,0,0,0,20,57,True,False,0.08580812982707875,0.9500000000000003,1.9000000000000015,0.028303054596062787
kalman,2,0,0,0,20,58,True,False,0.09683483789598601,0.9500000000000003,1.9000000000000004,0.0337452624286813
kalman,2,0,0,0,20,59,True,False,0.06452660827180678,0.9500000000000003,1.9000000000000004,0.038527577101463074
kalman,2,0,0,0,20,60,True,False,0.06570414495476329,0.9500000000000003,1.9,0.03599037479533528
kalman,2,0,0,0,20,61,True,False,0.08073780472202996,0.9500000000000003,1.9000000000000012,0.043415344221156116
kalman,2,0,0,0,20,62,True,False,0.08507384628917691,0.9500000000000003,1.9000000000000004,0.03346050376433437
kalman,2,0,0,0,20,63,True,False,0.08166287320299159,0.9500000000000003,1.9000000000000006,0.03993847811602847
kalman,2,0,0,0,20,64,True,False,0.09568773896510607,0.9500000000000003,1.8999999999999992,0.03178377517446776
kalman,2,0,0,0,20,65,True,False,0.10037980965219928,0.9500000000000003,1.9000000000000008,0.04399136577468893
kalman,2,0,0,0,20,66,True,False,0.09162018177493758,0.9500000000000003,1.9,0.03445156762564083
kalman,2,0,0,0,20,67,True,False,0.0821364412340051,0.9500000000000003,1.8999999999999995,0.037717159879436885
kalman,2,0,0,0,20,68,True,False,0.07093773590291108,0.9500000000000003,1.9000000000000001,0.037460082433765196
kalman,2,0,0,0,20,69,True,False,0.08541852054046406,0.9500000000000003,1.899999999999999,0.03692380459110469
kalman,2,0,0,0,20,70,True,False,0.10816891163974418,0.9500000000000003,1.9000000000000001,0.03727739289785645
kalman,2,0,0,0,20,71,True,False,0.09887979811660985,0.9500000000000003,1.8999999999999986,0.024709255954319602
kalman,2,0,0,0,20,72,True,False,0.10623486458886089,0.9500000000000003,1.9000000000000004,0.033007174404613
kalman,2,0,0,0,20,73,True,False,0.1104659449049672,0.9500000000000003,1.9000000000000004,0.03405607210248558
kalman,2,0,0,0,20,74,True,False,0.0880601506673031,0.9500000000000003,1.9,0.03811189669632064
kalman,2,0,0,0,20,75,True,False,0.10068602316630959,0.9500000000000003,1.9000000000000001,0.026837282035967365
kalman,2,0,0,0,20,76,True,False,0.08126406152900967,0.9500000000000003,1.9000000000000001,0.0361560039377427
kalman,2,0,0,0,20,77,True,False,0.10635890941247439,0.9500000000000003,1.9000000000000004,0.03734651700137281
kalman,2,0,0,0,20,78,True,False,0.07494441645538519,0.9500000000000003,1.8999999999999992,0.03572791892779296
kalman,2,0,0,0,20,79,True,False,0.08556679143176837,0.9500000000000003,1.899999999999999,0.03485409212729572
kalman,2,0,0,0,20,80,True,False,0.10173424202817016,0.9500000000000003,1.8999999999999981,0.03894792514265009
kalman,2,0,0,0,20,81,True,False,0.08882680278958532,0.9500000000000003,1.9,0.03651911536305477
kalman,2,0,0,0,20,82,True,False,0.09540982790380914,0.9500000000000003,1.9000000000000004,0.03525163353541676
kalman,2,0,0,0,20,83,True,False,0.10243391774218491,0.9500000000000003,1.900000000000001,0.033783333769258586
kalman,2,0,0,0,20,84,True,False,0.10896120179792423,0.9500000000000003,1.9000000000000006,0.032701755799747795
kalman,2,0,0,0,20,85,True,False,0.1233136592128885,0.9500000000000003,1.8999999999999997,0.04143867675025683
kalman,2,0,0,0,20,86,True,False,0.0769819657933779,0.9500000000000003,1.8999999999999997,0.03935763661426564
kalman,2,0,0,0,20,87,True,False,0.1071106589077302,0.9500000000000003,1.9000000000000006,0.03787407709607624
kalman,2,0,0,0,20,88,True,False,0.10441560728722998,0.9500000000000003,1.9000000000000017,0.025887105974021767
kalman,2,0,0,0,20,89,True,False,0.08890493148341339,0.9500000000000003,1.9,0.030864905827702856
kalman,2,0,0,0,20,90,True,False,0.08668392284269966,0.9500000000000003,1.8999999999999988,0.045741708117061276
kalman,2,0,0,0,20,91,True,False,0.08478276410913188,0.9500000000000003,1.899999999999999,0.03894890938308472
kalman,2,0,0,0,20,92,True,False,0.08976569070388463,0.9500000000000003,1.8999999999999992,0.040376564998082204
kalman,2,0,0,0,20,93,True,False,0.08939174923890403,0.9500000000000003,1.899999999999998,0.035635688191443984
kalman,2,0,0,0,20,94,True,False,0.10904639160515806,0.9500000000000003,1.899999999999998,0.029629544819265035
kalman,2,0,0,0,20,95,True,False,0.11302379367924376,0.9500000000000003,1.9000000000000004,0.03827243613010488
kalman,2,0,0,0,20,96,True,False,0.07743498371430158,0.9500000000000003,1.8999999999999997,0.04911519674146516
kalman,2,0,0,0,20,97,True,False,0.10073263035103275,0.9500000000000003,1.8999999999999986,0.03599334493929368
kalman,2,0,0,0,20,98,True,False,0.07895115457456336,0.9500000000000003,1.8999999999999997,0.027370491959579437
kalman,2,0,0,0,20,99,True,False,0.08192283433295722,0.9500000000000003,1.9000000000000012,0.034067946751509814
kalman,2,0,0,0,20,100,True,False,0.07749441229322196,0.9500000000000003,1.900000000000001,0.040206317965008426
ground_truth,4,0,0,0,20,1,True,False,0.0932591781715284,0.9500000000000003,1.9,
ground_truth,4,0,0,0,20,2,True,False,0.0932591781715284,0.9500000000000003,1.9,
ground_truth,4,0,0,0,20,3,True,False,0.0932591781715284,0.9500000000000003,1.9,
ground_truth,4,0,0,0,20,4,True,False,0.0932591781715284,0.9500000000000003,1.9,
ground_truth,4,0,0,0,20,5,True,False,0.0932591781715284,0.9500000000000003,1.9,
ground_truth,4,0,0,0,20,6,True,False,0.0932591781715284,0.9500000000000003,1.9,
ground_truth,4,0,0,0,20,7,True,False,0.0932591781715284,0.9500000000000003,1.9,
ground_truth,4,0,0,0,20,8,True,False,0.0932591781715284,0.9500000000000003,1.9,
ground_truth,4,0,0,0,20,9,True,False,0.0932591781715284,0.9500000000000003,1.9,
ground_truth,4,0,0,0,20,10,True,False,0.0932591781715284,0.9500000000000003,1.9,
ground_truth,4,0,0,0,20,11,True,False,0.0932591781715284,0.9500000000000003,1.9,
ground_truth,4,0,0,0,20,12,True,False,0.0932591781715284,0.9500000000000003,1.9,
ground_truth,4,0,0,0,20,13,True,False,0.0932591781715284,0.9500000000000003,1.9,
ground_truth,4,0,0,0,20,14,True,False,0.0932591781715284,0.9500000000000003,1.9,
ground_truth,4,0,0,0,20,15,True,False,0.0932591781715284,0.9500000000000003,1.9,
ground_truth,4,0,0,0,20,16,True,False,0.0932591781715284,0.9500000000000003,1.9,
ground_truth,4,0,0,0,20,17,True,False,0.0932591781715284,0.9500000000000003,1.9,
ground_truth,4,0,0,0,20,18,True,False,0.0932591781715284,0.9500000000000003,1.9,
ground_truth,4,0,0,0,20,19,True,False,0.0932591781715284,0.9500000000000003,1.9,
ground_truth,4,0,0,0,20,20,True,False,0.0932591781715284,0.9500000000000003,1.9,
ground_truth,4,0,0,0,20,21,True,False,0.0932591781715284,0.9500000000000003,1.9,
ground_truth,4,0,0,0,20,22,True,False,0.0932591781715284,0.9500000000000003,1.9,
ground_truth,4,0,0,0,20,23,True,False,0.0932591781715284,0.9500000000000003,1.9,
ground_truth,4,0,0,0,20,24,True,False,0.0932591781715284,0.9500000000000003,1.9,
ground_truth,4,0,0,0,20,25,True,False,0.0932591781715284,0.9500000000000003,1.9,
ground_truth,4,0,0,0,20,26,True,False,0.0932591781715284,0.9500000000000003,1.9,
ground_truth,4,0,0,0,20,27,True,False,0.0932591781715284,0.9500000000000003,1.9,
ground_truth,4,0,0,0,20,28,True,False,0.0932591781715284,0.9500000000000003,1.9,
ground_truth,4,0,0,0,20,29,True,False,0.0932591781715284,0.9500000000000003,1.9,
ground_truth,4,0,0,0,20,30,True,False,0.0932591781715284,0.9500000000000003,1.9,
ground_truth,4,0,0,0,20,31,True,False,0.0932591781715284,0.9500000000000003,1.9,
ground_truth,4,0,0,0,20,32,True,False,0.0932591781715284,0.9500000000000003,1.9,
ground_truth,4,0,0,0,20,33,True,False,0.0932591781715284,0.9500000000000003,1.9,
ground_truth,4,0,0,0,20,34,True,False,0.0932591781715284,0.9500000000000003,1.9,
ground_truth,4,0,0,0,20,35,True,False,0.0932591781715284,0.9500000000000003,1.9,
ground_truth,4,0,0,0,20,36,True,False,0.0932591781715284,0.9500000000000003,1.9,
ground_truth,4,0,0,0,20,37,True,False,0.0932591781715284,0.9500000000000003,1.9,
ground_truth,4,0,0,0,20,38,True,False,0.0932591781715284,0.9500000000000003,1.9,
ground_truth,4,0,0,0,20,39,True,False,0.0932591781715284,0.9500000000000003,1.9,
ground_truth,4,0,0,0,20,40,True,False,0.0932591781715284,0.9500000000000003,1.9,
ground_truth,4,0,0,0,20,41,True,False,0.0932591781715284,0.9500000000000003,1.9,
ground_truth,4,0,0,0,20,42,True,False,0.0932591781715284,0.9500000000000003,1.9,
ground_truth,4,0,0,0,20,43,True,False,0.0932591781715284,0.9500000000000003,1.9,
ground_truth,4,0,0,0,20,44,True,False,0.0932591781715284,0.9500000000000003,1.9,
ground_truth,4,0,0,0,20,45,True,False,0.0932591781715284,0.9500000000000003,1.9,
ground_truth,4,0,0,0,20,46,True,False,0.0932591781715284,0.9500000000000003,1.9,
ground_truth,4,0,0,0,20,47,True,False,0.0932591781715284,0.9500000000000003,1.9,
ground_truth,4,0,0,0,20,48,True,False,0.0932591781715284,0.9500000000000003,1.9,
ground_truth,4,0,0,0,20,49,True,False,0.0932591781715284,0.9500000000000003,1.9,
ground_truth,4,0,0,0,20,50,True,False,0.0932591781715284,0.9500000000000003,1.9,
ground_truth,4,0,0,0,20,51,True,False,0.0932591781715284,0.9500000000000003,1.9,
ground_truth,4,0,0,0,20,52,True,False,0.0932591781715284,0.9500000000000003,1.9,
ground_truth,4,0,0,0,20,53,True,False,0.0932591781715284,0.9500000000000003,1.9,
ground_truth,4,0,0,0,20,54,True,False,0.0932591781715284,0.9500000000000003,1.9,
ground_truth,4,0,0,0,20,55,True,False,0.0932591781715284,0.9500000000000003,1.9,
ground_truth,4,0,0,0,20,56,True,False,0.0932591781715284,0.9500000000000003,1.9,
ground_truth,4,0,0,0,20,57,True,False,0.0932591781715284,0.9500000000000003,1.9,
ground_truth,4,0,0,0,20,58,True,False,0.0932591781715284,0.9500000000000003,1.9,
ground_truth,4,0,0,0,20,59,True,False,0.0932591781715284,0.9500000000000003,1.9,
ground_truth,4,0,0,0,20,60,True,False,0.0932591781715284,0.9500000000000003,1.9,
ground_truth,4,0,0,0,20,61,True,False,0.0932591781715284,0.9500000000000003,1.9,
ground_truth,4,0,0,0,20,62,True,False,0.0932591781715284,0.9500000000000003,1.9,
ground_truth,4,0,0,0,20,63,True,False,0.0932591781715284,0.9500000000000003,1.9,
ground_truth,4,0,0,0,20,64,True,False,0.0932591781715284,0.9500000000000003,1.9,
ground_truth,4,0,0,0,20,65,True,False,0.0932591781715284,0.9500000000000003,1.9,
ground_truth,4,0,0,0,20,66,True,False,0.0932591781715284,0.9500000000000003,1.9,
ground_truth,4,0,0,0,20,67,True,False,0.0932591781715284,0.9500000000000003,1.9,
ground_truth,4,0,0,0,20,68,True,False,0.0932591781715284,0.9500000000000003,1.9,
ground_truth,4,0,0,0,20,69,True,False,0.0932591781715284,0.9500000000000003,1.9,
ground_truth,4,0,0,0,20,70,True,False,0.0932591781715284,0.9500000000000003,1.9,
ground_truth,4,0,0,0,20,71,True,False,0.0932591781715284,0.9500000000000003,1.9,
ground_truth,4,0,0,0,20,72,True,False,0.0932591781715284,0.9500000000000003,1.9,
ground_truth,4,0,0,0,20,73,True,False,0.0932591781715284,0.9500000000000003,1.9,
ground_truth,4,0,0,0,20,74,True,False,0.0932591781715284,0.9500000000000003,1.9,
ground_truth,4,0,0,0,20,75,True,False,0.0932591781715284,0.9500000000000003,1.9,
ground_truth,4,0,0,0,20,76,True,False,0.0932591781715284,0.9500000000000003,1.9,
ground_truth,4,0,0,0,20,77,True,False,0.0932591781715284,0.9500000000000003,1.9,
ground_truth,4,0,0,0,20,78,True,False,0.0932591781715284,0.9500000000000003,1.9,
ground_truth,4,0,0,0,20,79,True,False,0.0932591781715284,0.9500000000000003,1.9,
ground_truth,4,0,0,0,20,80,True,False,0.0932591781715284,0.9500000000000003,1.9,
ground_truth,4,0,0,0,20,81,True,False,0.0932591781715284,0.9500000000000003,1.9,
ground_truth,4,0,0,0,20,82,True,False,0.0932591781715284,0.9500000000000003,1.9,
ground_truth,4,0,0,0,20,83,True,False,0.0932591781715284,0.9500000000000003,1.9,
ground_truth,4,0,0,0,20,84,True,False,0.0932591781715284,0.9500000000000003,1.9,
ground_truth,4,0,0,0,20,85,True,False,0.0932591781715284,0.9500000000000003,1.9,
ground_truth,4,0,0,0,20,86,True,False,0.0932591781715284,0.9500000000000003,1.9,
ground_truth,4,0,0,0,20,87,True,False,0.0932591781715284,0.9500000000000003,1.9,
ground_truth,4,0,0,0,20,88,True,False,0.0932591781715284,0.9500000000000003,1.9,
ground_truth,4,0,0,0,20,89,True,False,0.0932591781715284,0.9500000000000003,1.9,
ground_truth,4,0,0,0,20,90,True,False,0.0932591781715284,0.9500000000000003,1.9,
ground_truth,4,0,0,0,20,91,True,False,0.0932591781715284,0.9500000000000003,1.9,
ground_truth,4,0,0,0,20,92,True,False,0.0932591781715284,0.9500000000000003,1.9,
ground_truth,4,0,0,0,20,93,True,False,0.0932591781715284,0.9500000000000003,1.9,
ground_truth,4,0,0,0,20,94,True,False,0.0932591781715284,0.9500000000000003,1.9,
ground_truth,4,0,0,0,20,95,True,False,0.0932591781715284,0.9500000000000003,1.9,
ground_truth,4,0,0,0,20,96,True,False,0.0932591781715284,0.9500000000000003,1.9,
ground_truth,4,0,0,0,20,97,True,False,0.0932591781715284,0.9500000000000003,1.9,
ground_truth,4,0,0,0,20,98,True,False,0.0932591781715284,0.9500000000000003,1.9,
ground_truth,4,0,0,0,20,99,True,False,0.0932591781715284,0.9500000000000003,1.9,
ground_truth,4,0,0,0,20,100,True,False,0.0932591781715284,0.9500000000000003,1.9,
noisy,4,0,0,0,20,1,True,False,0.10662344624371412,0.9500000000000003,1.899999999999999,0.11324769318372846
noisy,4,0,0,0,20,2,True,False,0.0855682830627773,0.9500000000000003,1.8999999999999988,0.10402628913203495
noisy,4,0,0,0,20,3,True,False,0.07119101258979965,0.9500000000000003,1.900000000000002,0.13593313178311953
noisy,4,0,0,0,20,4,True,False,0.06730525936241105,0.9500000000000003,1.9000000000000004,0.10548096323537035
noisy,4,0,0,0,20,5,True,False,0.11007136135603512,0.9500000000000003,1.9000000000000001,0.11100930465005096
noisy,4,0,0,0,20,6,True,False,0.08507748956009387,0.9500000000000003,1.8999999999999988,0.10890884330742993
noisy,4,0,0,0,20,7,True,False,0.08983337906437683,1.0000000000000002,2.0000000000000004,0.10012991673691732
noisy,4,0,0,0,20,8,True,False,0.06688830996130024,0.9500000000000003,1.9000000000000004,0.13594654930094158
noisy,4,0,0,0,20,9,True,False,0.0884788435591024,0.9500000000000003,1.9000000000000004,0.10014466493376785
noisy,4,0,0,0,20,10,True,False,0.10581196727471354,0.9500000000000003,1.8999999999999997,0.09055176326666153
noisy,4,0,0,0,20,11,True,False,0.08967883359221296,0.9500000000000003,1.8999999999999988,0.11176984627965404
noisy,4,0,0,0,20,12,True,False,0.09937760417485131,1.0000000000000002,1.9999999999999998,0.10187751208391504
noisy,4,0,0,0,20,13,True,False,0.07431980586590381,0.9500000000000003,1.8999999999999986,0.12099586364015917
noisy,4,0,0,0,20,14,True,False,0.08228492647361407,0.9500000000000003,1.9000000000000006,0.12373013815829678
noisy,4,0,0,0,20,15,True,False,0.059441353514056106,0.9500000000000003,1.9000000000000004,0.11134011664322593
noisy,4,0,0,0,20,16,True,False,0.09895761601198472,0.9500000000000003,1.9000000000000006,0.09823979168069039
noisy,4,0,0,0,20,17,True,False,0.07180191629675758,0.9500000000000003,1.8785851623185732,0.12064128690351479
noisy,4,0,0,0,20,18,True,False,0.07118327263551771,0.9500000000000003,1.9000000000000004,0.1181461112614615
noisy,4,0,0,0,20,19,True,False,0.06486146076247246,0.9500000000000003,1.9000000000000001,0.09796534088374345
noisy,4,0,0,0,20,20,True,False,0.06339835250109194,0.9500000000000003,1.9000000000000006,0.1319684920096295
noisy,4,0,0,0,20,21,True,False,0.10387913657929149,0.9500000000000003,1.899999999999999,0.11433574707467795
noisy,4,0,0,0,20,22,True,False,0.10072449164748476,0.9500000000000003,1.9000000000000017,0.1333726617743671
noisy,4,0,0,0,20,23,True,False,0.0897340353294438,0.9500000000000003,1.8999999999999986,0.11630126811877248
noisy,4,0,0,0,20,24,True,False,0.09376567095334343,0.9500000000000003,1.9000000000000004,0.12392956095100734
noisy,4,0,0,0,20,25,True,False,0.0697953021542832,1.0000000000000002,2.000000000000001,0.10777628083282186
noisy,4,0,0,0,20,26,True,False,0.09653610385238087,0.9500000000000003,1.8999999999999995,0.14336470964010078
noisy,4,0,0,0,20,27,True,False,0.12475591156256649,1.0000000000000002,1.9999999999999996,0.10400891013297635
noisy,4,0,0,0,20,28,True,False,0.07648210060367,0.9500000000000003,1.899999999999999,0.11178874778862394
noisy,4,0,0,0,20,29,True,False,0.08212761339875363,0.9500000000000003,1.9000000000000015,0.13019339672212502
noisy,4,0,0,0,20,30,True,False,0.07886486611565924,0.9500000000000003,1.9000000000000008,0.09232676206512526
noisy,4,0,0,0,20,31,True,False,0.1038890531046357,0.9500000000000003,1.9000000000000004,0.10059042674329123
noisy,4,0,0,0,20,32,True,False,0.09099600042186529,0.9500000000000003,1.9000000000000006,0.11937049694734873
noisy,4,0,0,0,20,33,True,False,0.06322244272769906,0.9500000000000003,1.9000000000000008,0.09958251451166776
noisy,4,0,0,0,20,34,True,False,0.09142774805639786,0.9500000000000003,1.9000000000000001,0.09526563332851476
noisy,4,0,0,0,20,35,True,False,0.06422988868982404,0.9500000000000003,1.8999999999999988,0.11426446074920803
noisy,4,0,0,0,20,36,True,False,0.10319699843802876,1.0000000000000002,2.0,0.10250057090508756
noisy,4,0,0,0,20,37,True,False,0.091920566440725,0.9500000000000003,1.9000000000000008,0.11485626574457186
noisy,4,0,0,0,20,38,True,False,0.07234938522428691,0.9500000000000003,1.900000000000002,0.11263700128782994
noisy,4,0,0,0,20,39,True,False,0.10968398595419737,1.0000000000000002,2.000000000000001,0.10576676219205773
noisy,4,0,0,0,20,40,True,False,0.09482161988640492,0.9500000000000003,1.899999999999999,0.10778914597832412
noisy,4,0,0,0,20,41,True,False,0.06971610015567808,1.0000000000000002,1.999999999999999,0.10318162513504003
noisy,4,0,0,0,20,42,True,False,0.09659608048874979,0.9500000000000003,1.9000000000000001,0.095279767283077
noisy,4,0,0,0,20,43,True,False,0.0927429226484755,0.9500000000000003,1.899999999999998,0.10366480005054955
noisy,4,0,0,0,20,44,True,False,0.09808594902679513,1.0000000000000002,1.9993425219656205,0.09950105171122718
noisy,4,0,0,0,20,45,True,False,0.09939593498025756,0.9500000000000003,1.9000000000000001,0.09670114060315213
noisy,4,0,0,0,20,46,True,False,0.0887041917836402,0.9500000000000003,1.8999999999999997,0.11189174631798941
noisy,4,0,0,0,20,47,True,False,0.10311832184308378,0.9500000000000003,1.899999999999999,0.10627033178878649
noisy,4,0,0,0,20,48,True,False,0.06617994503496427,0.9500000000000003,1.8999999999999992,0.10180256084967582
noisy,4,0,0,0,20,49,True,False,0.09944732553729163,1.0000000000000002,2.000000000000001,0.1094599004249818
noisy,4,0,0,0,20,50,True,False,0.0944351523267819,1.0000000000000002,1.9999999999999982,0.12734908325060695
noisy,4,0,0,0,20,51,True,False,0.08896385667306483,1.0000000000000002,1.9999999999999996,0.12665688605441885
noisy,4,0,0,0,20,52,True,False,0.09447169195782412,0.9500000000000003,1.900000000000002,0.11233726741715519
noisy,4,0,0,0,20,53,True,False,0.07719423101127809,1.0000000000000002,2.000000000000001,0.12568395331980517
noisy,4,0,0,0,20,54,True,False,0.11309544595216381,1.0000000000000002,2.0000000000000004,0.10487246469191049
noisy,4,0,0,0,20,55,True,False,0.1373268736721971,1.0000000000000002,2.0,0.13785251341928417
noisy,4,0,0,0,20,56,True,False,0.07071289050709972,0.9500000000000003,1.9000000000000012,0.11293407550947972
noisy,4,0,0,0,20,57,True,False,0.05958479468552813,0.9500000000000003,1.9000000000000015,0.10311143498310896
noisy,4,0,0,0,20,58,True,False,0.10739244021408467,1.0000000000000002,1.9999999999999991,0.11082796637438648
noisy,4,0,0,0,20,59,True,False,0.03677154294669882,0.9500000000000003,1.9000000000000001,0.10730098921805942
noisy,4,0,0,0,20,60,True,False,0.058617697438904104,0.9500000000000003,1.8999999999999997,0.11293749726318797
noisy,4,0,0,0,20,61,True,False,0.0986082847276919,0.9500000000000003,1.899999999999999,0.11774399239915352
noisy,4,0,0,0,20,62,True,False,0.09035127214118477,0.9500000000000003,1.9000000000000008,0.10475619446860618
noisy,4,0,0,0,20,63,True,False,0.07885237577874138,0.9500000000000003,1.8999999999999997,0.11356718113810674
noisy,4,0,0,0,20,64,True,False,0.09583209929904624,0.9500000000000003,1.900000000000002,0.10631088219852812
noisy,4,0,0,0,20,65,True,False,0.1099343476894401,1.0000000000000002,1.999999999999999,0.11808465973661347
noisy,4,0,0,0,20,66,True,False,0.08820408868304663,0.9500000000000003,1.8930614659200287,0.10786145999810545
noisy,4,0,0,0,20,67,True,False,0.0772860163926381,0.9500000000000003,1.8902970214261996,0.10288779528730548
noisy,4,0,0,0,20,68,True,False,0.0585760624934073,0.9500000000000003,1.900000000000001,0.09836378265106573
noisy,4,0,0,0,20,69,True,False,0.07362967574982315,0.9500000000000003,1.9000000000000032,0.10353193353465623
noisy,4,0,0,0,20,70,True,False,0.08158883048807453,0.9500000000000003,1.8999999999999995,0.08908501436835346
noisy,4,0,0,0,20,71,True,False,0.08258974253699991,0.9500000000000003,1.8999999999999995,0.09271939975983651
noisy,4,0,0,0,20,72,True,False,0.1048175458501166,0.9500000000000003,1.8999999999999997,0.10676087952435445
noisy,4,0,0,0,20,73,True,False,0.08994472139120346,0.9500000000000003,1.8999999999999986,0.11667847557901476
noisy,4,0,0,0,20,74,True,False,0.07909239307954907,0.9500000000000003,1.9000000000000006,0.12386166960047346
noisy,4,0,0,0,20,75,True,False,0.11138718287823468,0.9500000000000003,1.899999999999999,0.1023432749863998
noisy,4,0,0,0,20,76,True,False,0.07881728179403313,0.9500000000000003,1.9000000000000024,0.11283817506793338
noisy,4,0,0,0,20,77,True,False,0.1257352845117612,0.9500000000000003,1.9,0.09859726615896579
noisy,4,0,0,0,20,78,True,False,0.05556123829089432,0.9500000000000003,1.899999999999999,0.07437290718009325
noisy,4,0,0,0,20,79,True,False,0.09193194392210025,0.9500000000000003,1.9000000000000017,0.10725671414460342
noisy,4,0,0,0,20,80,True,False,0.11056311159525811,1.0000000000000002,1.9976947433818886,0.11149312987501264
noisy,4,0,0,0,20,81,True,False,0.09737468560279927,0.9500000000000003,1.9000000000000015,0.10400757877007889
noisy,4,0,0,0,20,82,True,False,0.12149129982022444,0.9500000000000003,1.9000000000000004,0.1142020895401519
noisy,4,0,0,0,20,83,True,False,0.10179778632422609,0.9500000000000003,1.9000000000000006,0.0936289433004827
noisy,4,0,0,0,20,84,True,False,0.08426934650840656,0.9500000000000003,1.8999999999999992,0.1134790322649477
noisy,4,0,0,0,20,85,True,False,0.12695793685861645,0.9500000000000003,1.8917413360695998,0.11716280620057246
noisy,4,0,0,0,20,86,True,False,0.04406086189897329,0.9500000000000003,1.9000000000000004,0.11693723429603847
noisy,4,0,0,0,20,87,True,False,0.09172261819612859,0.9500000000000003,1.8999999999999995,0.1019355428105207
noisy,4,0,0,0,20,88,True,False,0.08281897813291161,0.9500000000000003,1.9,0.09555659619070211
noisy,4,0,0,0,20,89,True,False,0.08759751097404012,0.9500000000000003,1.8999999999999984,0.09586730006699665
noisy,4,0,0,0,20,90,True,False,0.07066733032470873,0.9500000000000003,1.9000000000000004,0.1316001815476503
noisy,4,0,0,0,20,91,True,False,0.06643449160953896,0.9500000000000003,1.8999999999999992,0.10193668774850999
noisy,4,0,0,0,20,92,True,False,0.07849318590416177,0.9500000000000003,1.8999999999999997,0.10853998114296799
noisy,4,0,0,0,20,93,True,False,0.0881448467538497,0.9500000000000003,1.9000000000000001,0.09908196379580268
noisy,4,0,0,0,20,94,True,False,0.10439253390836845,0.9500000000000003,1.9,0.1023501821896181
noisy,4,0,0,0,20,95,True,False,0.12048366855885662,0.9500000000000003,1.9000000000000006,0.1147510053694692
noisy,4,0,0,0,20,96,True,False,0.06049473386150939,0.9500000000000003,1.8999999999999997,0.10358796205361628
noisy,4,0,0,0,20,97,True,False,0.09303759386375177,0.9500000000000003,1.8999999999999984,0.1208685156269371
noisy,4,0,0,0,20,98,True,False,0.0798725839993637,0.9500000000000003,1.9,0.0988154366504634
noisy,4,0,0,0,20,99,True,False,0.07412897927003925,0.9500000000000003,1.9000000000000006,0.1037964203072274
noisy,4,0,0,0,20,100,True,False,0.05424745967368061,0.9500000000000003,1.9000000000000015,0.11540906339947789
kalman,4,0,0,0,20,1,True,False,0.0929271714416855,0.9500000000000003,1.8999999999999995,0.06981874637777576
kalman,4,0,0,0,20,2,True,False,0.07363068352267699,0.9500000000000003,1.9000000000000004,0.0788763229422439
kalman,4,0,0,0,20,3,True,False,0.06463883256392178,0.9500000000000003,1.8999999999999966,0.09370833146776394
kalman,4,0,0,0,20,4,True,False,0.06292713418530238,0.9500000000000003,1.9000000000000001,0.0546849346106489
kalman,4,0,0,0,20,5,True,False,0.1227414219884444,0.9500000000000003,1.9000000000000001,0.0749658108919964
kalman,4,0,0,0,20,6,True,False,0.06975203512990613,0.9500000000000003,1.9000000000000004,0.08170558252963829
kalman,4,0,0,0,20,7,True,False,0.07917338909068339,0.9500000000000003,1.9,0.07928173875910757
kalman,4,0,0,0,20,8,True,False,0.07181372804045671,0.9500000000000003,1.8999999999999997,0.09352693008467614
kalman,4,0,0,0,20,9,True,False,0.10122970085896799,0.9500000000000003,1.9,0.05935311418211731
kalman,4,0,0,0,20,10,True,False,0.12249536985366616,0.9500000000000003,1.9000000000000001,0.05742801065135072
kalman,4,0,0,0,20,11,True,False,0.09004995720203657,0.9500000000000003,1.9000000000000008,0.07298322112902363
kalman,4,0,0,0,20,12,True,False,0.09082273818929432,0.9500000000000003,1.9000000000000012,0.061317589933620936
kalman,4,0,0,0,20,13,True,False,0.07369531574057442,0.9500000000000003,1.9000000000000004,0.09062429577188752
kalman,4,0,0,0,20,14,True,False,0.08007365933509103,0.9500000000000003,1.9000000000000004,0.09752620373225833
kalman,4,0,0,0,20,15,True,False,0.04660752283470804,0.9500000000000003,1.9000000000000017,0.07509847630488682
kalman,4,0,0,0,20,16,True,False,0.10266989835419826,0.9500000000000003,1.9000000000000001,0.06891700365087985
kalman,4,0,0,0,20,17,True,False,0.10986701558257783,0.9500000000000003,1.899999999999999,0.08338244854980574
kalman,4,0,0,0,20,18,True,False,0.04981771240087407,0.9500000000000003,1.8999999999999997,0.07600834916034048
kalman,4,0,0,0,20,19,True,False,0.05850345242853772,0.9500000000000003,1.9000000000000004,0.06229631139618298
kalman,4,0,0,0,20,20,True,False,0.08058979670887645,0.9500000000000003,1.9000000000000001,0.07196632747093094
kalman,4,0,0,0,20,21,True,False,0.12420105181795282,0.9500000000000003,1.899999999999999,0.06526587114350506
kalman,4,0,0,0,20,22,True,False,0.07484178196686475,0.9500000000000003,1.8999999999999997,0.09287560248317869
kalman,4,0,0,0,20,23,True,False,0.07964879851138429,0.9500000000000003,1.9000000000000008,0.06916709374586708
kalman,4,0,0,0,20,24,True,False,0.09118165315699156,0.9500000000000003,1.9000000000000004,0.05090794798097671
kalman,4,0,0,0,20,25,True,False,0.05031041230449507,0.9500000000000003,1.8999999999999997,0.07804236129569138
kalman,4,0,0,0,20,26,True,False,0.09684832068378846,0.9500000000000003,1.9000000000000006,0.09068116622806978
kalman,4,0,0,0,20,27,True,False,0.13426847227917582,0.9500000000000003,1.8999999999999992,0.0844007348492766
kalman,4,0,0,0,20,28,True,False,0.08374688700655031,0.9500000000000003,1.899999999999999,0.0539034997266384
kalman,4,0,0,0,20,29,True,False,0.11908785400125743,1.0000000000000002,1.9999999999999987,0.07167095289498168
kalman,4,0,0,0,20,30,True,False,0.07283174297914341,0.9500000000000003,1.9000000000000017,0.06157816619078288
kalman,4,0,0,0,20,31,True,False,0.11977991179666136,0.9500000000000003,1.9000000000000012,0.06828906341591776
kalman,4,0,0,0,20,32,True,False,0.08265247784900676,0.9500000000000003,1.9000000000000006,0.05467129965491581
kalman,4,0,0,0,20,33,True,False,0.058193249623681,0.9500000000000003,1.9000000000000006,0.07000353473298951
kalman,4,0,0,0,20,34,True,False,0.09569636286819905,0.9500000000000003,1.8999999999999997,0.05394825150589449
kalman,4,0,0,0,20,35,True,False,0.05046092915534106,0.9500000000000003,1.8999999999999988,0.07252848380468183
kalman,4,0,0,0,20,36,True,False,0.09625629694580895,0.9500000000000003,1.8999999999999995,0.06495955579051764
kalman,4,0,0,0,20,37,True,False,0.07456779151948023,0.9500000000000003,1.9,0.05813961768418865
kalman,4,0,0,0,20,38,True,False,0.06807072953482174,0.9500000000000003,1.8999999999999988,0.06951737907300033
kalman,4,0,0,0,20,39,True,False,0.12588662126535688,1.0000000000000002,2.0000000000000004,0.05663894246675939
kalman,4,0,0,0,20,40,True,False,0.11138773835158688,0.9500000000000003,1.9000000000000001,0.05906446425740742
kalman,4,0,0,0,20,41,True,False,0.07365789219437002,1.0000000000000002,1.9999999999999987,0.08210669917425797
kalman,4,0,0,0,20,42,True,False,0.11463886093711007,0.9500000000000003,1.8999999999999992,0.07300111046720642
kalman,4,0,0,0,20,43,True,False,0.09154824765260816,0.9500000000000003,1.8999999999999988,0.06445032304931206
kalman,4,0,0,0,20,44,True,False,0.10794023799509933,1.0000000000000002,2.000000000000001,0.06397700840924933
kalman,4,0,0,0,20,45,True,False,0.1230344779597381,0.9500000000000003,1.9000000000000004,0.0631943759234487
kalman,4,0,0,0,20,46,True,False,0.09120925527526569,0.9500000000000003,1.9,0.052006143992630594
kalman,4,0,0,0,20,47,True,False,0.11378635791751024,0.9500000000000003,1.9000000000000006,0.08130025007122452
kalman,4,0,0,0,20,48,True,False,0.06911164771158229,0.9500000000000003,1.8999999999999992,0.06594645947247013
kalman,4,0,0,0,20,49,True,False,0.08573267052915501,1.0000000000000002,1.9999999999999984,0.08266169080266102
kalman,4,0,0,0,20,50,True,False,0.08064492685645552,0.9500000000000003,1.8999999999999972,0.08584830326074853
kalman,4,0,0,0,20,51,True,False,0.11157600764919873,0.9500000000000003,1.8942299386566852,0.06971836970718215
kalman,4,0,0,0,20,52,True,False,0.08268429091336471,0.9500000000000003,1.9,0.05410199352490069
kalman,4,0,0,0,20,53,True,False,0.0766526170140791,1.0000000000000002,2.000000000000001,0.07729923060812693
kalman,4,0,0,0,20,54,True,False,0.11356374966822602,1.0000000000000002,2.0000000000000004,0.07104213126561125
kalman,4,0,0,0,20,55,True,False,0.12086109594116023,1.0000000000000002,1.9999999999999991,0.10651366849859387
kalman,4,0,0,0,20,56,True,False,0.05592627790078053,0.9500000000000003,1.9000000000000008,0.07211435838122746
kalman,4,0,0,0,20,57,True,False,0.07627216730277708,0.9500000000000003,1.9000000000000006,0.05098372848450197
kalman,4,0,0,0,20,58,True,False,0.10075231346283231,1.0000000000000002,2.000000000000003,0.06457802951478137
kalman,4,0,0,0,20,59,True,False,0.038165020089854895,0.9500000000000003,1.9000000000000015,0.07553861557217517
kalman,4,0,0,0,20,60,True,False,0.04224769198789158,0.9500000000000003,1.900000000000002,0.06746857947539504
kalman,4,0,0,0,20,61,True,False,0.06891236249089583,0.9500000000000003,1.9000000000000001,0.08562433030919764
kalman,4,0,0,0,20,62,True,False,0.07873056864836947,0.9500000000000003,1.8999999999999995,0.07008839619775548
kalman,4,0,0,0,20,63,True,False,0.07210679835237288,0.9500000000000003,1.899999999999999,0.07620126054176617
kalman,4,0,0,0,20,64,True,False,0.09963498032387519,0.9500000000000003,1.9000000000000012,0.05986514102249182
kalman,4,0,0,0,20,65,True,False,0.1048351080532286,1.0000000000000002,2.0000000000000004,0.07977136222130908
kalman,4,0,0,0,20,66,True,False,0.08572421013979237,0.9500000000000003,1.9000000000000008,0.06333689893981694
kalman,4,0,0,0,20,67,True,False,0.07131849289652248,0.9500000000000003,1.8999999999999995,0.07343349067065366
kalman,4,0,0,0,20,68,True,False,0.049623579369111104,0.9500000000000003,1.9000000000000008,0.0690174993754136
kalman,4,0,0,0,20,69,True,False,0.0758710164839902,0.9500000000000003,1.9000000000000001,0.06854331823658802
kalman,4,0,0,0,20,70,True,False,0.1157136995365855,0.9500000000000003,1.8999999999999992,0.06866105268626803
kalman,4,0,0,0,20,71,True,False,0.10179964853226608,0.9500000000000003,1.8999999999999997,0.04504420065399068
kalman,4,0,0,0,20,72,True,False,0.11739140683696436,0.9500000000000003,1.9000000000000001,0.0603562405318159
kalman,4,0,0,0,20,73,True,False,0.11194716311379271,1.0000000000000002,2.0000000000000004,0.06362354922227562
kalman,4,0,0,0,20,74,True,False,0.08233373473034988,0.9500000000000003,1.9000000000000008,0.07024867368167186
kalman,4,0,0,0,20,75,True,False,0.10516579994066477,0.9500000000000003,1.9000000000000012,0.04979710344882554
kalman,4,0,0,0,20,76,True,False,0.06795363784007824,0.9500000000000003,1.8999999999999984,0.07108824738501668
kalman,4,0,0,0,20,77,True,False,0.1174313292719984,0.9500000000000003,1.9000000000000012,0.06726012233084003
kalman,4,0,0,0,20,78,True,False,0.052905744079197126,0.9500000000000003,1.8999999999999997,0.06278612579966851
kalman,4,0,0,0,20,79,True,False,0.07407890522789184,0.9500000000000003,1.8999999999999995,0.06621828047424116
kalman,4,0,0,0,20,80,True,False,0.10657759684812107,1.0000000000000002,2.0000000000000018,0.07864987426403641
kalman,4,0,0,0,20,81,True,False,0.08394739343186886,0.9500000000000003,1.9000000000000004,0.06912211297064229
kalman,4,0,0,0,20,82,True,False,0.09864687231836955,0.9500000000000003,1.9000000000000001,0.07069218128913635
kalman,4,0,0,0,20,83,True,False,0.10954889725502404,1.0000000000000002,2.0,0.06124693066644154
kalman,4,0,0,0,20,84,True,False,0.12531357456012926,0.9500000000000003,1.9000000000000015,0.0633049646198881
kalman,4,0,0,0,20,85,True,False,0.13948926462629685,1.0000000000000002,1.9999999999999998,0.07694415540727137
kalman,4,0,0,0,20,86,True,False,0.05381943793485644,0.9500000000000003,1.8999999999999997,0.07382358931672073
kalman,4,0,0,0,20,87,True,False,0.12376722032497156,0.9500000000000003,1.9,0.07227257985471384
kalman,4,0,0,0,20,88,True,False,0.11194139673998649,0.9500000000000003,1.8999999999999992,0.050187229025579025
kalman,4,0,0,0,20,89,True,False,0.08391609287124768,0.9500000000000003,1.8999999999999995,0.058564424632627836
kalman,4,0,0,0,20,90,True,False,0.0801168474715237,0.9500000000000003,1.8999999999999988,0.08789168722428398
kalman,4,0,0,0,20,91,True,False,0.07363440718279657,0.9500000000000003,1.9000000000000004,0.07046377734692627
kalman,4,0,0,0,20,92,True,False,0.08473724629129942,0.9500000000000003,1.9,0.07961588286397928
kalman,4,0,0,0,20,93,True,False,0.0814222153150781,0.9500000000000003,1.9,0.0627847551262035
kalman,4,0,0,0,20,94,True,False,0.11944683321631744,0.9500000000000003,1.8999999999999988,0.061419550468973884
kalman,4,0,0,0,20,95,True,False,0.1375526301042107,0.9500000000000003,1.899999999999999,0.07200886510133693
kalman,4,0,0,0,20,96,True,False,0.0591811983720949,0.9500000000000003,1.9000000000000001,0.09309313761962516
kalman,4,0,0,0,20,97,True,False,0.10872841807291334,0.9500000000000003,1.9000000000000008,0.07235037836307086
kalman,4,0,0,0,20,98,True,False,0.06645806294792389,0.9500000000000003,1.900000000000003,0.053372413989727266
kalman,4,0,0,0,20,99,True,False,0.07101875481051523,0.9500000000000003,1.9000000000000012,0.06571848789749142
kalman,4,0,0,0,20,100,True,False,0.05762185527032604,0.9500000000000003,1.9000000000000004,0.07439814362200985
ground_truth,6,0,0,0,20,1,True,False,0.0932591781715284,0.9500000000000003,1.9,
ground_truth,6,0,0,0,20,2,True,False,0.0932591781715284,0.9500000000000003,1.9,
ground_truth,6,0,0,0,20,3,True,False,0.0932591781715284,0.9500000000000003,1.9,
ground_truth,6,0,0,0,20,4,True,False,0.0932591781715284,0.9500000000000003,1.9,
ground_truth,6,0,0,0,20,5,True,False,0.0932591781715284,0.9500000000000003,1.9,
ground_truth,6,0,0,0,20,6,True,False,0.0932591781715284,0.9500000000000003,1.9,
ground_truth,6,0,0,0,20,7,True,False,0.0932591781715284,0.9500000000000003,1.9,
ground_truth,6,0,0,0,20,8,True,False,0.0932591781715284,0.9500000000000003,1.9,
ground_truth,6,0,0,0,20,9,True,False,0.0932591781715284,0.9500000000000003,1.9,
ground_truth,6,0,0,0,20,10,True,False,0.0932591781715284,0.9500000000000003,1.9,
ground_truth,6,0,0,0,20,11,True,False,0.0932591781715284,0.9500000000000003,1.9,
ground_truth,6,0,0,0,20,12,True,False,0.0932591781715284,0.9500000000000003,1.9,
ground_truth,6,0,0,0,20,13,True,False,0.0932591781715284,0.9500000000000003,1.9,
ground_truth,6,0,0,0,20,14,True,False,0.0932591781715284,0.9500000000000003,1.9,
ground_truth,6,0,0,0,20,15,True,False,0.0932591781715284,0.9500000000000003,1.9,
ground_truth,6,0,0,0,20,16,True,False,0.0932591781715284,0.9500000000000003,1.9,
ground_truth,6,0,0,0,20,17,True,False,0.0932591781715284,0.9500000000000003,1.9,
ground_truth,6,0,0,0,20,18,True,False,0.0932591781715284,0.9500000000000003,1.9,
ground_truth,6,0,0,0,20,19,True,False,0.0932591781715284,0.9500000000000003,1.9,
ground_truth,6,0,0,0,20,20,True,False,0.0932591781715284,0.9500000000000003,1.9,
ground_truth,6,0,0,0,20,21,True,False,0.0932591781715284,0.9500000000000003,1.9,
ground_truth,6,0,0,0,20,22,True,False,0.0932591781715284,0.9500000000000003,1.9,
ground_truth,6,0,0,0,20,23,True,False,0.0932591781715284,0.9500000000000003,1.9,
ground_truth,6,0,0,0,20,24,True,False,0.0932591781715284,0.9500000000000003,1.9,
ground_truth,6,0,0,0,20,25,True,False,0.0932591781715284,0.9500000000000003,1.9,
ground_truth,6,0,0,0,20,26,True,False,0.0932591781715284,0.9500000000000003,1.9,
ground_truth,6,0,0,0,20,27,True,False,0.0932591781715284,0.9500000000000003,1.9,
ground_truth,6,0,0,0,20,28,True,False,0.0932591781715284,0.9500000000000003,1.9,
ground_truth,6,0,0,0,20,29,True,False,0.0932591781715284,0.9500000000000003,1.9,
ground_truth,6,0,0,0,20,30,True,False,0.0932591781715284,0.9500000000000003,1.9,
ground_truth,6,0,0,0,20,31,True,False,0.0932591781715284,0.9500000000000003,1.9,
ground_truth,6,0,0,0,20,32,True,False,0.0932591781715284,0.9500000000000003,1.9,
ground_truth,6,0,0,0,20,33,True,False,0.0932591781715284,0.9500000000000003,1.9,
ground_truth,6,0,0,0,20,34,True,False,0.0932591781715284,0.9500000000000003,1.9,
ground_truth,6,0,0,0,20,35,True,False,0.0932591781715284,0.9500000000000003,1.9,
ground_truth,6,0,0,0,20,36,True,False,0.0932591781715284,0.9500000000000003,1.9,
ground_truth,6,0,0,0,20,37,True,False,0.0932591781715284,0.9500000000000003,1.9,
ground_truth,6,0,0,0,20,38,True,False,0.0932591781715284,0.9500000000000003,1.9,
ground_truth,6,0,0,0,20,39,True,False,0.0932591781715284,0.9500000000000003,1.9,
ground_truth,6,0,0,0,20,40,True,False,0.0932591781715284,0.9500000000000003,1.9,
ground_truth,6,0,0,0,20,41,True,False,0.0932591781715284,0.9500000000000003,1.9,
ground_truth,6,0,0,0,20,42,True,False,0.0932591781715284,0.9500000000000003,1.9,
ground_truth,6,0,0,0,20,43,True,False,0.0932591781715284,0.9500000000000003,1.9,
ground_truth,6,0,0,0,20,44,True,False,0.0932591781715284,0.9500000000000003,1.9,
ground_truth,6,0,0,0,20,45,True,False,0.0932591781715284,0.9500000000000003,1.9,
ground_truth,6,0,0,0,20,46,True,False,0.0932591781715284,0.9500000000000003,1.9,
ground_truth,6,0,0,0,20,47,True,False,0.0932591781715284,0.9500000000000003,1.9,
ground_truth,6,0,0,0,20,48,True,False,0.0932591781715284,0.9500000000000003,1.9,
ground_truth,6,0,0,0,20,49,True,False,0.0932591781715284,0.9500000000000003,1.9,
ground_truth,6,0,0,0,20,50,True,False,0.0932591781715284,0.9500000000000003,1.9,
ground_truth,6,0,0,0,20,51,True,False,0.0932591781715284,0.9500000000000003,1.9,
ground_truth,6,0,0,0,20,52,True,False,0.0932591781715284,0.9500000000000003,1.9,
ground_truth,6,0,0,0,20,53,True,False,0.0932591781715284,0.9500000000000003,1.9,
ground_truth,6,0,0,0,20,54,True,False,0.0932591781715284,0.9500000000000003,1.9,
ground_truth,6,0,0,0,20,55,True,False,0.0932591781715284,0.9500000000000003,1.9,
ground_truth,6,0,0,0,20,56,True,False,0.0932591781715284,0.9500000000000003,1.9,
ground_truth,6,0,0,0,20,57,True,False,0.0932591781715284,0.9500000000000003,1.9,
ground_truth,6,0,0,0,20,58,True,False,0.0932591781715284,0.9500000000000003,1.9,
ground_truth,6,0,0,0,20,59,True,False,0.0932591781715284,0.9500000000000003,1.9,
ground_truth,6,0,0,0,20,60,True,False,0.0932591781715284,0.9500000000000003,1.9,
ground_truth,6,0,0,0,20,61,True,False,0.0932591781715284,0.9500000000000003,1.9,
ground_truth,6,0,0,0,20,62,True,False,0.0932591781715284,0.9500000000000003,1.9,
ground_truth,6,0,0,0,20,63,True,False,0.0932591781715284,0.9500000000000003,1.9,
ground_truth,6,0,0,0,20,64,True,False,0.0932591781715284,0.9500000000000003,1.9,
ground_truth,6,0,0,0,20,65,True,False,0.0932591781715284,0.9500000000000003,1.9,
ground_truth,6,0,0,0,20,66,True,False,0.0932591781715284,0.9500000000000003,1.9,
ground_truth,6,0,0,0,20,67,True,False,0.0932591781715284,0.9500000000000003,1.9,
ground_truth,6,0,0,0,20,68,True,False,0.0932591781715284,0.9500000000000003,1.9,
ground_truth,6,0,0,0,20,69,True,False,0.0932591781715284,0.9500000000000003,1.9,
ground_truth,6,0,0,0,20,70,True,False,0.0932591781715284,0.9500000000000003,1.9,
ground_truth,6,0,0,0,20,71,True,False,0.0932591781715284,0.9500000000000003,1.9,
ground_truth,6,0,0,0,20,72,True,False,0.0932591781715284,0.9500000000000003,1.9,
ground_truth,6,0,0,0,20,73,True,False,0.0932591781715284,0.9500000000000003,1.9,
ground_truth,6,0,0,0,20,74,True,False,0.0932591781715284,0.9500000000000003,1.9,
ground_truth,6,0,0,0,20,75,True,False,0.0932591781715284,0.9500000000000003,1.9,
ground_truth,6,0,0,0,20,76,True,False,0.0932591781715284,0.9500000000000003,1.9,
ground_truth,6,0,0,0,20,77,True,False,0.0932591781715284,0.9500000000000003,1.9,
ground_truth,6,0,0,0,20,78,True,False,0.0932591781715284,0.9500000000000003,1.9,
ground_truth,6,0,0,0,20,79,True,False,0.0932591781715284,0.9500000000000003,1.9,
ground_truth,6,0,0,0,20,80,True,False,0.0932591781715284,0.9500000000000003,1.9,
ground_truth,6,0,0,0,20,81,True,False,0.0932591781715284,0.9500000000000003,1.9,
ground_truth,6,0,0,0,20,82,True,False,0.0932591781715284,0.9500000000000003,1.9,
ground_truth,6,0,0,0,20,83,True,False,0.0932591781715284,0.9500000000000003,1.9,
ground_truth,6,0,0,0,20,84,True,False,0.0932591781715284,0.9500000000000003,1.9,
ground_truth,6,0,0,0,20,85,True,False,0.0932591781715284,0.9500000000000003,1.9,
ground_truth,6,0,0,0,20,86,True,False,0.0932591781715284,0.9500000000000003,1.9,
ground_truth,6,0,0,0,20,87,True,False,0.0932591781715284,0.9500000000000003,1.9,
ground_truth,6,0,0,0,20,88,True,False,0.0932591781715284,0.9500000000000003,1.9,
ground_truth,6,0,0,0,20,89,True,False,0.0932591781715284,0.9500000000000003,1.9,
ground_truth,6,0,0,0,20,90,True,False,0.0932591781715284,0.9500000000000003,1.9,
ground_truth,6,0,0,0,20,91,True,False,0.0932591781715284,0.9500000000000003,1.9,
ground_truth,6,0,0,0,20,92,True,False,0.0932591781715284,0.9500000000000003,1.9,
ground_truth,6,0,0,0,20,93,True,False,0.0932591781715284,0.9500000000000003,1.9,
ground_truth,6,0,0,0,20,94,True,False,0.0932591781715284,0.9500000000000003,1.9,
ground_truth,6,0,0,0,20,95,True,False,0.0932591781715284,0.9500000000000003,1.9,
ground_truth,6,0,0,0,20,96,True,False,0.0932591781715284,0.9500000000000003,1.9,
ground_truth,6,0,0,0,20,97,True,False,0.0932591781715284,0.9500000000000003,1.9,
ground_truth,6,0,0,0,20,98,True,False,0.0932591781715284,0.9500000000000003,1.9,
ground_truth,6,0,0,0,20,99,True,False,0.0932591781715284,0.9500000000000003,1.9,
ground_truth,6,0,0,0,20,100,True,False,0.0932591781715284,0.9500000000000003,1.9,
noisy,6,0,0,0,20,1,True,False,0.10649879003383544,0.9500000000000003,1.9,0.16987153977559277
noisy,6,0,0,0,20,2,True,False,0.07882908703217262,0.9500000000000003,1.8999999999999997,0.15603943369805232
noisy,6,0,0,0,20,3,True,False,0.06607559125869278,0.9500000000000003,1.8999999999999995,0.2038996976746793
noisy,6,0,0,0,20,4,True,False,0.059412812409382676,0.9500000000000003,1.9000000000000008,0.15822144485305537
noisy,6,0,0,0,20,5,True,False,0.11132244286320359,1.0000000000000002,1.969094704815073,0.16547146313835662
noisy,6,0,0,0,20,6,True,False,0.08213601652658165,0.9500000000000003,1.8963599657791823,0.16336326496114498
noisy,6,0,0,0,20,7,True,False,0.0810055942657244,1.0000000000000002,1.999999999999999,0.15019487510537569
noisy,6,0,0,0,20,8,True,False,0.046306562147326424,0.9500000000000003,1.8881058623012514,0.20391982395141223
noisy,6,0,0,0,20,9,True,False,0.09036543655170148,0.9500000000000003,1.8880864132417678,0.15021699740065167
noisy,6,0,0,0,20,10,True,False,0.10433176915083475,0.9500000000000003,1.9,0.1358276448999924
noisy,6,0,0,0,20,11,True,False,0.09422491426500623,0.9500000000000003,1.8631925631917103,0.16765476941948143
noisy,6,0,0,0,20,12,True,False,0.11038613157037358,1.0000000000000002,2.000000000000002,0.15281626812587268
noisy,6,0,0,0,20,13,True,False,0.06573822904816651,0.9500000000000003,1.889006330304261,0.1814937954602389
noisy,6,0,0,0,20,14,True,False,0.07715416321625468,1.0000000000000002,1.9999999999999996,0.18651214418421352
noisy,6,0,0,0,20,15,True,False,0.03718024817811516,0.9500000000000003,1.8999999999999995,0.16701017496483914
noisy,6,0,0,0,20,16,True,False,0.08802663528313648,0.9500000000000003,1.8999999999999992,0.14735968752103576
noisy,6,0,0,0,20,17,True,False,0.062222707494894,0.9500000000000003,1.8191235690135736,0.18096193035527244
noisy,6,0,0,0,20,18,True,False,0.059458895257462174,0.9500000000000003,1.9000000000000012,0.1772191668921926
noisy,6,0,0,0,20,19,True,False,0.05054291783252074,0.9500000000000003,1.8999999999999997,0.14694801132561508
noisy,6,0,0,0,20,20,True,False,0.061451465430952146,0.9500000000000003,1.8999999999999995,0.197952738014444
noisy,6,0,0,0,20,21,True,False,0.09658488022228551,0.9500000000000003,1.9000000000000008,0.17150362061201718
noisy,6,0,0,0,20,22,True,False,0.08407323176407666,0.9500000000000003,1.900000000000001,0.20005899266155075
noisy,6,0,0,0,20,23,True,False,0.08587694005018554,0.9500000000000003,1.8999999999999977,0.17445190217815895
noisy,6,0,0,0,20,24,True,False,0.10081283137162611,0.9500000000000003,1.8999999999999997,0.18589434142651107
noisy,6,0,0,0,20,25,True,False,0.06070751562838628,1.0000000000000002,2.000000000000001,0.16166442124923291
noisy,6,0,0,0,20,26,True,False,0.0869528514625435,0.9500000000000003,1.9000000000000008,0.21504706446015143
noisy,6,0,0,0,20,27,True,False,0.1382291467047203,1.0000000000000002,2.0,0.15601336519946427
noisy,6,0,0,0,20,28,True,False,0.07111857025441815,1.0000000000000002,2.0000000000000004,0.1769416578676725
noisy,6,0,0,0,20,29,True,False,0.03216608909301555,1.0000000000000002,1.9621061182695831,0.19480408041810893
noisy,6,0,0,0,20,30,True,False,0.06521276889100602,0.9500000000000003,1.9000000000000006,0.13849014309768787
noisy,6,0,0,0,20,31,True,False,0.09709540627048696,0.9500000000000003,1.9000000000000012,0.15088564011493666
noisy,6,0,0,0,20,32,True,False,0.07779859825357271,0.9500000000000003,1.8999999999999995,0.1790557454210231
noisy,6,0,0,0,20,33,True,False,0.04748053979643041,0.9500000000000003,1.9000000000000001,0.14937377176750166
noisy,6,0,0,0,20,34,True,False,0.09537285810568852,0.9500000000000003,1.9000000000000006,0.1428984499927719
noisy,6,0,0,0,20,35,True,False,0.05158193130311606,0.9500000000000003,1.8999999999999975,0.17139669112381198
noisy,6,0,0,0,20,36,True,False,0.10624262447208332,1.0000000000000002,1.9997533686725635,0.1537508563576314
noisy,6,0,0,0,20,37,True,False,0.09565147228096715,0.9500000000000003,1.9,0.17228439861685818
noisy,6,0,0,0,20,38,True,False,0.05282038307399839,0.9500000000000003,1.899999999999999,0.1689555019317451
noisy,6,0,0,0,20,39,True,False,0.11312185543965803,1.0000000000000002,1.9646439262184776,0.15865014328808613
noisy,6,0,0,0,20,40,True,False,0.09137779476445695,1.0000000000000002,2.0000000000000004,0.15817393505633381
noisy,6,0,0,0,20,41,True,False,0.06453414214550524,1.0000000000000002,2.000000000000001,0.1547724377025601
noisy,6,0,0,0,20,42,True,False,0.098571785325547,0.9500000000000003,1.9,0.1429196509246155
noisy,6,0,0,0,20,43,True,False,0.0926766922316331,0.9500000000000003,1.9000000000000012,0.15549720007582415
noisy,6,0,0,0,20,44,True,False,0.09666270143204825,1.0000000000000002,1.9917152262801694,0.1492515775668408
noisy,6,0,0,0,20,45,True,False,0.10277539570539984,0.9500000000000003,1.9000000000000008,0.14505171090472793
noisy,6,0,0,0,20,46,True,False,0.08988285191552015,1.0000000000000002,2.0000000000000013,0.17523427097538816
noisy,6,0,0,0,20,47,True,False,0.09982945792251852,0.9500000000000003,1.8771530948544537,0.15940549768317988
noisy,6,0,0,0,20,48,True,False,0.055974263252409395,0.9500000000000003,1.8999999999999981,0.15270384127451372
noisy,6,0,0,0,20,49,True,False,0.09985181306383417,1.0000000000000002,2.0000000000000013,0.1641898506374724
noisy,6,0,0,0,20,50,True,False,0.0978524044004987,1.0000000000000002,2.0000000000000004,0.19102362487591032
noisy,6,0,0,0,20,51,True,False,0.07934979968339095,1.0000000000000002,1.9637855250253633,0.1899853290816285
noisy,6,0,0,0,20,52,True,False,0.08600584332926031,0.9500000000000003,1.8999999999999997,0.16850590112573308
noisy,6,0,0,0,20,53,True,False,0.0686843944100195,1.0000000000000002,1.958657244349472,0.18852592997970777
noisy,6,0,0,0,20,54,True,False,0.11295408460562784,1.0000000000000002,1.999999999999998,0.15730869703786574
noisy,6,0,0,0,20,55,True,False,0.15002277360858818,1.0000000000000002,1.9999999999999998,0.20677877012892615
noisy,6,0,0,0,20,56,True,False,0.05512437662168801,0.9500000000000003,1.899999999999999,0.1694011132642197
noisy,6,0,0,0,20,57,True,False,0.034479292635237746,0.9500000000000003,1.9000000000000004,0.15466715247466314
noisy,6,0,0,0,20,58,True,False,0.11236458303217822,1.0000000000000002,1.9999999999999991,0.16624194956157964
noisy,6,0,0,0,20,59,True,False,0.008871801461834972,0.9500000000000003,1.8999999999999992,0.16095148382708932
noisy,6,0,0,0,20,60,True,False,0.04666521459826645,1.0000000000000002,1.999999999999999,0.16554029143589746
noisy,6,0,0,0,20,61,True,False,0.0949216842206837,1.0000000000000002,1.9999999999999993,0.17547204020268675
noisy,6,0,0,0,20,62,True,False,0.0897382011348713,0.9500000000000003,1.9,0.15713429170290905
noisy,6,0,0,0,20,63,True,False,0.0684411713880837,0.9500000000000003,1.8999999999999992,0.17035077170716026
noisy,6,0,0,0,20,64,True,False,0.09819894607898094,1.0000000000000002,2.0,0.16019670415456064
noisy,6,0,0,0,20,65,True,False,0.11234799472913637,1.0000000000000002,1.9999999999999982,0.1771269896049201
noisy,6,0,0,0,20,66,True,False,0.08047654462449016,0.9500000000000003,1.8446420376354402,0.16179218999715841
noisy,6,0,0,0,20,67,True,False,0.05406579344310791,0.9500000000000003,1.8366544632419257,0.1543316929309585
noisy,6,0,0,0,20,68,True,False,0.04062706344193012,0.9500000000000003,1.900000000000001,0.14754567397659815
noisy,6,0,0,0,20,69,True,False,0.0668389611081146,0.9500000000000003,1.900000000000002,0.15529790030198443
noisy,6,0,0,0,20,70,True,False,0.062315044488920224,0.9500000000000003,1.889797399376084,0.13362752155253022
noisy,6,0,0,0,20,71,True,False,0.07603233788419494,0.9500000000000003,1.8999999999999995,0.13907909963975448
noisy,6,0,0,0,20,72,True,False,0.10186070472147613,1.0000000000000002,2.000000000000001,0.15635473421213897
noisy,6,0,0,0,20,73,True,False,0.07464464335402465,1.0000000000000002,1.9624893222222217,0.17093876624017115
noisy,6,0,0,0,20,74,True,False,0.06833182396750348,0.9500000000000003,1.8999999999999986,0.18579250440071043
noisy,6,0,0,0,20,75,True,False,0.11705396972797577,1.0000000000000002,1.9999999999999982,0.1550683381299488
noisy,6,0,0,0,20,76,True,False,0.07571827243395157,0.9500000000000003,1.8999999999999988,0.1692572626019002
noisy,6,0,0,0,20,77,True,False,0.1356351853810649,1.0000000000000002,1.9999999999999996,0.14569882651268523
noisy,6,0,0,0,20,78,True,False,0.03428604146733738,1.0000000000000002,2.0000000000000004,0.11436069415677137
noisy,6,0,0,0,20,79,True,False,0.08844459764796597,1.0000000000000002,1.9999999999999982,0.15719375105416003
noisy,6,0,0,0,20,80,True,False,0.1049697034593291,1.0000000000000002,1.990096602573446,0.16723969481251902
noisy,6,0,0,0,20,81,True,False,0.08799633857410649,0.9500000000000003,1.9000000000000004,0.15601136815511826
noisy,6,0,0,0,20,82,True,False,0.13411670257092556,1.0000000000000002,1.9999999999999993,0.17079932405304377
noisy,6,0,0,0,20,83,True,False,0.1023817111895744,1.0000000000000002,1.9910456665568963,0.13822569346767805
noisy,6,0,0,0,20,84,True,False,0.06670914990210663,0.9500000000000003,1.8940471997160484,0.17021854839742165
noisy,6,0,0,0,20,85,True,False,0.13419758664866888,1.0000000000000002,1.948670108112402,0.1733239460109004
noisy,6,0,0,0,20,86,True,False,0.026680300582220928,0.9500000000000003,1.9,0.17540585144405774
noisy,6,0,0,0,20,87,True,False,0.09666397771469337,0.9500000000000003,1.9000000000000017,0.15290331421578118
noisy,6,0,0,0,20,88,True,False,0.07937651089537612,0.9500000000000003,1.8999999999999992,0.14333489428605312
noisy,6,0,0,0,20,89,True,False,0.07522009850234257,0.9500000000000003,1.900000000000001,0.14380095010049468
noisy,6,0,0,0,20,90,True,False,0.06581488314060224,0.9500000000000003,1.8795706439508866,0.19740027232147556
noisy,6,0,0,0,20,91,True,False,0.04675990103272132,0.9500000000000003,1.9000000000000004,0.15290503162276514
noisy,6,0,0,0,20,92,True,False,0.07554868855467434,0.9500000000000003,1.8999999999999997,0.1628099717144517
noisy,6,0,0,0,20,93,True,False,0.08731296777382114,1.0000000000000002,2.0000000000000004,0.14581370159472717
noisy,6,0,0,0,20,94,True,False,0.10969060082614912,0.9500000000000003,1.9000000000000004,0.15352527328442742
noisy,6,0,0,0,20,95,True,False,0.11755874201086436,1.0000000000000002,1.992442467230542,0.16888247700298492
noisy,6,0,0,0,20,96,True,False,0.03362551755140242,0.9500000000000003,1.9,0.15538194308042458
noisy,6,0,0,0,20,97,True,False,0.07619680167457088,0.9000000000000002,1.8000000000000005,0.18573032433585696
noisy,6,0,0,0,20,98,True,False,0.07445471000812587,0.9500000000000003,1.9,0.14822315497569544
noisy,6,0,0,0,20,99,True,False,0.06510586950425479,0.9500000000000003,1.9000000000000012,0.15569463046084125
noisy,6,0,0,0,20,100,True,False,0.024658440797866055,0.9500000000000003,1.8999999999999986,0.17311359509921678
kalman,6,0,0,0,20,1,True,False,0.09055167467557923,0.9500000000000003,1.899999999999999,0.10386053089567528
kalman,6,0,0,0,20,2,True,False,0.06119969995935026,0.9500000000000003,1.899999999999999,0.11688048828076072
kalman,6,0,0,0,20,3,True,False,0.051706345003723175,0.9500000000000003,1.9,0.13992614877287374
kalman,6,0,0,0,20,4,True,False,0.04862690196083719,0.9500000000000003,1.899999999999999,0.08261265203567444
kalman,6,0,0,0,20,5,True,False,0.1391415622914891,0.9500000000000003,1.9000000000000001,0.11102300200784984
kalman,6,0,0,0,20,6,True,False,0.051383779287272446,0.9500000000000003,1.8999999999999981,0.11941714202548175
kalman,6,0,0,0,20,7,True,False,0.06801482681121906,0.9500000000000003,1.9000000000000012,0.11949442879898868
kalman,6,0,0,0,20,8,True,False,0.062161766327098134,0.9000000000000002,1.7999999999999998,0.13935590390606062
kalman,6,0,0,0,20,9,True,False,0.10435926256635697,0.9500000000000003,1.9000000000000008,0.08780109876201578
kalman,6,0,0,0,20,10,True,False,0.13148919707344908,0.9500000000000003,1.9,0.08574889710557464
kalman,6,0,0,0,20,11,True,False,0.08407351629578796,0.9500000000000003,1.8999999999999992,0.1070351190542896
kalman,6,0,0,0,20,12,True,False,0.09062845498844552,1.0000000000000002,1.9999999999999998,0.09349038906849486
kalman,6,0,0,0,20,13,True,False,0.06342316928756131,0.9500000000000003,1.8999999999999995,0.134157907401551
kalman,6,0,0,0,20,14,True,False,0.07361781352784158,1.0000000000000002,2.000000000000001,0.14127883397775962
kalman,6,0,0,0,20,15,True,False,0.024609224535189433,0.9500000000000003,1.9000000000000012,0.11050855575236071
kalman,6,0,0,0,20,16,True,False,0.09673928194636017,1.0000000000000002,1.9999999999999987,0.10049116645031234
kalman,6,0,0,0,20,17,True,False,0.1120957158676974,0.9500000000000003,1.9000000000000004,0.12509051183421707
kalman,6,0,0,0,20,18,True,False,0.03021347551248943,0.9500000000000003,1.9000000000000021,0.11305533288798846
kalman,6,0,0,0,20,19,True,False,0.043104530148216025,0.9500000000000003,1.8999999999999988,0.09531521066001156
kalman,6,0,0,0,20,20,True,False,0.07199457299476242,0.9000000000000002,1.800000000000001,0.1083113394246012
kalman,6,0,0,0,20,21,True,False,0.12848873868595345,0.9500000000000003,1.8999999999999995,0.09665333402794181
kalman,6,0,0,0,20,22,True,False,0.06718049001766468,0.9500000000000003,1.899999999999999,0.1380288958296848
kalman,6,0,0,0,20,23,True,False,0.07258026061417322,0.9500000000000003,1.900000000000002,0.10160730601175556
kalman,6,0,0,0,20,24,True,False,0.09050621089122557,0.9500000000000003,1.900000000000001,0.07853325911583205
kalman,6,0,0,0,20,25,True,False,0.03430397951514452,1.0000000000000002,1.9999999999999993,0.117428373139586
kalman,6,0,0,0,20,26,True,False,0.09627711118492743,1.0000000000000002,1.9999999999999987,0.13258145615107553
kalman,6,0,0,0,20,27,True,False,0.14941881174408378,1.0000000000000002,2.000000000000001,0.1258062511253841
kalman,6,0,0,0,20,28,True,False,0.07932895699486031,1.0000000000000002,2.0000000000000018,0.08332550845126228
kalman,6,0,0,0,20,29,True,False,0.12509087126199492,1.0000000000000002,2.0000000000000004,0.10784129519002705
kalman,6,0,0,0,20,30,True,False,0.059550422650722856,0.9500000000000003,1.9000000000000001,0.09017657056638952
kalman,6,0,0,0,20,31,True,False,0.13021142066423885,0.9500000000000003,1.9000000000000015,0.09946644382774375
kalman,6,0,0,0,20,32,True,False,0.07642280206093321,0.9500000000000003,1.899999999999999,0.08173959636286027
kalman,6,0,0,0,20,33,True,False,0.04182420617771543,0.9500000000000003,1.900000000000001,0.10710216242339247
kalman,6,0,0,0,20,34,True,False,0.09768842662902766,0.9500000000000003,1.9000000000000012,0.08016920144672139
kalman,6,0,0,0,20,35,True,False,0.029429603820517736,0.9500000000000003,1.8999999999999992,0.11012290048307387
kalman,6,0,0,0,20,36,True,False,0.09691330930248676,1.0000000000000002,2.0000000000000004,0.09656896785954028
kalman,6,0,0,0,20,37,True,False,0.06782500013569703,0.9500000000000003,1.900000000000001,0.08969484115907424
kalman,6,0,0,0,20,38,True,False,0.05337959188972108,0.9500000000000003,1.8999999999999997,0.10432425185132153
kalman,6,0,0,0,20,39,True,False,0.13831911598889746,1.0000000000000002,1.9999999999999993,0.08221708103490173
kalman,6,0,0,0,20,40,True,False,0.11962912244690327,1.0000000000000002,2.0000000000000004,0.08523140880567014
kalman,6,0,0,0,20,41,True,False,0.06456619568186284,1.0000000000000002,2.0000000000000004,0.12308525073487796
kalman,6,0,0,0,20,42,True,False,0.12450865758448248,1.0000000000000002,1.9999999999999996,0.10575427712068221
kalman,6,0,0,0,20,43,True,False,0.09095216175996601,0.9500000000000003,1.9000000000000008,0.09651102679485182
kalman,6,0,0,0,20,44,True,False,0.11494941837509876,1.0000000000000002,1.9999999999999996,0.09444507067218201
kalman,6,0,0,0,20,45,True,False,0.13301455458452272,0.9500000000000003,1.9000000000000008,0.09419000496418801
kalman,6,0,0,0,20,46,True,False,0.08855200968229981,0.9500000000000003,1.8999999999999992,0.0777152759258267
kalman,6,0,0,0,20,47,True,False,0.11792024392513545,0.9500000000000003,1.8999999999999992,0.11970146011717003
kalman,6,0,0,0,20,48,True,False,0.0551664230763631,0.9500000000000003,1.9000000000000004,0.09729056863321182
kalman,6,0,0,0,20,49,True,False,0.08550312008822925,1.0000000000000002,1.9999999999999996,0.1227908987608915
kalman,6,0,0,0,20,50,True,False,0.07115905153640889,0.9500000000000003,1.9000000000000015,0.12986631203485421
kalman,6,0,0,0,20,51,True,False,0.12023459690050808,1.0000000000000002,1.9513497059478262,0.09937090591654707
kalman,6,0,0,0,20,52,True,False,0.07571866973665409,0.9500000000000003,1.9000000000000028,0.08290030983432585
kalman,6,0,0,0,20,53,True,False,0.06743377116298266,1.0000000000000002,1.9999999999999996,0.1145885234920084
kalman,6,0,0,0,20,54,True,False,0.11670517859046936,1.0000000000000002,2.0000000000000018,0.10459208686137195
kalman,6,0,0,0,20,55,True,False,0.12597585245320286,1.0000000000000002,2.000000000000001,0.15910670662245044
kalman,6,0,0,0,20,56,True,False,0.03791038187078399,0.9500000000000003,1.8999999999999997,0.10774467400728295
kalman,6,0,0,0,20,57,True,False,0.060767547320915494,0.9500000000000003,1.9,0.07440459571010988
kalman,6,0,0,0,20,58,True,False,0.10481368314723549,1.0000000000000002,2.0000000000000004,0.09656563003213206
kalman,6,0,0,0,20,59,True,False,0.01272893938023012,0.9000000000000002,1.8000000000000007,0.11486794087277552
kalman,6,0,0,0,20,60,True,False,0.023181124782681195,0.9500000000000003,1.9000000000000004,0.09955559886917863
kalman,6,0,0,0,20,61,True,False,0.05960835755555216,1.0000000000000002,2.0000000000000004,0.12549841260766031
kalman,6,0,0,0,20,62,True,False,0.07330676119014146,1.0000000000000002,1.9999999999999996,0.10588560758931052
kalman,6,0,0,0,20,63,True,False,0.06383047759929772,0.9500000000000003,1.8999999999999984,0.11303035465056642
kalman,6,0,0,0,20,64,True,False,0.10470242725604484,1.0000000000000002,1.999999999999999,0.08737905984698853
kalman,6,0,0,0,20,65,True,False,0.10995694208525819,1.0000000000000002,2.0000000000000004,0.11658577378043047
kalman,6,0,0,0,20,66,True,False,0.07715533227478022,0.9500000000000003,1.9000000000000001,0.09281792723924288
kalman,6,0,0,0,20,67,True,False,0.05786269578055259,0.9000000000000002,1.8000000000000007,0.1122408783084585
kalman,6,0,0,0,20,68,True,False,0.02923680902956516,0.9500000000000003,1.899999999999999,0.10110234014559664
kalman,6,0,0,0,20,69,True,False,0.062349520660454294,0.9500000000000003,1.9000000000000015,0.10072570793419133
kalman,6,0,0,0,20,70,True,False,0.1125888707554008,0.9500000000000003,1.900000000000001,0.10057544061459409
kalman,6,0,0,0,20,71,True,False,0.10238490101989961,0.9500000000000003,1.9,0.06630617542029191
kalman,6,0,0,0,20,72,True,False,0.12667495700203668,0.9500000000000003,1.8999999999999995,0.08832563318492244
kalman,6,0,0,0,20,73,True,False,0.10726206556115558,1.0000000000000002,2.000000000000001,0.09412381944757525
kalman,6,0,0,0,20,74,True,False,0.07548414205720322,0.9500000000000003,1.9000000000000001,0.10289941352297868
kalman,6,0,0,0,20,75,True,False,0.10883588770148278,0.9500000000000003,1.9000000000000006,0.07361892599793003
kalman,6,0,0,0,20,76,True,False,0.05582796087526298,0.9500000000000003,1.9000000000000008,0.10667735344123247
kalman,6,0,0,0,20,77,True,False,0.12995496513332783,1.0000000000000002,2.0000000000000013,0.09549718020943827
kalman,6,0,0,0,20,78,True,False,0.026284895354142357,0.9500000000000003,1.8999999999999997,0.09021114707565997
kalman,6,0,0,0,20,79,True,False,0.06202287299302611,0.9500000000000003,1.8999999999999995,0.09824138457638654
kalman,6,0,0,0,20,80,True,False,0.11130223255551397,1.0000000000000002,2.0000000000000004,0.11802931298880262
kalman,6,0,0,0,20,81,True,False,0.08141843059923226,0.9500000000000003,1.8999999999999986,0.1023419415221454
kalman,6,0,0,0,20,82,True,False,0.10317981266630327,0.9500000000000003,1.9000000000000017,0.10679574587101343
kalman,6,0,0,0,20,83,True,False,0.11129684239305937,1.0000000000000002,1.9999999999999993,0.08981039690882535
kalman,6,0,0,0,20,84,True,False,0.13446323627302958,1.0000000000000002,1.9999999999999996,0.0924656004042447
kalman,6,0,0,0,20,85,True,False,0.150685469446578,1.0000000000000002,1.9975790616181714,0.11385542088882411
kalman,6,0,0,0,20,86,True,False,0.03078132627669361,0.9500000000000003,1.9,0.10882971648347571
kalman,6,0,0,0,20,87,True,False,0.14429143606023875,1.0000000000000002,2.000000000000001,0.10578385577221303
kalman,6,0,0,0,20,88,True,False,0.11975008254480657,0.9500000000000003,1.8999999999999997,0.07541258486029283
kalman,6,0,0,0,20,89,True,False,0.07807979264475073,0.9500000000000003,1.900000000000001,0.08702102684430442
kalman,6,0,0,0,20,90,True,False,0.07251260342221144,0.9500000000000003,1.8942770205582682,0.13053407721985377
kalman,6,0,0,0,20,91,True,False,0.05659148693416105,0.9500000000000003,1.9000000000000006,0.1023991698122606
kalman,6,0,0,0,20,92,True,False,0.08301573812482221,0.9500000000000003,1.8999999999999995,0.11944235538594888
kalman,6,0,0,0,20,93,True,False,0.07292469975322824,0.9500000000000003,1.8999999999999997,0.09031766416810418
kalman,6,0,0,0,20,94,True,False,0.12653885974406287,1.0000000000000002,1.999999999999999,0.0918840243911614
kalman,6,0,0,0,20,95,True,False,0.1612680935487263,1.0000000000000002,1.9958851835436298,0.10439930041490078
kalman,6,0,0,0,20,96,True,False,0.035178436358552334,0.9500000000000003,1.8999999999999995,0.13748927235746342
kalman,6,0,0,0,20,97,True,False,0.1164056325889018,0.9500000000000003,1.8999999999999995,0.10935437786721401
kalman,6,0,0,0,20,98,True,False,0.0554404426587658,0.9500000000000003,1.9000000000000006,0.0802472621688004
kalman,6,0,0,0,20,99,True,False,0.060515676042395494,0.9500000000000003,1.9000000000000012,0.0980616888374398
kalman,6,0,0,0,20,100,True,False,0.039011584934051546,0.9500000000000003,1.9,0.1090725362359259
ground_truth,8,0,0,0,20,1,True,False,0.0932591781715284,0.9500000000000003,1.9,
ground_truth,8,0,0,0,20,2,True,False,0.0932591781715284,0.9500000000000003,1.9,
ground_truth,8,0,0,0,20,3,True,False,0.0932591781715284,0.9500000000000003,1.9,
ground_truth,8,0,0,0,20,4,True,False,0.0932591781715284,0.9500000000000003,1.9,
ground_truth,8,0,0,0,20,5,True,False,0.0932591781715284,0.9500000000000003,1.9,
ground_truth,8,0,0,0,20,6,True,False,0.0932591781715284,0.9500000000000003,1.9,
ground_truth,8,0,0,0,20,7,True,False,0.0932591781715284,0.9500000000000003,1.9,
ground_truth,8,0,0,0,20,8,True,False,0.0932591781715284,0.9500000000000003,1.9,
ground_truth,8,0,0,0,20,9,True,False,0.0932591781715284,0.9500000000000003,1.9,
ground_truth,8,0,0,0,20,10,True,False,0.0932591781715284,0.9500000000000003,1.9,
ground_truth,8,0,0,0,20,11,True,False,0.0932591781715284,0.9500000000000003,1.9,
ground_truth,8,0,0,0,20,12,True,False,0.0932591781715284,0.9500000000000003,1.9,
ground_truth,8,0,0,0,20,13,True,False,0.0932591781715284,0.9500000000000003,1.9,
ground_truth,8,0,0,0,20,14,True,False,0.0932591781715284,0.9500000000000003,1.9,
ground_truth,8,0,0,0,20,15,True,False,0.0932591781715284,0.9500000000000003,1.9,
ground_truth,8,0,0,0,20,16,True,False,0.0932591781715284,0.9500000000000003,1.9,
ground_truth,8,0,0,0,20,17,True,False,0.0932591781715284,0.9500000000000003,1.9,
ground_truth,8,0,0,0,20,18,True,False,0.0932591781715284,0.9500000000000003,1.9,
ground_truth,8,0,0,0,20,19,True,False,0.0932591781715284,0.9500000000000003,1.9,
ground_truth,8,0,0,0,20,20,True,False,0.0932591781715284,0.9500000000000003,1.9,
ground_truth,8,0,0,0,20,21,True,False,0.0932591781715284,0.9500000000000003,1.9,
ground_truth,8,0,0,0,20,22,True,False,0.0932591781715284,0.9500000000000003,1.9,
ground_truth,8,0,0,0,20,23,True,False,0.0932591781715284,0.9500000000000003,1.9,
ground_truth,8,0,0,0,20,24,True,False,0.0932591781715284,0.9500000000000003,1.9,
ground_truth,8,0,0,0,20,25,True,False,0.0932591781715284,0.9500000000000003,1.9,
ground_truth,8,0,0,0,20,26,True,False,0.0932591781715284,0.9500000000000003,1.9,
ground_truth,8,0,0,0,20,27,True,False,0.0932591781715284,0.9500000000000003,1.9,
ground_truth,8,0,0,0,20,28,True,False,0.0932591781715284,0.9500000000000003,1.9,
ground_truth,8,0,0,0,20,29,True,False,0.0932591781715284,0.9500000000000003,1.9,
ground_truth,8,0,0,0,20,30,True,False,0.0932591781715284,0.9500000000000003,1.9,
ground_truth,8,0,0,0,20,31,True,False,0.0932591781715284,0.9500000000000003,1.9,
ground_truth,8,0,0,0,20,32,True,False,0.0932591781715284,0.9500000000000003,1.9,
ground_truth,8,0,0,0,20,33,True,False,0.0932591781715284,0.9500000000000003,1.9,
ground_truth,8,0,0,0,20,34,True,False,0.0932591781715284,0.9500000000000003,1.9,
ground_truth,8,0,0,0,20,35,True,False,0.0932591781715284,0.9500000000000003,1.9,
ground_truth,8,0,0,0,20,36,True,False,0.0932591781715284,0.9500000000000003,1.9,
ground_truth,8,0,0,0,20,37,True,False,0.0932591781715284,0.9500000000000003,1.9,
ground_truth,8,0,0,0,20,38,True,False,0.0932591781715284,0.9500000000000003,1.9,
ground_truth,8,0,0,0,20,39,True,False,0.0932591781715284,0.9500000000000003,1.9,
ground_truth,8,0,0,0,20,40,True,False,0.0932591781715284,0.9500000000000003,1.9,
ground_truth,8,0,0,0,20,41,True,False,0.0932591781715284,0.9500000000000003,1.9,
ground_truth,8,0,0,0,20,42,True,False,0.0932591781715284,0.9500000000000003,1.9,
ground_truth,8,0,0,0,20,43,True,False,0.0932591781715284,0.9500000000000003,1.9,
ground_truth,8,0,0,0,20,44,True,False,0.0932591781715284,0.9500000000000003,1.9,
ground_truth,8,0,0,0,20,45,True,False,0.0932591781715284,0.9500000000000003,1.9,
ground_truth,8,0,0,0,20,46,True,False,0.0932591781715284,0.9500000000000003,1.9,
ground_truth,8,0,0,0,20,47,True,False,0.0932591781715284,0.9500000000000003,1.9,
ground_truth,8,0,0,0,20,48,True,False,0.0932591781715284,0.9500000000000003,1.9,
ground_truth,8,0,0,0,20,49,True,False,0.0932591781715284,0.9500000000000003,1.9,
ground_truth,8,0,0,0,20,50,True,False,0.0932591781715284,0.9500000000000003,1.9,
ground_truth,8,0,0,0,20,51,True,False,0.0932591781715284,0.9500000000000003,1.9,
ground_truth,8,0,0,0,20,52,True,False,0.0932591781715284,0.9500000000000003,1.9,
ground_truth,8,0,0,0,20,53,True,False,0.0932591781715284,0.9500000000000003,1.9,
ground_truth,8,0,0,0,20,54,True,False,0.0932591781715284,0.9500000000000003,1.9,
ground_truth,8,0,0,0,20,55,True,False,0.0932591781715284,0.9500000000000003,1.9,
ground_truth,8,0,0,0,20,56,True,False,0.0932591781715284,0.9500000000000003,1.9,
ground_truth,8,0,0,0,20,57,True,False,0.0932591781715284,0.9500000000000003,1.9,
ground_truth,8,0,0,0,20,58,True,False,0.0932591781715284,0.9500000000000003,1.9,
ground_truth,8,0,0,0,20,59,True,False,0.0932591781715284,0.9500000000000003,1.9,
ground_truth,8,0,0,0,20,60,True,False,0.0932591781715284,0.9500000000000003,1.9,
ground_truth,8,0,0,0,20,61,True,False,0.0932591781715284,0.9500000000000003,1.9,
ground_truth,8,0,0,0,20,62,True,False,0.0932591781715284,0.9500000000000003,1.9,
ground_truth,8,0,0,0,20,63,True,False,0.0932591781715284,0.9500000000000003,1.9,
ground_truth,8,0,0,0,20,64,True,False,0.0932591781715284,0.9500000000000003,1.9,
ground_truth,8,0,0,0,20,65,True,False,0.0932591781715284,0.9500000000000003,1.9,
ground_truth,8,0,0,0,20,66,True,False,0.0932591781715284,0.9500000000000003,1.9,
ground_truth,8,0,0,0,20,67,True,False,0.0932591781715284,0.9500000000000003,1.9,
ground_truth,8,0,0,0,20,68,True,False,0.0932591781715284,0.9500000000000003,1.9,
ground_truth,8,0,0,0,20,69,True,False,0.0932591781715284,0.9500000000000003,1.9,
ground_truth,8,0,0,0,20,70,True,False,0.0932591781715284,0.9500000000000003,1.9,
ground_truth,8,0,0,0,20,71,True,False,0.0932591781715284,0.9500000000000003,1.9,
ground_truth,8,0,0,0,20,72,True,False,0.0932591781715284,0.9500000000000003,1.9,
ground_truth,8,0,0,0,20,73,True,False,0.0932591781715284,0.9500000000000003,1.9,
ground_truth,8,0,0,0,20,74,True,False,0.0932591781715284,0.9500000000000003,1.9,
ground_truth,8,0,0,0,20,75,True,False,0.0932591781715284,0.9500000000000003,1.9,
ground_truth,8,0,0,0,20,76,True,False,0.0932591781715284,0.9500000000000003,1.9,
ground_truth,8,0,0,0,20,77,True,False,0.0932591781715284,0.9500000000000003,1.9,
ground_truth,8,0,0,0,20,78,True,False,0.0932591781715284,0.9500000000000003,1.9,
ground_truth,8,0,0,0,20,79,True,False,0.0932591781715284,0.9500000000000003,1.9,
ground_truth,8,0,0,0,20,80,True,False,0.0932591781715284,0.9500000000000003,1.9,
ground_truth,8,0,0,0,20,81,True,False,0.0932591781715284,0.9500000000000003,1.9,
ground_truth,8,0,0,0,20,82,True,False,0.0932591781715284,0.9500000000000003,1.9,
ground_truth,8,0,0,0,20,83,True,False,0.0932591781715284,0.9500000000000003,1.9,
ground_truth,8,0,0,0,20,84,True,False,0.0932591781715284,0.9500000000000003,1.9,
ground_truth,8,0,0,0,20,85,True,False,0.0932591781715284,0.9500000000000003,1.9,
ground_truth,8,0,0,0,20,86,True,False,0.0932591781715284,0.9500000000000003,1.9,
ground_truth,8,0,0,0,20,87,True,False,0.0932591781715284,0.9500000000000003,1.9,
ground_truth,8,0,0,0,20,88,True,False,0.0932591781715284,0.9500000000000003,1.9,
ground_truth,8,0,0,0,20,89,True,False,0.0932591781715284,0.9500000000000003,1.9,
ground_truth,8,0,0,0,20,90,True,False,0.0932591781715284,0.9500000000000003,1.9,
ground_truth,8,0,0,0,20,91,True,False,0.0932591781715284,0.9500000000000003,1.9,
ground_truth,8,0,0,0,20,92,True,False,0.0932591781715284,0.9500000000000003,1.9,
ground_truth,8,0,0,0,20,93,True,False,0.0932591781715284,0.9500000000000003,1.9,
ground_truth,8,0,0,0,20,94,True,False,0.0932591781715284,0.9500000000000003,1.9,
ground_truth,8,0,0,0,20,95,True,False,0.0932591781715284,0.9500000000000003,1.9,
ground_truth,8,0,0,0,20,96,True,False,0.0932591781715284,0.9500000000000003,1.9,
ground_truth,8,0,0,0,20,97,True,False,0.0932591781715284,0.9500000000000003,1.9,
ground_truth,8,0,0,0,20,98,True,False,0.0932591781715284,0.9500000000000003,1.9,
ground_truth,8,0,0,0,20,99,True,False,0.0932591781715284,0.9500000000000003,1.9,
ground_truth,8,0,0,0,20,100,True,False,0.0932591781715284,0.9500000000000003,1.9,
noisy,8,0,0,0,20,1,True,False,0.09293682976588236,0.9500000000000003,1.9000000000000017,0.2264953863674569
noisy,8,0,0,0,20,2,True,False,0.07375370130971892,1.0000000000000002,1.9999999999999993,0.20441088195385515
noisy,8,0,0,0,20,3,True,False,0.0694077806990463,0.9500000000000003,1.900000000000001,0.271866263566239
noisy,8,0,0,0,20,4,True,False,0.046296541082184284,0.9500000000000003,1.8999999999999995,0.21096192647074077
noisy,8,0,0,0,20,5,True,False,0.10630348080019858,1.0000000000000002,1.9499882276074727,0.22062861751780866
noisy,8,0,0,0,20,6,True,False,0.07763372377587885,1.0000000000000002,1.9609230527718766,0.21526306613477306
noisy,8,0,0,0,20,7,True,False,0.06697788105615476,1.0000000000000002,2.0,0.20025983347383428
noisy,8,0,0,0,20,8,True,False,0.028492959834519604,0.9000000000000002,1.7999999999999987,0.2613521821131958
noisy,8,0,0,0,20,9,True,False,0.07951649878569578,0.9500000000000003,1.839360839173805,0.20028932986753573
noisy,8,0,0,0,20,10,True,False,0.10002031575273485,0.9500000000000003,1.9000000000000001,0.18110352653332318
noisy,8,0,0,0,20,11,True,False,0.08550962880159241,1.0000000000000002,1.97030813124359,0.22002610132167136
noisy,8,0,0,0,20,12,True,False,0.10919944706082041,1.0000000000000002,1.9999999999999996,0.20375502416783015
noisy,8,0,0,0,20,13,True,False,0.05860160210078735,1.0000000000000002,1.941169386878243,0.23801994786582667
noisy,8,0,0,0,20,14,True,False,0.09506474026905787,1.0000000000000002,2.000000000000001,0.2486828589122847
noisy,8,0,0,0,20,15,True,False,0.014636019952702028,0.9500000000000003,1.8999999999999997,0.22268023328645212
noisy,8,0,0,0,20,16,True,False,0.07120514877191386,0.9500000000000003,1.8999999999999986,0.19647958336138072
noisy,8,0,0,0,20,17,True,False,0.031890559051317435,0.9500000000000003,1.8360295704125933,0.24128257380703
noisy,8,0,0,0,20,18,True,False,0.04472951049812601,0.9500000000000003,1.893105574119689,0.23629222252292345
noisy,8,0,0,0,20,19,True,False,0.03171667891945784,0.9500000000000003,1.9,0.19593068176748696
noisy,8,0,0,0,20,20,True,False,0.0663148957538533,0.9500000000000003,1.9000000000000001,0.2639369840192587
noisy,8,0,0,0,20,21,True,False,0.08907877569450351,1.0000000000000002,1.991048182979359,0.22459759470849855
noisy,8,0,0,0,20,22,True,False,0.06702538992099583,0.9500000000000003,1.9000000000000015,0.2667453235487342
noisy,8,0,0,0,20,23,True,False,0.08339523024045326,0.9500000000000003,1.9000000000000012,0.23260253623754523
noisy,8,0,0,0,20,24,True,False,0.09850699827829135,0.9500000000000003,1.8999999999999995,0.24785912190201462
noisy,8,0,0,0,20,25,True,False,0.0574496553402748,1.0000000000000002,2.0000000000000004,0.21555256166564368
noisy,8,0,0,0,20,26,True,False,0.07676288487581329,0.9500000000000003,1.9000000000000012,0.286729419280202
noisy,8,0,0,0,20,27,True,False,0.14198153147926273,1.0000000000000002,2.000000000000001,0.20801782026595247
noisy,8,0,0,0,20,28,True,False,0.06756620332037788,0.9500000000000003,1.892575639829666,0.223577495577248
noisy,8,0,0,0,20,29,False,True,-0.04369988919404588,,0.7993072619619016,0.30882528391904096
noisy,8,0,0,0,20,30,True,False,0.04480917105725535,0.9500000000000003,1.8999999999999997,0.18465352413025066
noisy,8,0,0,0,20,31,True,False,0.08998805865900206,1.0000000000000002,1.995978522841646,0.19672620672748561
noisy,8,0,0,0,20,32,True,False,0.058621676437761616,0.9500000000000003,1.9000000000000017,0.23874099389469747
noisy,8,0,0,0,20,33,True,False,0.032114101551592444,0.9500000000000003,1.9000000000000008,0.19916502902333555
noisy,8,0,0,0,20,34,True,False,0.0936414830500707,0.9500000000000003,1.8999999999999997,0.19053126665702932
noisy,8,0,0,0,20,35,True,False,0.041513525960007014,0.9500000000000003,1.9000000000000006,0.22852892149841603
noisy,8,0,0,0,20,36,True,False,0.10719248547624072,1.0000000000000002,1.9978105239479251,0.2050011418101749
noisy,8,0,0,0,20,37,True,False,0.0964513206763069,0.9500000000000003,1.8999999999999997,0.2297125314891443
noisy,8,0,0,0,20,38,True,False,0.02390434180973733,0.9500000000000003,1.9000000000000001,0.2252740025756598
noisy,8,0,0,0,20,39,True,False,0.11329809948463265,1.0500000000000003,2.0603971711432827,0.21008272887555832
noisy,8,0,0,0,20,40,True,False,0.08224709953729459,1.0000000000000002,1.9999999999999996,0.2108985800751118
noisy,8,0,0,0,20,41,True,False,0.06257515146187087,1.0000000000000002,2.000000000000001,0.20636325027008
noisy,8,0,0,0,20,42,True,False,0.10343157365389577,0.9500000000000003,1.9000000000000006,0.19055953456615418
noisy,8,0,0,0,20,43,True,False,0.09264006778693479,0.9500000000000003,1.900000000000001,0.20732960010109924
noisy,8,0,0,0,20,44,True,False,0.09455730122157946,1.0000000000000002,1.9813289267985226,0.1990021034224541
noisy,8,0,0,0,20,45,True,False,0.09369683004419138,0.9500000000000003,1.8999999999999997,0.19340228120630407
noisy,8,0,0,0,20,46,True,False,0.08618319811269592,1.0000000000000002,1.9999999999999987,0.23364569463385063
noisy,8,0,0,0,20,47,True,False,0.08516101704977097,0.9500000000000003,1.8406783060363114,0.21254066357757304
noisy,8,0,0,0,20,48,True,False,0.050417645107741604,1.0000000000000002,1.9999999999999998,0.21708107407649446
noisy,8,0,0,0,20,49,True,False,0.10243478949703988,1.0000000000000002,2.0000000000000013,0.21891980084996301
noisy,8,0,0,0,20,50,True,False,0.09412962631893618,1.0000000000000002,1.9999999999999987,0.25469816650121413
noisy,8,0,0,0,20,51,True,False,0.0695530338119914,1.0000000000000002,1.9110666077303224,0.25331377210883793
noisy,8,0,0,0,20,52,True,False,0.06727610900504044,0.9500000000000003,1.9000000000000001,0.22467453483431052
noisy,8,0,0,0,20,53,True,False,0.0610065352231306,1.0000000000000002,1.9482413597506503,0.25136790663961056
noisy,8,0,0,0,20,54,True,False,0.11557441450150341,1.0000000000000002,1.9999999999999993,0.20974492938382122
noisy,8,0,0,0,20,55,True,False,0.14726503433124383,1.0000000000000002,1.991297732278519,0.2757050268385683
noisy,8,0,0,0,20,56,True,False,0.032522884866438284,0.9500000000000003,1.900000000000001,0.22586815101895955
noisy,8,0,0,0,20,57,True,False,0.007095549457601047,0.9000000000000002,1.799999999999999,0.21127504307638706
noisy,8,0,0,0,20,58,True,False,0.11784136590095118,1.0000000000000002,1.9907251029261757,0.2216559327487728
noisy,8,0,0,0,20,59,False,True,-0.012931758839622276,,0.5999999999999998,0.21755942004716972
noisy,8,0,0,0,20,60,True,False,0.03933582145677561,1.0000000000000002,2.0000000000000004,0.22072038858119652
noisy,8,0,0,0,20,61,True,False,0.09382104465625463,1.0000000000000002,2.0,0.23396272027024903
noisy,8,0,0,0,20,62,True,False,0.08879078350650604,0.9500000000000003,1.9000000000000008,0.209512388937212
noisy,8,0,0,0,20,63,True,False,0.0533572899031336,0.9500000000000003,1.8903505570601704,0.22713436227621367
noisy,8,0,0,0,20,64,True,False,0.10133161025351889,1.0000000000000002,1.9999999999999996,0.21359560553941387
noisy,8,0,0,0,20,65,True,False,0.092583587354931,1.0000000000000002,1.9999999999999998,0.2361693194732267
noisy,8,0,0,0,20,66,True,False,0.05315018624083234,0.9500000000000003,1.860880466622543,0.21572291999621113
noisy,8,0,0,0,20,67,True,False,0.017477702993172306,0.9500000000000003,1.8212070259299662,0.20577559057461114
noisy,8,0,0,0,20,68,True,False,0.022283662287427175,0.9500000000000003,1.8999999999999992,0.19672756530213117
noisy,8,0,0,0,20,69,True,False,0.06872923891285154,0.9500000000000003,1.873362394348559,0.20706386706931285
noisy,8,0,0,0,20,70,True,False,0.03842899192187277,0.9500000000000003,1.8601790663989195,0.17817002873670676
noisy,8,0,0,0,20,71,True,False,0.06606652674222024,0.9500000000000003,1.9,0.18543879951967268
noisy,8,0,0,0,20,72,True,False,0.10135349381796854,1.0000000000000002,1.9999999999999996,0.20847297894951877
noisy,8,0,0,0,20,73,True,False,0.057695175366140994,1.0000000000000002,1.9411443088385278,0.22791835498689458
noisy,8,0,0,0,20,74,True,False,0.05760913241204224,0.9500000000000003,1.8702813550264117,0.2477233392009471
noisy,8,0,0,0,20,75,True,False,0.1212779916748532,1.0000000000000002,2.000000000000002,0.20675778417326554
noisy,8,0,0,0,20,76,True,False,0.07482797498194449,0.9500000000000003,1.9000000000000008,0.2256763501358671
noisy,8,0,0,0,20,77,True,False,0.1342518569363227,1.0000000000000002,1.9914932810720676,0.19426510201691372
noisy,8,0,0,0,20,78,True,False,0.011770138225688065,1.0000000000000002,1.999999999999999,0.1524809255423618
noisy,8,0,0,0,20,79,True,False,0.091196866275427,1.0000000000000002,1.9726445955034926,0.20959166807221338
noisy,8,0,0,0,20,80,True,False,0.10225389410459651,1.0500000000000003,2.081710856915408,0.21947210474800294
noisy,8,0,0,0,20,81,True,False,0.07960207947616738,1.0000000000000002,1.983895865071288,0.2103206625010282
noisy,8,0,0,0,20,82,True,False,0.14225033878000204,1.0000000000000002,2.0,0.22773243207072494
noisy,8,0,0,0,20,83,True,False,0.10383047373561949,1.0000000000000002,1.9642390931307776,0.1843009246235704
noisy,8,0,0,0,20,84,True,False,0.04851637924072083,1.0000000000000002,1.9533809928827395,0.222676853199877
noisy,8,0,0,0,20,85,True,False,0.13602116718753132,1.0000000000000002,1.961063158110633,0.23109859468120067
noisy,8,0,0,0,20,86,True,False,0.01847582629116773,0.9500000000000003,1.899999999999999,0.23387446859207717
noisy,8,0,0,0,20,87,True,False,0.1002623613147795,1.0000000000000002,1.9999999999999996,0.1994092156466021
noisy,8,0,0,0,20,88,True,False,0.07145757304426814,0.9500000000000003,1.899999999999999,0.19111319238140453
noisy,8,0,0,0,20,89,True,False,0.05948788143213091,0.9500000000000003,1.8999999999999995,0.19173460013399296
noisy,8,0,0,0,20,90,True,False,0.06296953430374996,0.9500000000000003,1.837825853645533,0.2632003630953008
noisy,8,0,0,0,20,91,True,False,0.027563368702333113,0.9500000000000003,1.9000000000000006,0.20387337549702017
noisy,8,0,0,0,20,92,True,False,0.07770975421462212,0.9500000000000003,1.9,0.21707996228593554
noisy,8,0,0,0,20,93,True,False,0.0895518827738997,1.0000000000000002,2.0000000000000013,0.19441826879296925
noisy,8,0,0,0,20,94,True,False,0.11490809869181251,1.0000000000000002,1.9999999999999984,0.20690877748118397
noisy,8,0,0,0,20,95,True,False,0.10872763609332647,1.0000000000000002,1.9713017284854435,0.2251766360039798
noisy,8,0,0,0,20,96,True,False,0.003346959942608363,0.9500000000000003,1.9,0.20717592410723257
noisy,8,0,0,0,20,97,True,False,0.05142473855934471,0.9000000000000002,1.77881530570452,0.2476404324478092
noisy,8,0,0,0,20,98,True,False,0.06420335866211313,0.9500000000000003,1.8999999999999992,0.1976308733009272
noisy,8,0,0,0,20,99,True,False,0.05132120998664225,0.9500000000000003,1.8999999999999986,0.20759284061445488
noisy,8,0,0,0,20,100,True,False,0.0014248891571619904,0.9500000000000003,1.9000000000000012,0.23081812679895572
kalman,8,0,0,0,20,1,True,False,0.08782004457019554,0.9500000000000003,1.899999999999999,0.1380692408413389
kalman,8,0,0,0,20,2,True,False,0.05253893232419693,0.9500000000000003,1.9000000000000021,0.15502768919486748
kalman,8,0,0,0,20,3,True,False,0.04126388187726904,0.9500000000000003,1.9000000000000006,0.1862689090312508
kalman,8,0,0,0,20,4,True,False,0.035813339100158936,0.9500000000000003,1.9000000000000006,0.11075101296957049
kalman,8,0,0,0,20,5,True,False,0.13855512190987151,0.9500000000000003,1.9000000000000004,0.1472309182125789
kalman,8,0,0,0,20,6,True,False,0.03324618057483586,0.9500000000000003,1.8790197869719054,0.15723658186299086
kalman,8,0,0,0,20,7,True,False,0.05611071967897385,0.9500000000000003,1.8999999999999988,0.1598530516428686
kalman,8,0,0,0,20,8,True,False,0.04610015807707435,0.9000000000000002,1.8000000000000014,0.18517153558409907
kalman,8,0,0,0,20,9,True,False,0.10815539330456425,0.9500000000000003,1.9000000000000008,0.11644272042867125
kalman,8,0,0,0,20,10,True,False,0.13701931258933975,0.9500000000000003,1.9000000000000001,0.11427501804126425
kalman,8,0,0,0,20,11,True,False,0.07541060145915157,0.9500000000000003,1.8999999999999981,0.1412256364122829
kalman,8,0,0,0,20,12,True,False,0.09093388272161129,1.0000000000000002,2.0000000000000018,0.12425972929915795
kalman,8,0,0,0,20,13,True,False,0.05238457969583932,0.9500000000000003,1.9,0.17781205985782253
kalman,8,0,0,0,20,14,True,False,0.11029852942292862,1.0000000000000002,2.0000000000000004,0.18626926759774748
kalman,8,0,0,0,20,15,True,False,0.00659313434714881,0.9500000000000003,1.8999999999999997,0.14605895059476365
kalman,8,0,0,0,20,16,True,False,0.090027015903543,1.0000000000000002,1.9999999999999991,0.13263645426453644
kalman,8,0,0,0,20,17,True,False,0.11448224293566289,0.9500000000000003,1.9000000000000001,0.1669396135346048
kalman,8,0,0,0,20,18,True,False,0.013234931639117598,0.9500000000000003,1.8999999999999997,0.15025496370444608
kalman,8,0,0,0,20,19,True,False,0.028900789145049233,0.9000000000000002,1.8000000000000012,0.13059145907544373
kalman,8,0,0,0,20,20,True,False,0.06558275778827283,0.9000000000000002,1.7999999999999998,0.1455081469759452
kalman,8,0,0,0,20,21,True,False,0.13136391547326465,1.0000000000000002,2.0,0.12531369379952914
kalman,8,0,0,0,20,22,True,False,0.06253848900549186,0.9500000000000003,1.899999999999999,0.18330462287556507
kalman,8,0,0,0,20,23,True,False,0.06524811498359528,0.9500000000000003,1.9000000000000006,0.13420015746001485
kalman,8,0,0,0,20,24,True,False,0.08988891590111847,0.9500000000000003,1.9000000000000017,0.1063504868248945
kalman,8,0,0,0,20,25,True,False,0.024328067339700166,1.0000000000000002,2.000000000000001,0.15641601923562684
kalman,8,0,0,0,20,26,True,False,0.09441437081430948,1.0000000000000002,1.9999999999999993,0.17638077107735944
kalman,8,0,0,0,20,27,True,False,0.15809430467112429,1.0000000000000002,2.0000000000000004,0.16752286217036788
kalman,8,0,0,0,20,28,True,False,0.07579266370918436,1.0000000000000002,1.9999999999999996,0.11087576960918707
kalman,8,0,0,0,20,29,True,False,0.12124238629465633,1.0000000000000002,2.0000000000000004,0.14416669222727285
kalman,8,0,0,0,20,30,True,False,0.04576330325011391,0.9500000000000003,1.899999999999999,0.11894606421265883
kalman,8,0,0,0,20,31,True,False,0.13353665679692361,1.0000000000000002,1.9515563106553317,0.12872446091280415
kalman,8,0,0,0,20,32,True,False,0.07060963323138014,1.0000000000000002,2.000000000000001,0.10789557834684212
kalman,8,0,0,0,20,33,True,False,0.027168640303321334,0.9500000000000003,1.8999999999999988,0.1443436029827217
kalman,8,0,0,0,20,34,True,False,0.09569218501936239,0.9500000000000003,1.9000000000000008,0.10660758993027396
kalman,8,0,0,0,20,35,True,False,0.0071942254386236915,0.9500000000000003,1.8999999999999981,0.14786857989337227
kalman,8,0,0,0,20,36,True,False,0.09710486585030842,1.0000000000000002,2.0000000000000004,0.12883581979875267
kalman,8,0,0,0,20,37,True,False,0.06168640720475649,0.9500000000000003,1.8999999999999995,0.12141009874014413
kalman,8,0,0,0,20,38,True,False,0.03657909914699875,0.9500000000000003,1.899999999999999,0.13930016880376453
kalman,8,0,0,0,20,39,True,False,0.14897846750730181,1.0000000000000002,2.0000000000000018,0.10795657657763354
kalman,8,0,0,0,20,40,True,False,0.12469692696574097,1.0000000000000002,2.0000000000000004,0.11262139467467022
kalman,8,0,0,0,20,41,True,False,0.05565116939709491,1.0000000000000002,1.9999999999999996,0.16420035534106647
kalman,8,0,0,0,20,42,True,False,0.13540906159612653,1.0000000000000002,1.9819227559045836,0.1394619575724887
kalman,8,0,0,0,20,43,True,False,0.09014153170999961,0.9500000000000003,1.9,0.1287545110506205
kalman,8,0,0,0,20,44,True,False,0.12230648847254932,1.0000000000000002,1.9999999999999996,0.12508013984990096
kalman,8,0,0,0,20,45,True,False,0.13706207980964757,0.9500000000000003,1.8999999999999995,0.12537157072976987
kalman,8,0,0,0,20,46,True,False,0.08571229855586915,1.0000000000000002,2.0,0.10369529600628312
kalman,8,0,0,0,20,47,True,False,0.11217949152548923,0.9500000000000003,1.8850560242915448,0.15823015232485588
kalman,8,0,0,0,20,48,True,False,0.04070033506680515,0.9500000000000003,1.9000000000000012,0.12880377285973799
kalman,8,0,0,0,20,49,True,False,0.07947184643780947,1.0000000000000002,1.9999999999999991,0.16305173675896006
kalman,8,0,0,0,20,50,True,False,0.05869035553747248,0.9500000000000003,1.899999999999999,0.1740150336670373
kalman,8,0,0,0,20,51,True,False,0.11469276795902505,1.0000000000000002,1.8964809761139063,0.13029986244833794
kalman,8,0,0,0,20,52,True,False,0.06885289521260507,0.9500000000000003,1.9000000000000001,0.1118909403473622
kalman,8,0,0,0,20,53,True,False,0.0588589690888075,1.0000000000000002,1.9999999999999998,0.15201722512420152
kalman,8,0,0,0,20,54,True,False,0.11716464390280446,1.0000000000000002,1.9999999999999998,0.13828548896393011
kalman,8,0,0,0,20,55,True,False,0.13264863769255508,1.0000000000000002,2.0000000000000013,0.2118042193994081
kalman,8,0,0,0,20,56,True,False,0.020246418623078855,0.9500000000000003,1.8999999999999997,0.1435382004412212
kalman,8,0,0,0,20,57,True,False,0.04065910130116057,0.9500000000000003,1.9000000000000001,0.09803658897206736
kalman,8,0,0,0,20,58,True,False,0.10925543388936765,1.0000000000000002,1.9999999999999996,0.12872701690315602
kalman,8,0,0,0,20,59,False,True,-0.005585590660728945,,0.5999999999999999,0.18640119092644988
kalman,8,0,0,0,20,60,True,False,0.008664767822585073,0.9500000000000003,1.8999999999999992,0.13180755375633044
kalman,8,0,0,0,20,61,True,False,0.05185222382924359,1.0000000000000002,1.999999999999999,0.16742857277532744
kalman,8,0,0,0,20,62,True,False,0.06842745135647976,1.0000000000000002,1.9999999999999998,0.14272835469572548
kalman,8,0,0,0,20,63,True,False,0.05653513936092858,0.9500000000000003,1.900000000000001,0.15000922947292455
kalman,8,0,0,0,20,64,True,False,0.11064288440092551,1.0000000000000002,1.9999999999999993,0.11596673501456022
kalman,8,0,0,0,20,65,True,False,0.11586139284059427,1.0000000000000002,1.9841539380530269,0.1535052861091998
kalman,8,0,0,0,20,66,True,False,0.06608611554600374,0.9500000000000003,1.8952535254457359,0.1224651993869864
kalman,8,0,0,0,20,67,True,False,0.03961375847120596,0.9000000000000002,1.7999999999999996,0.1495636994333059
kalman,8,0,0,0,20,68,True,False,0.010017266538738134,1.0000000000000002,2.0000000000000004,0.1319902704872775
kalman,8,0,0,0,20,69,True,False,0.0467788599076111,0.9500000000000003,1.9,0.13306319039226344
kalman,8,0,0,0,20,70,True,False,0.10848518015800801,0.9500000000000003,1.9000000000000008,0.13263800857130256
kalman,8,0,0,0,20,71,True,False,0.10408482896611182,0.9500000000000003,1.8999999999999997,0.08782444983456875
kalman,8,0,0,0,20,72,True,False,0.13609100533652652,0.9500000000000003,1.9000000000000008,0.11646930360110205
kalman,8,0,0,0,20,73,True,False,0.10682353487208629,1.0000000000000002,1.9864834062282668,0.1247946443772988
kalman,8,0,0,0,20,74,True,False,0.06724685431283062,0.9500000000000003,1.8999999999999995,0.13569361119009168
kalman,8,0,0,0,20,75,True,False,0.11189692187890099,0.9500000000000003,1.899999999999999,0.09767407008344191
kalman,8,0,0,0,20,76,True,False,0.04522968841486463,0.9500000000000003,1.8999999999999997,0.1424317839655286
kalman,8,0,0,0,20,77,True,False,0.1424443050739279,1.0000000000000002,1.9855651976265394,0.12532955553556988
kalman,8,0,0,0,20,78,False,True,-0.00505135378550392,,0.6000000000000002,0.16147437693295194
kalman,8,0,0,0,20,79,True,False,0.050053155238727776,0.9500000000000003,1.8999999999999992,0.13043900743864484
kalman,8,0,0,0,20,80,True,False,0.11610200527406644,1.0000000000000002,1.9999999999999991,0.15755108405084067
kalman,8,0,0,0,20,81,True,False,0.07548141644223838,1.0000000000000002,2.0000000000000018,0.1354589845580971
kalman,8,0,0,0,20,82,True,False,0.10966521484416059,1.0000000000000002,2.000000000000001,0.14115370337927122
kalman,8,0,0,0,20,83,True,False,0.10887770410364062,1.0000000000000002,1.9999999999999993,0.11853921831671649
kalman,8,0,0,0,20,84,True,False,0.1406683878890005,1.0000000000000002,1.9999999999999998,0.12325687114898567
kalman,8,0,0,0,20,85,True,False,0.1646048458747731,1.0000000000000002,1.9743642300531563,0.15090453429077594
kalman,8,0,0,0,20,86,True,False,0.013299200860176441,1.0000000000000002,1.9999999999999982,0.14221498934707516
kalman,8,0,0,0,20,87,True,False,0.15599841069920473,1.0000000000000002,1.99684030838223,0.140473799388337
kalman,8,0,0,0,20,88,True,False,0.12269499460997202,0.9500000000000003,1.899999999999999,0.10087141443364953
kalman,8,0,0,0,20,89,True,False,0.0715214393665291,0.9500000000000003,1.8999999999999984,0.11567732817286279
kalman,8,0,0,0,20,90,True,False,0.0659078128825521,0.9500000000000003,1.8680668371677025,0.17330578108934622
kalman,8,0,0,0,20,91,True,False,0.034610792269812674,0.9500000000000003,1.8999917436974034,0.13445577608589657
kalman,8,0,0,0,20,92,True,False,0.0857429646807879,0.9500000000000003,1.9,0.15941652790360758
kalman,8,0,0,0,20,93,True,False,0.06451377356151244,0.9500000000000003,1.9000000000000006,0.11796595791351415
kalman,8,0,0,0,20,94,True,False,0.1303102793695441,1.0000000000000002,2.000000000000001,0.12385095380212725
kalman,8,0,0,0,20,95,True,False,0.16949046140820623,1.0000000000000002,1.9830149956934786,0.1382532393083185
kalman,8,0,0,0,20,96,True,False,0.007917158314174166,0.9000000000000002,1.8000000000000003,0.18665273104049598
kalman,8,0,0,0,20,97,True,False,0.12200879173459,0.9500000000000003,1.8999999999999997,0.14651596844117937
kalman,8,0,0,0,20,98,True,False,0.045916519209644235,0.9000000000000002,1.8000000000000005,0.10826312760588712
kalman,8,0,0,0,20,99,True,False,0.051267470522985636,1.0000000000000002,1.9999999999999998,0.12871572150852495
kalman,8,0,0,0,20,100,True,False,0.023398112792699655,0.9500000000000003,1.9000000000000001,0.14388103128596147
ground_truth,10,0,0,0,20,1,True,False,0.0932591781715284,0.9500000000000003,1.9,
ground_truth,10,0,0,0,20,2,True,False,0.0932591781715284,0.9500000000000003,1.9,
ground_truth,10,0,0,0,20,3,True,False,0.0932591781715284,0.9500000000000003,1.9,
ground_truth,10,0,0,0,20,4,True,False,0.0932591781715284,0.9500000000000003,1.9,
ground_truth,10,0,0,0,20,5,True,False,0.0932591781715284,0.9500000000000003,1.9,
ground_truth,10,0,0,0,20,6,True,False,0.0932591781715284,0.9500000000000003,1.9,
ground_truth,10,0,0,0,20,7,True,False,0.0932591781715284,0.9500000000000003,1.9,
ground_truth,10,0,0,0,20,8,True,False,0.0932591781715284,0.9500000000000003,1.9,
ground_truth,10,0,0,0,20,9,True,False,0.0932591781715284,0.9500000000000003,1.9,
ground_truth,10,0,0,0,20,10,True,False,0.0932591781715284,0.9500000000000003,1.9,
ground_truth,10,0,0,0,20,11,True,False,0.0932591781715284,0.9500000000000003,1.9,
ground_truth,10,0,0,0,20,12,True,False,0.0932591781715284,0.9500000000000003,1.9,
ground_truth,10,0,0,0,20,13,True,False,0.0932591781715284,0.9500000000000003,1.9,
ground_truth,10,0,0,0,20,14,True,False,0.0932591781715284,0.9500000000000003,1.9,
ground_truth,10,0,0,0,20,15,True,False,0.0932591781715284,0.9500000000000003,1.9,
ground_truth,10,0,0,0,20,16,True,False,0.0932591781715284,0.9500000000000003,1.9,
ground_truth,10,0,0,0,20,17,True,False,0.0932591781715284,0.9500000000000003,1.9,
ground_truth,10,0,0,0,20,18,True,False,0.0932591781715284,0.9500000000000003,1.9,
ground_truth,10,0,0,0,20,19,True,False,0.0932591781715284,0.9500000000000003,1.9,
ground_truth,10,0,0,0,20,20,True,False,0.0932591781715284,0.9500000000000003,1.9,
ground_truth,10,0,0,0,20,21,True,False,0.0932591781715284,0.9500000000000003,1.9,
ground_truth,10,0,0,0,20,22,True,False,0.0932591781715284,0.9500000000000003,1.9,
ground_truth,10,0,0,0,20,23,True,False,0.0932591781715284,0.9500000000000003,1.9,
ground_truth,10,0,0,0,20,24,True,False,0.0932591781715284,0.9500000000000003,1.9,
ground_truth,10,0,0,0,20,25,True,False,0.0932591781715284,0.9500000000000003,1.9,
ground_truth,10,0,0,0,20,26,True,False,0.0932591781715284,0.9500000000000003,1.9,
ground_truth,10,0,0,0,20,27,True,False,0.0932591781715284,0.9500000000000003,1.9,
ground_truth,10,0,0,0,20,28,True,False,0.0932591781715284,0.9500000000000003,1.9,
ground_truth,10,0,0,0,20,29,True,False,0.0932591781715284,0.9500000000000003,1.9,
ground_truth,10,0,0,0,20,30,True,False,0.0932591781715284,0.9500000000000003,1.9,
ground_truth,10,0,0,0,20,31,True,False,0.0932591781715284,0.9500000000000003,1.9,
ground_truth,10,0,0,0,20,32,True,False,0.0932591781715284,0.9500000000000003,1.9,
ground_truth,10,0,0,0,20,33,True,False,0.0932591781715284,0.9500000000000003,1.9,
ground_truth,10,0,0,0,20,34,True,False,0.0932591781715284,0.9500000000000003,1.9,
ground_truth,10,0,0,0,20,35,True,False,0.0932591781715284,0.9500000000000003,1.9,
ground_truth,10,0,0,0,20,36,True,False,0.0932591781715284,0.9500000000000003,1.9,
ground_truth,10,0,0,0,20,37,True,False,0.0932591781715284,0.9500000000000003,1.9,
ground_truth,10,0,0,0,20,38,True,False,0.0932591781715284,0.9500000000000003,1.9,
ground_truth,10,0,0,0,20,39,True,False,0.0932591781715284,0.9500000000000003,1.9,
ground_truth,10,0,0,0,20,40,True,False,0.0932591781715284,0.9500000000000003,1.9,
ground_truth,10,0,0,0,20,41,True,False,0.0932591781715284,0.9500000000000003,1.9,
ground_truth,10,0,0,0,20,42,True,False,0.0932591781715284,0.9500000000000003,1.9,
ground_truth,10,0,0,0,20,43,True,False,0.0932591781715284,0.9500000000000003,1.9,
ground_truth,10,0,0,0,20,44,True,False,0.0932591781715284,0.9500000000000003,1.9,
ground_truth,10,0,0,0,20,45,True,False,0.0932591781715284,0.9500000000000003,1.9,
ground_truth,10,0,0,0,20,46,True,False,0.0932591781715284,0.9500000000000003,1.9,
ground_truth,10,0,0,0,20,47,True,False,0.0932591781715284,0.9500000000000003,1.9,
ground_truth,10,0,0,0,20,48,True,False,0.0932591781715284,0.9500000000000003,1.9,
ground_truth,10,0,0,0,20,49,True,False,0.0932591781715284,0.9500000000000003,1.9,
ground_truth,10,0,0,0,20,50,True,False,0.0932591781715284,0.9500000000000003,1.9,
ground_truth,10,0,0,0,20,51,True,False,0.0932591781715284,0.9500000000000003,1.9,
ground_truth,10,0,0,0,20,52,True,False,0.0932591781715284,0.9500000000000003,1.9,
ground_truth,10,0,0,0,20,53,True,False,0.0932591781715284,0.9500000000000003,1.9,
ground_truth,10,0,0,0,20,54,True,False,0.0932591781715284,0.9500000000000003,1.9,
ground_truth,10,0,0,0,20,55,True,False,0.0932591781715284,0.9500000000000003,1.9,
ground_truth,10,0,0,0,20,56,True,False,0.0932591781715284,0.9500000000000003,1.9,
ground_truth,10,0,0,0,20,57,True,False,0.0932591781715284,0.9500000000000003,1.9,
ground_truth,10,0,0,0,20,58,True,False,0.0932591781715284,0.9500000000000003,1.9,
ground_truth,10,0,0,0,20,59,True,False,0.0932591781715284,0.9500000000000003,1.9,
ground_truth,10,0,0,0,20,60,True,False,0.0932591781715284,0.9500000000000003,1.9,
ground_truth,10,0,0,0,20,61,True,False,0.0932591781715284,0.9500000000000003,1.9,
ground_truth,10,0,0,0,20,62,True,False,0.0932591781715284,0.9500000000000003,1.9,
ground_truth,10,0,0,0,20,63,True,False,0.0932591781715284,0.9500000000000003,1.9,
ground_truth,10,0,0,0,20,64,True,False,0.0932591781715284,0.9500000000000003,1.9,
ground_truth,10,0,0,0,20,65,True,False,0.0932591781715284,0.9500000000000003,1.9,
ground_truth,10,0,0,0,20,66,True,False,0.0932591781715284,0.9500000000000003,1.9,
ground_truth,10,0,0,0,20,67,True,False,0.0932591781715284,0.9500000000000003,1.9,
ground_truth,10,0,0,0,20,68,True,False,0.0932591781715284,0.9500000000000003,1.9,
ground_truth,10,0,0,0,20,69,True,False,0.0932591781715284,0.9500000000000003,1.9,
ground_truth,10,0,0,0,20,70,True,False,0.0932591781715284,0.9500000000000003,1.9,
ground_truth,10,0,0,0,20,71,True,False,0.0932591781715284,0.9500000000000003,1.9,
ground_truth,10,0,0,0,20,72,True,False,0.0932591781715284,0.9500000000000003,1.9,
ground_truth,10,0,0,0,20,73,True,False,0.0932591781715284,0.9500000000000003,1.9,
ground_truth,10,0,0,0,20,74,True,False,0.0932591781715284,0.9500000000000003,1.9,
ground_truth,10,0,0,0,20,75,True,False,0.0932591781715284,0.9500000000000003,1.9,
ground_truth,10,0,0,0,20,76,True,False,0.0932591781715284,0.9500000000000003,1.9,
ground_truth,10,0,0,0,20,77,True,False,0.0932591781715284,0.9500000000000003,1.9,
ground_truth,10,0,0,0,20,78,True,False,0.0932591781715284,0.9500000000000003,1.9,
ground_truth,10,0,0,0,20,79,True,False,0.0932591781715284,0.9500000000000003,1.9,
ground_truth,10,0,0,0,20,80,True,False,0.0932591781715284,0.9500000000000003,1.9,
ground_truth,10,0,0,0,20,81,True,False,0.0932591781715284,0.9500000000000003,1.9,
ground_truth,10,0,0,0,20,82,True,False,0.0932591781715284,0.9500000000000003,1.9,
ground_truth,10,0,0,0,20,83,True,False,0.0932591781715284,0.9500000000000003,1.9,
ground_truth,10,0,0,0,20,84,True,False,0.0932591781715284,0.9500000000000003,1.9,
ground_truth,10,0,0,0,20,85,True,False,0.0932591781715284,0.9500000000000003,1.9,
ground_truth,10,0,0,0,20,86,True,False,0.0932591781715284,0.9500000000000003,1.9,
ground_truth,10,0,0,0,20,87,True,False,0.0932591781715284,0.9500000000000003,1.9,
ground_truth,10,0,0,0,20,88,True,False,0.0932591781715284,0.9500000000000003,1.9,
ground_truth,10,0,0,0,20,89,True,False,0.0932591781715284,0.9500000000000003,1.9,
ground_truth,10,0,0,0,20,90,True,False,0.0932591781715284,0.9500000000000003,1.9,
ground_truth,10,0,0,0,20,91,True,False,0.0932591781715284,0.9500000000000003,1.9,
ground_truth,10,0,0,0,20,92,True,False,0.0932591781715284,0.9500000000000003,1.9,
ground_truth,10,0,0,0,20,93,True,False,0.0932591781715284,0.9500000000000003,1.9,
ground_truth,10,0,0,0,20,94,True,False,0.0932591781715284,0.9500000000000003,1.9,
ground_truth,10,0,0,0,20,95,True,False,0.0932591781715284,0.9500000000000003,1.9,
ground_truth,10,0,0,0,20,96,True,False,0.0932591781715284,0.9500000000000003,1.9,
ground_truth,10,0,0,0,20,97,True,False,0.0932591781715284,0.9500000000000003,1.9,
ground_truth,10,0,0,0,20,98,True,False,0.0932591781715284,0.9500000000000003,1.9,
ground_truth,10,0,0,0,20,99,True,False,0.0932591781715284,0.9500000000000003,1.9,
ground_truth,10,0,0,0,20,100,True,False,0.0932591781715284,0.9500000000000003,1.9,
noisy,10,0,0,0,20,1,True,False,0.07443617009584558,0.9500000000000003,1.8894583275691421,0.2831192329593213
noisy,10,0,0,0,20,2,True,False,0.07177463672684148,1.0000000000000002,2.0000000000000013,0.25551360244231885
noisy,10,0,0,0,20,3,True,False,0.08195908181097167,0.9500000000000003,1.9000000000000004,0.3398328294577984
noisy,10,0,0,0,20,4,True,False,0.035013400309399145,0.9500000000000003,1.9000000000000024,0.2637024080884261
noisy,10,0,0,0,20,5,True,False,0.09219732811104508,1.0000000000000002,1.9765909256357073,0.2757857718972609
noisy,10,0,0,0,20,6,True,False,0.06571767858190625,1.0000000000000002,1.9346961389661785,0.26907883266846633
noisy,10,0,0,0,20,7,True,False,0.05247464490582798,1.0000000000000002,2.0,0.2503247918422928
noisy,10,0,0,0,20,8,True,False,0.011336518407049967,0.9000000000000002,1.7968971923905697,0.3266902276414949
noisy,10,0,0,0,20,9,True,False,0.06028264528765104,1.0000000000000002,1.9104859605930409,0.24535135537948793
noisy,10,0,0,0,20,10,True,False,0.0898428294725766,0.9500000000000003,1.9000000000000006,0.22637940816665414
noisy,10,0,0,0,20,11,True,False,0.05892469751973595,1.0000000000000002,1.9991529227782618,0.2750326266520893
noisy,10,0,0,0,20,12,True,False,0.1062332384486957,1.0000000000000002,2.0000000000000027,0.2546937802097877
noisy,10,0,0,0,20,13,True,False,0.026175811391977,1.0000000000000002,1.8991216015058556,0.2975249348322833
noisy,10,0,0,0,20,14,True,False,0.09747914074384112,1.0000000000000002,2.000000000000001,0.3108535736403561
noisy,10,0,0,0,20,15,False,True,-0.00257693437958717,,0.7,0.29205835823828846
noisy,10,0,0,0,20,16,True,False,0.05263764825549777,1.0000000000000002,1.971541210542065,0.2592592575535133
noisy,10,0,0,0,20,17,False,True,-0.0028658271463157803,,0.7929547916913302,0.36953012952473185
noisy,10,0,0,0,20,18,True,False,0.03185114911702036,0.9500000000000003,1.8828225981175177,0.29536527815365404
noisy,10,0,0,0,20,19,True,False,0.011573105960210661,0.9500000000000003,1.8999999999999995,0.24491335220935861
noisy,10,0,0,0,20,20,True,False,0.07701548110472722,0.9500000000000003,1.9000000000000004,0.32992123002407325
noisy,10,0,0,0,20,21,True,False,0.07723297764691406,1.0000000000000002,1.950840545503432,0.28074699338562326
noisy,10,0,0,0,20,22,True,False,0.05148794829676562,0.9500000000000003,1.9000000000000001,0.3334316544359179
noisy,10,0,0,0,20,23,True,False,0.07489760560705272,0.9500000000000003,1.8319569142627634,0.2907531702969316
noisy,10,0,0,0,20,24,True,False,0.08641319418108462,0.9500000000000003,1.9000000000000001,0.30982390237751833
noisy,10,0,0,0,20,25,True,False,0.0783826375434411,1.0500000000000003,2.0792733969730692,0.2686033453753634
noisy,10,0,0,0,20,26,True,False,0.06481818164361464,0.9500000000000003,1.9,0.35841177410025254
noisy,10,0,0,0,20,27,True,False,0.13826307013769834,1.0000000000000002,2.0,0.2600222753324405
noisy,10,0,0,0,20,28,True,False,0.0651527053801575,1.0000000000000002,1.9618560069661028,0.2949027631127876
noisy,10,0,0,0,20,29,False,True,-0.06257038168042661,,0.8000000000000009,0.3860316048988017
noisy,10,0,0,0,20,30,True,False,0.025999622761107455,0.9500000000000003,1.8999999999999992,0.2308169051628133
noisy,10,0,0,0,20,31,True,False,0.08826854936082018,1.0000000000000002,1.9744879562047946,0.24590775840935686
noisy,10,0,0,0,20,32,True,False,0.04194668960662096,0.9500000000000003,1.8999999999999988,0.2984262423683718
noisy,10,0,0,0,20,33,True,False,0.01709996686760684,0.9500000000000003,1.878036596507277,0.24895628627916952
noisy,10,0,0,0,20,34,True,False,0.08614810681972251,0.9500000000000003,1.9000000000000001,0.23816408332128658
noisy,10,0,0,0,20,35,True,False,0.035788120945351665,0.9500000000000003,1.9000000000000001,0.2856611518730201
noisy,10,0,0,0,20,36,True,False,0.10582681857239074,1.0000000000000002,1.9954613151223832,0.25625142726271866
noisy,10,0,0,0,20,37,True,False,0.09426837575941271,0.9500000000000003,1.9000000000000004,0.28714066436143015
noisy,10,0,0,0,20,38,False,True,-0.0012242810340601373,,0.7000000000000005,0.2947449882750477
noisy,10,0,0,0,20,39,True,False,0.10454986697716961,1.0500000000000003,2.099308109662428,0.262603411094448
noisy,10,0,0,0,20,40,True,False,0.07306439806196185,1.0000000000000002,1.9999999999999993,0.2636232250938897
noisy,10,0,0,0,20,41,True,False,0.062170238598240335,1.0000000000000002,1.9914343364719294,0.25795406283759986
noisy,10,0,0,0,20,42,True,False,0.0946393505332086,1.0000000000000002,1.9960287887202808,0.24422347326350996
noisy,10,0,0,0,20,43,True,False,0.09133181411653069,0.9500000000000003,1.8999999999999997,0.259162000126374
noisy,10,0,0,0,20,44,True,False,0.09258984572518014,1.0000000000000002,1.970672126518233,0.24875262927806763
noisy,10,0,0,0,20,45,True,False,0.07998130373230294,0.9500000000000003,1.8999999999999992,0.24175285150787984
noisy,10,0,0,0,20,46,True,False,0.08368608811818179,1.0500000000000003,2.0564663397070153,0.29336397283294846
noisy,10,0,0,0,20,47,True,False,0.06392283638520158,0.9500000000000003,1.828409935916966,0.2656758294719664
noisy,10,0,0,0,20,48,True,False,0.04921646171652472,1.0000000000000002,1.999999999999999,0.27135134259561805
noisy,10,0,0,0,20,49,True,False,0.10322399742266697,1.0000000000000002,2.0000000000000013,0.27364975106245376
noisy,10,0,0,0,20,50,True,False,0.08916726507513828,1.0000000000000002,2.0,0.31837270812651725
noisy,10,0,0,0,20,51,True,False,0.06302157226675265,1.0500000000000003,2.0408010027311336,0.3154724347117917
noisy,10,0,0,0,20,52,True,False,0.04363282608608077,0.9500000000000003,1.9,0.28084316854288816
noisy,10,0,0,0,20,53,True,False,0.0031359761825198174,1.0000000000000002,2.0000000000000004,0.314209883299513
noisy,10,0,0,0,20,54,True,False,0.1183611181583506,1.0000000000000002,2.0000000000000013,0.26218116172977646
noisy,10,0,0,0,20,55,True,False,0.1367652239856434,1.0000000000000002,1.9617347047559797,0.34463128354821
noisy,10,0,0,0,20,56,True,False,0.0049837109176344985,0.9500000000000003,1.9000000000000012,0.28233518877369973
noisy,10,0,0,0,20,57,False,True,-0.013794292171110945,,0.5999999999999998,0.24043070873971764
noisy,10,0,0,0,20,58,True,False,0.1240494418122533,1.0000000000000002,1.9339342779911493,0.27706991593596625
noisy,10,0,0,0,20,59,False,True,-0.03184414324610141,,0.6000000000000001,0.2719492750589622
noisy,10,0,0,0,20,60,True,False,0.03558899071691557,1.0000000000000002,1.9999999999999987,0.2759004857264957
noisy,10,0,0,0,20,61,True,False,0.09396067700095134,1.0000000000000002,1.9999999999999998,0.2924534003378113
noisy,10,0,0,0,20,62,True,False,0.08697537142239287,1.0000000000000002,1.9840223212754036,0.2654371910724966
noisy,10,0,0,0,20,63,True,False,0.029385105229565944,0.9500000000000003,1.8780622126261686,0.2839179528452669
noisy,10,0,0,0,20,64,True,False,0.10445722018627701,1.0000000000000002,2.0,0.2669945069242673
noisy,10,0,0,0,20,65,True,False,0.06357003972462305,1.0000000000000002,2.0000000000000004,0.29521164934153343
noisy,10,0,0,0,20,66,True,False,0.02361558132250896,0.9500000000000003,1.9000000000000017,0.26965364999526414
noisy,10,0,0,0,20,67,False,True,-0.00884835541585205,,0.7845942195990817,0.2550260892498761
noisy,10,0,0,0,20,68,True,False,0.003828875062419801,0.9500000000000003,1.9,0.245909456627664
noisy,10,0,0,0,20,69,True,False,0.07141952153482656,0.9500000000000003,1.842135566639199,0.2588298338366409
noisy,10,0,0,0,20,70,True,False,0.012100793685644096,0.9500000000000003,1.8419053380433221,0.22271253592088347
noisy,10,0,0,0,20,71,True,False,0.051689334113190766,0.9500000000000003,1.9000000000000008,0.23179849939959088
noisy,10,0,0,0,20,72,True,False,0.10164553529919451,1.0000000000000002,1.9999999999999993,0.26059122368689847
noisy,10,0,0,0,20,73,True,False,0.049174542627961504,1.0500000000000003,2.0587359396588347,0.2914134000597452
noisy,10,0,0,0,20,74,True,False,0.0439570687206543,0.9500000000000003,1.8478535454009024,0.3096541740011841
noisy,10,0,0,0,20,75,True,False,0.11611583600125153,1.0000000000000002,1.9999999999999987,0.2584472302165818
noisy,10,0,0,0,20,76,True,False,0.06300901725572272,0.9500000000000003,1.8999999999999988,0.282095437669834
noisy,10,0,0,0,20,77,True,False,0.12299375726988826,1.0000000000000002,1.9578135196460502,0.24283137752114198
noisy,10,0,0,0,20,78,False,True,-0.011869450507126622,,0.6000000000000001,0.18800144085596385
noisy,10,0,0,0,20,79,True,False,0.11900222891182977,1.0000000000000002,1.8539284308453474,0.2619895850902669
noisy,10,0,0,0,20,80,True,False,0.10024095186691695,1.0500000000000003,2.0686653541359936,0.2743401309350035
noisy,10,0,0,0,20,81,True,False,0.06642539915892032,1.0000000000000002,1.9384462486459253,0.26290082812628535
noisy,10,0,0,0,20,82,True,False,0.14708282983982657,1.0000000000000002,1.999999999999998,0.2846655400884063
noisy,10,0,0,0,20,83,True,False,0.09600141139582319,1.0000000000000002,1.9525956220219312,0.23037615577946327
noisy,10,0,0,0,20,84,True,False,0.033855488069743256,1.0000000000000002,1.9254868430022418,0.2783460664998458
noisy,10,0,0,0,20,85,True,False,0.1290898134068308,1.0000000000000002,2.0000000000000004,0.2888732433515007
noisy,10,0,0,0,20,86,True,False,0.023646950215332474,0.9500000000000003,1.9,0.29234308574009665
noisy,10,0,0,0,20,87,True,False,0.09932984269378387,1.0000000000000002,2.000000000000001,0.2492615195582525
noisy,10,0,0,0,20,88,True,False,0.06255057946834652,0.9500000000000003,1.899999999999999,0.23889149047675523
noisy,10,0,0,0,20,89,True,False,0.03879946307318338,0.9500000000000003,1.8953973146014687,0.23966825016749135
noisy,10,0,0,0,20,90,True,False,0.049139263768458896,0.9500000000000003,1.8050194270052866,0.3290004538691265
noisy,10,0,0,0,20,91,True,False,0.011912463758313896,0.9500000000000003,1.9000000000000004,0.25484171937127514
noisy,10,0,0,0,20,92,True,False,0.08539222867279772,1.0000000000000002,1.9606789158282403,0.26732296146903795
noisy,10,0,0,0,20,93,True,False,0.09387616918054764,1.0000000000000002,1.9612525979268023,0.24302283599121186
noisy,10,0,0,0,20,94,True,False,0.11947419096354395,1.0000000000000002,1.9999999999999982,0.25863597185147985
noisy,10,0,0,0,20,95,True,False,0.09651279977223282,0.9500000000000003,1.8458947664245944,0.28687751342367307
noisy,10,0,0,0,20,96,False,True,-0.018408569547206932,,0.7000000000000001,0.2597773465674137
noisy,10,0,0,0,20,97,True,False,0.020556321868860694,0.9000000000000002,1.7502556612942846,0.30955054055976133
noisy,10,0,0,0,20,98,True,False,0.05083053282173333,0.9500000000000003,1.9000000000000001,0.24703859162615907
noisy,10,0,0,0,20,99,True,False,0.03664161303776137,0.9500000000000003,1.9000000000000004,0.25949105076806867
noisy,10,0,0,0,20,100,False,True,-0.01646796180640986,,0.7000000000000005,0.3140183162740394
kalman,10,0,0,0,20,1,True,False,0.08521719514288573,0.9500000000000003,1.8999999999999984,0.1723455062120292
kalman,10,0,0,0,20,2,True,False,0.05202818417497901,1.0000000000000002,2.0000000000000013,0.18870075465074954
kalman,10,0,0,0,20,3,True,False,0.03453214903954094,0.9500000000000003,1.9000000000000012,0.23266196395269265
kalman,10,0,0,0,20,4,True,False,0.024262218313623185,0.9500000000000003,1.8999999999999995,0.13897212621826893
kalman,10,0,0,0,20,5,True,False,0.13644792928206262,0.9500000000000003,1.8999999999999995,0.18350035888615215
kalman,10,0,0,0,20,6,True,False,0.013545145168294637,0.9500000000000003,1.8565880428035384,0.19510117584416725
kalman,10,0,0,0,20,7,True,False,0.04396099412885657,0.9500000000000003,1.900000000000001,0.20026940085117875
kalman,10,0,0,0,20,8,True,False,0.028497516385439736,0.9000000000000002,1.8000000000000007,0.2310394683855107
kalman,10,0,0,0,20,9,True,False,0.10881628071754967,0.9500000000000003,1.8999999999999984,0.145163407076828
kalman,10,0,0,0,20,10,True,False,0.14117892316236502,0.9500000000000003,1.9000000000000004,0.14288350355411272
kalman,10,0,0,0,20,11,True,False,0.06436819987462905,0.9500000000000003,1.8909484094401612,0.17547376320588
kalman,10,0,0,0,20,12,True,False,0.09161757012940774,1.0000000000000002,1.998023440304353,0.15510059917739624
kalman,10,0,0,0,20,13,True,False,0.04027619314758657,0.9500000000000003,1.900000000000001,0.22151549950670885
kalman,10,0,0,0,20,14,True,False,0.12397826137704349,1.0000000000000002,1.9999999999999987,0.2312938283728703
kalman,10,0,0,0,20,15,False,True,-0.0059236986145410064,,0.5000000000000003,0.2407265692575212
kalman,10,0,0,0,20,16,True,False,0.0822143308281107,1.0000000000000002,2.000000000000001,0.16484143312235572
kalman,10,0,0,0,20,17,True,False,0.11285011254254629,0.9500000000000003,1.887195126361237,0.20884498551454683
kalman,10,0,0,0,20,18,False,True,-0.00025664427529181744,,0.5999999999999992,0.2598928701510897
kalman,10,0,0,0,20,19,True,False,0.011811448351516818,0.9000000000000002,1.8000000000000003,0.1643993338201985
kalman,10,0,0,0,20,20,True,False,0.05916740610477467,0.9000000000000002,1.7999999999999998,0.18276783153014828
kalman,10,0,0,0,20,21,True,False,0.1324621899025491,1.0000000000000002,1.9810465436215494,0.15623206624721128
kalman,10,0,0,0,20,22,True,False,0.0501809333744383,0.9500000000000003,1.9000000000000008,0.22863005836369502
kalman,10,0,0,0,20,23,True,False,0.07639980206043195,1.0000000000000002,1.9378522735666737,0.16300893168665367
kalman,10,0,0,0,20,24,True,False,0.08928420481546451,0.9500000000000003,1.9000000000000001,0.134240377492194
kalman,10,0,0,0,20,25,True,False,0.035605340942396646,1.0000000000000002,1.980818938347041,0.19546092393413259
kalman,10,0,0,0,20,26,True,False,0.09137164534935427,1.0000000000000002,2.0000000000000013,0.22023045495066806
kalman,10,0,0,0,20,27,True,False,0.15165978971079808,1.0000000000000002,1.9999999999999996,0.20929286132691938
kalman,10,0,0,0,20,28,True,False,0.07288261539936736,1.0000000000000002,1.9999999999999991,0.13850670230488063
kalman,10,0,0,0,20,29,True,False,0.1119889891818413,1.0000000000000002,2.0000000000000004,0.18055358231657126
kalman,10,0,0,0,20,30,True,False,0.03194854815261294,0.9500000000000003,1.8999999999999984,0.14778676357888246
kalman,10,0,0,0,20,31,True,False,0.12814575113985893,1.0000000000000002,1.9039182518925393,0.15961973704087426
kalman,10,0,0,0,20,32,True,False,0.06518682799640141,1.0000000000000002,1.9999999999999991,0.1349832960955647
kalman,10,0,0,0,20,33,True,False,0.013980772115917528,0.9500000000000003,1.8999999999999995,0.18164003538293363
kalman,10,0,0,0,20,34,True,False,0.09108766695437587,0.9500000000000003,1.9000000000000004,0.13313393989119615
kalman,10,0,0,0,20,35,False,True,-0.008000725472277592,,0.7,0.22616073703777959
kalman,10,0,0,0,20,36,True,False,0.09701447387718898,1.0000000000000002,2.000000000000001,0.16117220097568954
kalman,10,0,0,0,20,37,True,False,0.055271161235359356,0.9500000000000003,1.9,0.1531860234521529
kalman,10,0,0,0,20,38,True,False,0.01698526830790792,0.9000000000000002,1.8000000000000007,0.17539551550076302
kalman,10,0,0,0,20,39,True,False,0.16501420243351594,1.0000000000000002,1.9838400413985384,0.13376431452798382
kalman,10,0,0,0,20,40,True,False,0.12997438633978575,1.0000000000000002,1.9999999999999993,0.14008583463804858
kalman,10,0,0,0,20,41,True,False,0.04420364583932024,1.0000000000000002,2.0000000000000004,0.20537001554824422
kalman,10,0,0,0,20,42,True,False,0.13936567773760355,1.0000000000000002,1.9566331614499615,0.17322403203486114
kalman,10,0,0,0,20,43,True,False,0.08890265736696756,0.9500000000000003,1.900000000000002,0.16107104522484414
kalman,10,0,0,0,20,44,True,False,0.13059667622288318,1.0000000000000002,2.0000000000000013,0.15578372070530672
kalman,10,0,0,0,20,45,True,False,0.1372737469398666,0.9500000000000003,1.9000000000000004,0.1566280635283537
kalman,10,0,0,0,20,46,True,False,0.0826468032062182,1.0000000000000002,2.0000000000000013,0.12973359375327945
kalman,10,0,0,0,20,47,True,False,0.09659545871675079,0.9500000000000003,1.8526247231181272,0.19681147149832948
kalman,10,0,0,0,20,48,True,False,0.026583889993672116,0.9500000000000003,1.9000000000000006,0.16038643019514418
kalman,10,0,0,0,20,49,True,False,0.07025018445724607,1.0000000000000002,1.9999999999999984,0.20336604252227466
kalman,10,0,0,0,20,50,True,False,0.0476555810656456,0.9500000000000003,1.9000000000000015,0.21821514611632098
kalman,10,0,0,0,20,51,True,False,0.11257525037444394,1.0500000000000003,2.0426897386400635,0.15834356151885534
kalman,10,0,0,0,20,52,True,False,0.06215099978788241,0.9500000000000003,1.8999999999999997,0.14095527371098168
kalman,10,0,0,0,20,53,True,False,0.05092355378520508,1.0000000000000002,2.0000000000000013,0.18950274960474525
kalman,10,0,0,0,20,54,True,False,0.11762380685098162,1.0000000000000002,2.000000000000001,0.17203807685128825
kalman,10,0,0,0,20,55,True,False,0.14180987214513152,1.0500000000000003,2.0999999999999996,0.2613006951055659
kalman,10,0,0,0,20,56,True,False,0.003761110839046289,0.9500000000000003,1.899999999999999,0.1793972723082533
kalman,10,0,0,0,20,57,True,False,0.020048353268427688,0.9500000000000003,1.896628419986323,0.12175683682512924
kalman,10,0,0,0,20,58,True,False,0.11429190602292127,1.0000000000000002,2.000000000000001,0.1609580499007759
kalman,10,0,0,0,20,59,False,True,-0.021782516941236896,,0.5999999999999999,0.23316400085259575
kalman,10,0,0,0,20,60,False,True,-0.001765296720675158,,0.5999999999999996,0.23043725645837226
kalman,10,0,0,0,20,61,True,False,0.04509819186959496,1.0000000000000002,1.9999999999999993,0.20941222817039168
kalman,10,0,0,0,20,62,True,False,0.06383480803099739,1.0000000000000002,1.9999999999999982,0.17962350827822443
kalman,10,0,0,0,20,63,True,False,0.05000187128833211,0.9500000000000003,1.9000000000000004,0.18704907289809597
kalman,10,0,0,0,20,64,True,False,0.11696496916470078,1.0000000000000002,1.9999999999999993,0.14463042109807053
kalman,10,0,0,0,20,65,True,False,0.11934864802734557,1.0500000000000003,2.061078414269255,0.1907766446598772
kalman,10,0,0,0,20,66,True,False,0.058443049326924124,0.9500000000000003,1.8801946617135752,0.1521815859393885
kalman,10,0,0,0,20,67,True,False,0.02095287538008539,0.9000000000000002,1.7999999999999992,0.18695275097174152
kalman,10,0,0,0,20,68,False,True,-0.007835285029601735,,0.6000000000000001,0.22800221493470413
kalman,10,0,0,0,20,69,True,False,0.03235572712299151,0.9500000000000003,1.8975150828485265,0.16546485932201188
kalman,10,0,0,0,20,70,True,False,0.10362179061189569,0.9500000000000003,1.8999999999999995,0.16476227221305925
kalman,10,0,0,0,20,71,True,False,0.10727920939973878,0.9500000000000003,1.9,0.10944795695759536
kalman,10,0,0,0,20,72,True,False,0.14464812376827574,1.0000000000000002,2.0000000000000004,0.14337563782871193
kalman,10,0,0,0,20,73,True,False,0.10805161290484921,1.0000000000000002,1.94875265375727,0.15553515888444555
kalman,10,0,0,0,20,74,True,False,0.0572861518682406,0.9500000000000003,1.9000000000000001,0.16854754995946536
kalman,10,0,0,0,20,75,True,False,0.1142936350994983,0.9500000000000003,1.900000000000001,0.12182440074394887
kalman,10,0,0,0,20,76,True,False,0.03551620122338561,0.9500000000000003,1.8999999999999997,0.17825208261169181
kalman,10,0,0,0,20,77,True,False,0.13837282646019888,1.0000000000000002,1.9510440254232535,0.15521482256967842
kalman,10,0,0,0,20,78,False,True,-0.021559719363798857,,0.5000000000000007,0.19960747658829903
kalman,10,0,0,0,20,79,True,False,0.040714415453291686,0.9500000000000003,1.9000000000000004,0.16270757733813532
kalman,10,0,0,0,20,80,True,False,0.12095107258568194,1.0500000000000003,2.096310608240063,0.19975146441640454
kalman,10,0,0,0,20,81,True,False,0.0705748013249674,1.0000000000000002,1.9999999999999993,0.16886068059258227
kalman,10,0,0,0,20,82,True,False,0.1185002321758708,1.0000000000000002,2.0000000000000013,0.17698700956481322
kalman,10,0,0,0,20,83,True,False,0.10606222646995445,1.0000000000000002,2.000000000000001,0.14733670002654523
kalman,10,0,0,0,20,84,True,False,0.14597751610730625,1.0000000000000002,2.000000000000001,0.1541208781502348
kalman,10,0,0,0,20,85,True,False,0.17735230908885335,1.0000000000000002,1.9575912002603457,0.18801002064403996
kalman,10,0,0,0,20,86,True,False,0.004325650793399527,1.0000000000000002,2.0000000000000018,0.17701135765389928
kalman,10,0,0,0,20,87,True,False,0.161809074958134,1.0000000000000002,1.963878456063741,0.17522632131473345
kalman,10,0,0,0,20,88,True,False,0.12477543848301531,1.0000000000000002,2.0000000000000004,0.12593597121031608
kalman,10,0,0,0,20,89,True,False,0.06221967295413133,0.9500000000000003,1.8999999999999997,0.14441449807092108
kalman,10,0,0,0,20,90,True,False,0.05862427583103802,0.9500000000000003,1.844251047204935,0.21613003959001326
kalman,10,0,0,0,20,91,True,False,0.012552193136371459,1.0000000000000002,1.993991818755451,0.16884588704176012
kalman,10,0,0,0,20,92,True,False,0.09327249728544262,0.9500000000000003,1.899999999999999,0.1994496130111715
kalman,10,0,0,0,20,93,True,False,0.05593472960953849,1.0000000000000002,2.0000000000000018,0.1422850339906837
kalman,10,0,0,0,20,94,True,False,0.13221126471712186,1.0000000000000002,2.000000000000003,0.15588117310561797
kalman,10,0,0,0,20,95,True,False,0.1739667698608942,1.0000000000000002,1.9419073293763145,0.17216839247659474
kalman,10,0,0,0,20,96,False,True,-0.01715321638668854,,0.6925990808020056,0.2644157166588575
kalman,10,0,0,0,20,97,True,False,0.11921595631810011,0.9500000000000003,1.8999999999999984,0.1837395558878746
kalman,10,0,0,0,20,98,True,False,0.037568628869535825,0.9000000000000002,1.799999999999998,0.13568468550650764
kalman,10,0,0,0,20,99,True,False,0.04311844248333663,1.0000000000000002,2.0000000000000018,0.1608419789763147
kalman,10,0,0,0,20,100,True,False,0.011486286710011395,0.9500000000000003,1.900000000000001,0.17874530143006426
