mode,pixel_noise_std,blur_kernel_size,occlusion_percentage,latency_ms,camera_fps,rng_seed,goal_reached,collision,minimum_clearance,convergence_time,path_length,localization_rmse
ground_truth,0,0,0.0,0,20,1,True,False,0.0932591781715284,0.9500000000000003,1.9,
ground_truth,0,0,0.0,0,20,2,True,False,0.0932591781715284,0.9500000000000003,1.9,
ground_truth,0,0,0.0,0,20,3,True,False,0.0932591781715284,0.9500000000000003,1.9,
ground_truth,0,0,0.0,0,20,4,True,False,0.0932591781715284,0.9500000000000003,1.9,
ground_truth,0,0,0.0,0,20,5,True,False,0.0932591781715284,0.9500000000000003,1.9,
ground_truth,0,0,0.0,0,20,6,True,False,0.0932591781715284,0.9500000000000003,1.9,
ground_truth,0,0,0.0,0,20,7,True,False,0.0932591781715284,0.9500000000000003,1.9,
ground_truth,0,0,0.0,0,20,8,True,False,0.0932591781715284,0.9500000000000003,1.9,
ground_truth,0,0,0.0,0,20,9,True,False,0.0932591781715284,0.9500000000000003,1.9,
ground_truth,0,0,0.0,0,20,10,True,False,0.0932591781715284,0.9500000000000003,1.9,
ground_truth,0,0,0.0,0,20,11,True,False,0.0932591781715284,0.9500000000000003,1.9,
ground_truth,0,0,0.0,0,20,12,True,False,0.0932591781715284,0.9500000000000003,1.9,
ground_truth,0,0,0.0,0,20,13,True,False,0.0932591781715284,0.9500000000000003,1.9,
ground_truth,0,0,0.0,0,20,14,True,False,0.0932591781715284,0.9500000000000003,1.9,
ground_truth,0,0,0.0,0,20,15,True,False,0.0932591781715284,0.9500000000000003,1.9,
ground_truth,0,0,0.0,0,20,16,True,False,0.0932591781715284,0.9500000000000003,1.9,
ground_truth,0,0,0.0,0,20,17,True,False,0.0932591781715284,0.9500000000000003,1.9,
ground_truth,0,0,0.0,0,20,18,True,False,0.0932591781715284,0.9500000000000003,1.9,
ground_truth,0,0,0.0,0,20,19,True,False,0.0932591781715284,0.9500000000000003,1.9,
ground_truth,0,0,0.0,0,20,20,True,False,0.0932591781715284,0.9500000000000003,1.9,
ground_truth,0,0,0.0,0,20,21,True,False,0.0932591781715284,0.9500000000000003,1.9,
ground_truth,0,0,0.0,0,20,22,True,False,0.0932591781715284,0.9500000000000003,1.9,
ground_truth,0,0,0.0,0,20,23,True,False,0.0932591781715284,0.9500000000000003,1.9,
ground_truth,0,0,0.0,0,20,24,True,False,0.0932591781715284,0.9500000000000003,1.9,
ground_truth,0,0,0.0,0,20,25,True,False,0.0932591781715284,0.9500000000000003,1.9,
ground_truth,0,0,0.0,0,20,26,True,False,0.0932591781715284,0.9500000000000003,1.9,
ground_truth,0,0,0.0,0,20,27,True,False,0.0932591781715284,0.9500000000000003,1.9,
ground_truth,0,0,0.0,0,20,28,True,False,0.0932591781715284,0.9500000000000003,1.9,
ground_truth,0,0,0.0,0,20,29,True,False,0.0932591781715284,0.9500000000000003,1.9,
ground_truth,0,0,0.0,0,20,30,True,False,0.0932591781715284,0.9500000000000003,1.9,
ground_truth,0,0,0.0,0,20,31,True,False,0.0932591781715284,0.9500000000000003,1.9,
ground_truth,0,0,0.0,0,20,32,True,False,0.0932591781715284,0.9500000000000003,1.9,
ground_truth,0,0,0.0,0,20,33,True,False,0.0932591781715284,0.9500000000000003,1.9,
ground_truth,0,0,0.0,0,20,34,True,False,0.0932591781715284,0.9500000000000003,1.9,
ground_truth,0,0,0.0,0,20,35,True,False,0.0932591781715284,0.9500000000000003,1.9,
ground_truth,0,0,0.0,0,20,36,True,False,0.0932591781715284,0.9500000000000003,1.9,
ground_truth,0,0,0.0,0,20,37,True,False,0.0932591781715284,0.9500000000000003,1.9,
ground_truth,0,0,0.0,0,20,38,True,False,0.0932591781715284,0.9500000000000003,1.9,
ground_truth,0,0,0.0,0,20,39,True,False,0.0932591781715284,0.9500000000000003,1.9,
ground_truth,0,0,0.0,0,20,40,True,False,0.0932591781715284,0.9500000000000003,1.9,
ground_truth,0,0,0.0,0,20,41,True,False,0.0932591781715284,0.9500000000000003,1.9,
ground_truth,0,0,0.0,0,20,42,True,False,0.0932591781715284,0.9500000000000003,1.9,
ground_truth,0,0,0.0,0,20,43,True,False,0.0932591781715284,0.9500000000000003,1.9,
ground_truth,0,0,0.0,0,20,44,True,False,0.0932591781715284,0.9500000000000003,1.9,
ground_truth,0,0,0.0,0,20,45,True,False,0.0932591781715284,0.9500000000000003,1.9,
ground_truth,0,0,0.0,0,20,46,True,False,0.0932591781715284,0.9500000000000003,1.9,
ground_truth,0,0,0.0,0,20,47,True,False,0.0932591781715284,0.9500000000000003,1.9,
ground_truth,0,0,0.0,0,20,48,True,False,0.0932591781715284,0.9500000000000003,1.9,
ground_truth,0,0,0.0,0,20,49,True,False,0.0932591781715284,0.9500000000000003,1.9,
ground_truth,0,0,0.0,0,20,50,True,False,0.0932591781715284,0.9500000000000003,1.9,
noisy,0,0,0.0,0,20,1,True,False,0.09326063756103387,0.9500000000000003,1.899999999999999,0.0
noisy,0,0,0.0,0,20,2,True,False,0.09326063756103387,0.9500000000000003,1.899999999999999,0.0
noisy,0,0,0.0,0,20,3,True,False,0.09326063756103387,0.9500000000000003,1.899999999999999,0.0
noisy,0,0,0.0,0,20,4,True,False,0.09326063756103387,0.9500000000000003,1.899999999999999,0.0
noisy,0,0,0.0,0,20,5,True,False,0.09326063756103387,0.9500000000000003,1.899999999999999,0.0
noisy,0,0,0.0,0,20,6,True,False,0.09326063756103387,0.9500000000000003,1.899999999999999,0.0
noisy,0,0,0.0,0,20,7,True,False,0.09326063756103387,0.9500000000000003,1.899999999999999,0.0
noisy,0,0,0.0,0,20,8,True,False,0.09326063756103387,0.9500000000000003,1.899999999999999,0.0
noisy,0,0,0.0,0,20,9,True,False,0.09326063756103387,0.9500000000000003,1.899999999999999,0.0
noisy,0,0,0.0,0,20,10,True,False,0.09326063756103387,0.9500000000000003,1.899999999999999,0.0
noisy,0,0,0.0,0,20,11,True,False,0.09326063756103387,0.9500000000000003,1.899999999999999,0.0
noisy,0,0,0.0,0,20,12,True,False,0.09326063756103387,0.9500000000000003,1.899999999999999,0.0
noisy,0,0,0.0,0,20,13,True,False,0.09326063756103387,0.9500000000000003,1.899999999999999,0.0
noisy,0,0,0.0,0,20,14,True,False,0.09326063756103387,0.9500000000000003,1.899999999999999,0.0
noisy,0,0,0.0,0,20,15,True,False,0.09326063756103387,0.9500000000000003,1.899999999999999,0.0
noisy,0,0,0.0,0,20,16,True,False,0.09326063756103387,0.9500000000000003,1.899999999999999,0.0
noisy,0,0,0.0,0,20,17,True,False,0.09326063756103387,0.9500000000000003,1.899999999999999,0.0
noisy,0,0,0.0,0,20,18,True,False,0.09326063756103387,0.9500000000000003,1.899999999999999,0.0
noisy,0,0,0.0,0,20,19,True,False,0.09326063756103387,0.9500000000000003,1.899999999999999,0.0
noisy,0,0,0.0,0,20,20,True,False,0.09326063756103387,0.9500000000000003,1.899999999999999,0.0
noisy,0,0,0.0,0,20,21,True,False,0.09326063756103387,0.9500000000000003,1.899999999999999,0.0
noisy,0,0,0.0,0,20,22,True,False,0.09326063756103387,0.9500000000000003,1.899999999999999,0.0
noisy,0,0,0.0,0,20,23,True,False,0.09326063756103387,0.9500000000000003,1.899999999999999,0.0
noisy,0,0,0.0,0,20,24,True,False,0.09326063756103387,0.9500000000000003,1.899999999999999,0.0
noisy,0,0,0.0,0,20,25,True,False,0.09326063756103387,0.9500000000000003,1.899999999999999,0.0
noisy,0,0,0.0,0,20,26,True,False,0.09326063756103387,0.9500000000000003,1.899999999999999,0.0
noisy,0,0,0.0,0,20,27,True,False,0.09326063756103387,0.9500000000000003,1.899999999999999,0.0
noisy,0,0,0.0,0,20,28,True,False,0.09326063756103387,0.9500000000000003,1.899999999999999,0.0
noisy,0,0,0.0,0,20,29,True,False,0.09326063756103387,0.9500000000000003,1.899999999999999,0.0
noisy,0,0,0.0,0,20,30,True,False,0.09326063756103387,0.9500000000000003,1.899999999999999,0.0
noisy,0,0,0.0,0,20,31,True,False,0.09326063756103387,0.9500000000000003,1.899999999999999,0.0
noisy,0,0,0.0,0,20,32,True,False,0.09326063756103387,0.9500000000000003,1.899999999999999,0.0
noisy,0,0,0.0,0,20,33,True,False,0.09326063756103387,0.9500000000000003,1.899999999999999,0.0
noisy,0,0,0.0,0,20,34,True,False,0.09326063756103387,0.9500000000000003,1.899999999999999,0.0
noisy,0,0,0.0,0,20,35,True,False,0.09326063756103387,0.9500000000000003,1.899999999999999,0.0
noisy,0,0,0.0,0,20,36,True,False,0.09326063756103387,0.9500000000000003,1.899999999999999,0.0
noisy,0,0,0.0,0,20,37,True,False,0.09326063756103387,0.9500000000000003,1.899999999999999,0.0
noisy,0,0,0.0,0,20,38,True,False,0.09326063756103387,0.9500000000000003,1.899999999999999,0.0
noisy,0,0,0.0,0,20,39,True,False,0.09326063756103387,0.9500000000000003,1.899999999999999,0.0
noisy,0,0,0.0,0,20,40,True,False,0.09326063756103387,0.9500000000000003,1.899999999999999,0.0
noisy,0,0,0.0,0,20,41,True,False,0.09326063756103387,0.9500000000000003,1.899999999999999,0.0
noisy,0,0,0.0,0,20,42,True,False,0.09326063756103387,0.9500000000000003,1.899999999999999,0.0
noisy,0,0,0.0,0,20,43,True,False,0.09326063756103387,0.9500000000000003,1.899999999999999,0.0
noisy,0,0,0.0,0,20,44,True,False,0.09326063756103387,0.9500000000000003,1.899999999999999,0.0
noisy,0,0,0.0,0,20,45,True,False,0.09326063756103387,0.9500000000000003,1.899999999999999,0.0
noisy,0,0,0.0,0,20,46,True,False,0.09326063756103387,0.9500000000000003,1.899999999999999,0.0
noisy,0,0,0.0,0,20,47,True,False,0.09326063756103387,0.9500000000000003,1.899999999999999,0.0
noisy,0,0,0.0,0,20,48,True,False,0.09326063756103387,0.9500000000000003,1.899999999999999,0.0
noisy,0,0,0.0,0,20,49,True,False,0.09326063756103387,0.9500000000000003,1.899999999999999,0.0
noisy,0,0,0.0,0,20,50,True,False,0.09326063756103387,0.9500000000000003,1.899999999999999,0.0
kalman,0,0,0.0,0,20,1,True,False,0.09286997140066733,0.9500000000000003,1.8999999999999997,0.011883217184072328
kalman,0,0,0.0,0,20,2,True,False,0.09286997140066733,0.9500000000000003,1.8999999999999997,0.011883217184072328
kalman,0,0,0.0,0,20,3,True,False,0.09286997140066733,0.9500000000000003,1.8999999999999997,0.011883217184072328
kalman,0,0,0.0,0,20,4,True,False,0.09286997140066733,0.9500000000000003,1.8999999999999997,0.011883217184072328
kalman,0,0,0.0,0,20,5,True,False,0.09286997140066733,0.9500000000000003,1.8999999999999997,0.011883217184072328
kalman,0,0,0.0,0,20,6,True,False,0.09286997140066733,0.9500000000000003,1.8999999999999997,0.011883217184072328
kalman,0,0,0.0,0,20,7,True,False,0.09286997140066733,0.9500000000000003,1.8999999999999997,0.011883217184072328
kalman,0,0,0.0,0,20,8,True,False,0.09286997140066733,0.9500000000000003,1.8999999999999997,0.011883217184072328
kalman,0,0,0.0,0,20,9,True,False,0.09286997140066733,0.9500000000000003,1.8999999999999997,0.011883217184072328
kalman,0,0,0.0,0,20,10,True,False,0.09286997140066733,0.9500000000000003,1.8999999999999997,0.011883217184072328
kalman,0,0,0.0,0,20,11,True,False,0.09286997140066733,0.9500000000000003,1.8999999999999997,0.011883217184072328
kalman,0,0,0.0,0,20,12,True,False,0.09286997140066733,0.9500000000000003,1.8999999999999997,0.011883217184072328
kalman,0,0,0.0,0,20,13,True,False,0.09286997140066733,0.9500000000000003,1.8999999999999997,0.011883217184072328
kalman,0,0,0.0,0,20,14,True,False,0.09286997140066733,0.9500000000000003,1.8999999999999997,0.011883217184072328
kalman,0,0,0.0,0,20,15,True,False,0.09286997140066733,0.9500000000000003,1.8999999999999997,0.011883217184072328
kalman,0,0,0.0,0,20,16,True,False,0.09286997140066733,0.9500000000000003,1.8999999999999997,0.011883217184072328
kalman,0,0,0.0,0,20,17,True,False,0.09286997140066733,0.9500000000000003,1.8999999999999997,0.011883217184072328
kalman,0,0,0.0,0,20,18,True,False,0.09286997140066733,0.9500000000000003,1.8999999999999997,0.011883217184072328
kalman,0,0,0.0,0,20,19,True,False,0.09286997140066733,0.9500000000000003,1.8999999999999997,0.011883217184072328
kalman,0,0,0.0,0,20,20,True,False,0.09286997140066733,0.9500000000000003,1.8999999999999997,0.011883217184072328
kalman,0,0,0.0,0,20,21,True,False,0.09286997140066733,0.9500000000000003,1.8999999999999997,0.011883217184072328
kalman,0,0,0.0,0,20,22,True,False,0.09286997140066733,0.9500000000000003,1.8999999999999997,0.011883217184072328
kalman,0,0,0.0,0,20,23,True,False,0.09286997140066733,0.9500000000000003,1.8999999999999997,0.011883217184072328
kalman,0,0,0.0,0,20,24,True,False,0.09286997140066733,0.9500000000000003,1.8999999999999997,0.011883217184072328
kalman,0,0,0.0,0,20,25,True,False,0.09286997140066733,0.9500000000000003,1.8999999999999997,0.011883217184072328
kalman,0,0,0.0,0,20,26,True,False,0.09286997140066733,0.9500000000000003,1.8999999999999997,0.011883217184072328
kalman,0,0,0.0,0,20,27,True,False,0.09286997140066733,0.9500000000000003,1.8999999999999997,0.011883217184072328
kalman,0,0,0.0,0,20,28,True,False,0.09286997140066733,0.9500000000000003,1.8999999999999997,0.011883217184072328
kalman,0,0,0.0,0,20,29,True,False,0.09286997140066733,0.9500000000000003,1.8999999999999997,0.011883217184072328
kalman,0,0,0.0,0,20,30,True,False,0.09286997140066733,0.9500000000000003,1.8999999999999997,0.011883217184072328
kalman,0,0,0.0,0,20,31,True,False,0.09286997140066733,0.9500000000000003,1.8999999999999997,0.011883217184072328
kalman,0,0,0.0,0,20,32,True,False,0.09286997140066733,0.9500000000000003,1.8999999999999997,0.011883217184072328
kalman,0,0,0.0,0,20,33,True,False,0.09286997140066733,0.9500000000000003,1.8999999999999997,0.011883217184072328
kalman,0,0,0.0,0,20,34,True,False,0.09286997140066733,0.9500000000000003,1.8999999999999997,0.011883217184072328
kalman,0,0,0.0,0,20,35,True,False,0.09286997140066733,0.9500000000000003,1.8999999999999997,0.011883217184072328
kalman,0,0,0.0,0,20,36,True,False,0.09286997140066733,0.9500000000000003,1.8999999999999997,0.011883217184072328
kalman,0,0,0.0,0,20,37,True,False,0.09286997140066733,0.9500000000000003,1.8999999999999997,0.011883217184072328
kalman,0,0,0.0,0,20,38,True,False,0.09286997140066733,0.9500000000000003,1.8999999999999997,0.011883217184072328
kalman,0,0,0.0,0,20,39,True,False,0.09286997140066733,0.9500000000000003,1.8999999999999997,0.011883217184072328
kalman,0,0,0.0,0,20,40,True,False,0.09286997140066733,0.9500000000000003,1.8999999999999997,0.011883217184072328
kalman,0,0,0.0,0,20,41,True,False,0.09286997140066733,0.9500000000000003,1.8999999999999997,0.011883217184072328
kalman,0,0,0.0,0,20,42,True,False,0.09286997140066733,0.9500000000000003,1.8999999999999997,0.011883217184072328
kalman,0,0,0.0,0,20,43,True,False,0.09286997140066733,0.9500000000000003,1.8999999999999997,0.011883217184072328
kalman,0,0,0.0,0,20,44,True,False,0.09286997140066733,0.9500000000000003,1.8999999999999997,0.011883217184072328
kalman,0,0,0.0,0,20,45,True,False,0.09286997140066733,0.9500000000000003,1.8999999999999997,0.011883217184072328
kalman,0,0,0.0,0,20,46,True,False,0.09286997140066733,0.9500000000000003,1.8999999999999997,0.011883217184072328
kalman,0,0,0.0,0,20,47,True,False,0.09286997140066733,0.9500000000000003,1.8999999999999997,0.011883217184072328
kalman,0,0,0.0,0,20,48,True,False,0.09286997140066733,0.9500000000000003,1.8999999999999997,0.011883217184072328
kalman,0,0,0.0,0,20,49,True,False,0.09286997140066733,0.9500000000000003,1.8999999999999997,0.011883217184072328
kalman,0,0,0.0,0,20,50,True,False,0.09286997140066733,0.9500000000000003,1.8999999999999997,0.011883217184072328
ground_truth,0,0,0.25,0,20,1,True,False,0.0932591781715284,0.9500000000000003,1.9,
ground_truth,0,0,0.25,0,20,2,True,False,0.0932591781715284,0.9500000000000003,1.9,
ground_truth,0,0,0.25,0,20,3,True,False,0.0932591781715284,0.9500000000000003,1.9,
ground_truth,0,0,0.25,0,20,4,True,False,0.0932591781715284,0.9500000000000003,1.9,
ground_truth,0,0,0.25,0,20,5,True,False,0.0932591781715284,0.9500000000000003,1.9,
ground_truth,0,0,0.25,0,20,6,True,False,0.0932591781715284,0.9500000000000003,1.9,
ground_truth,0,0,0.25,0,20,7,True,False,0.0932591781715284,0.9500000000000003,1.9,
ground_truth,0,0,0.25,0,20,8,True,False,0.0932591781715284,0.9500000000000003,1.9,
ground_truth,0,0,0.25,0,20,9,True,False,0.0932591781715284,0.9500000000000003,1.9,
ground_truth,0,0,0.25,0,20,10,True,False,0.0932591781715284,0.9500000000000003,1.9,
ground_truth,0,0,0.25,0,20,11,True,False,0.0932591781715284,0.9500000000000003,1.9,
ground_truth,0,0,0.25,0,20,12,True,False,0.0932591781715284,0.9500000000000003,1.9,
ground_truth,0,0,0.25,0,20,13,True,False,0.0932591781715284,0.9500000000000003,1.9,
ground_truth,0,0,0.25,0,20,14,True,False,0.0932591781715284,0.9500000000000003,1.9,
ground_truth,0,0,0.25,0,20,15,True,False,0.0932591781715284,0.9500000000000003,1.9,
ground_truth,0,0,0.25,0,20,16,True,False,0.0932591781715284,0.9500000000000003,1.9,
ground_truth,0,0,0.25,0,20,17,True,False,0.0932591781715284,0.9500000000000003,1.9,
ground_truth,0,0,0.25,0,20,18,True,False,0.0932591781715284,0.9500000000000003,1.9,
ground_truth,0,0,0.25,0,20,19,True,False,0.0932591781715284,0.9500000000000003,1.9,
ground_truth,0,0,0.25,0,20,20,True,False,0.0932591781715284,0.9500000000000003,1.9,
ground_truth,0,0,0.25,0,20,21,True,False,0.0932591781715284,0.9500000000000003,1.9,
ground_truth,0,0,0.25,0,20,22,True,False,0.0932591781715284,0.9500000000000003,1.9,
ground_truth,0,0,0.25,0,20,23,True,False,0.0932591781715284,0.9500000000000003,1.9,
ground_truth,0,0,0.25,0,20,24,True,False,0.0932591781715284,0.9500000000000003,1.9,
ground_truth,0,0,0.25,0,20,25,True,False,0.0932591781715284,0.9500000000000003,1.9,
ground_truth,0,0,0.25,0,20,26,True,False,0.0932591781715284,0.9500000000000003,1.9,
ground_truth,0,0,0.25,0,20,27,True,False,0.0932591781715284,0.9500000000000003,1.9,
ground_truth,0,0,0.25,0,20,28,True,False,0.0932591781715284,0.9500000000000003,1.9,
ground_truth,0,0,0.25,0,20,29,True,False,0.0932591781715284,0.9500000000000003,1.9,
ground_truth,0,0,0.25,0,20,30,True,False,0.0932591781715284,0.9500000000000003,1.9,
ground_truth,0,0,0.25,0,20,31,True,False,0.0932591781715284,0.9500000000000003,1.9,
ground_truth,0,0,0.25,0,20,32,True,False,0.0932591781715284,0.9500000000000003,1.9,
ground_truth,0,0,0.25,0,20,33,True,False,0.0932591781715284,0.9500000000000003,1.9,
ground_truth,0,0,0.25,0,20,34,True,False,0.0932591781715284,0.9500000000000003,1.9,
ground_truth,0,0,0.25,0,20,35,True,False,0.0932591781715284,0.9500000000000003,1.9,
ground_truth,0,0,0.25,0,20,36,True,False,0.0932591781715284,0.9500000000000003,1.9,
ground_truth,0,0,0.25,0,20,37,True,False,0.0932591781715284,0.9500000000000003,1.9,
ground_truth,0,0,0.25,0,20,38,True,False,0.0932591781715284,0.9500000000000003,1.9,
ground_truth,0,0,0.25,0,20,39,True,False,0.0932591781715284,0.9500000000000003,1.9,
ground_truth,0,0,0.25,0,20,40,True,False,0.0932591781715284,0.9500000000000003,1.9,
ground_truth,0,0,0.25,0,20,41,True,False,0.0932591781715284,0.9500000000000003,1.9,
ground_truth,0,0,0.25,0,20,42,True,False,0.0932591781715284,0.9500000000000003,1.9,
ground_truth,0,0,0.25,0,20,43,True,False,0.0932591781715284,0.9500000000000003,1.9,
ground_truth,0,0,0.25,0,20,44,True,False,0.0932591781715284,0.9500000000000003,1.9,
ground_truth,0,0,0.25,0,20,45,True,False,0.0932591781715284,0.9500000000000003,1.9,
ground_truth,0,0,0.25,0,20,46,True,False,0.0932591781715284,0.9500000000000003,1.9,
ground_truth,0,0,0.25,0,20,47,True,False,0.0932591781715284,0.9500000000000003,1.9,
ground_truth,0,0,0.25,0,20,48,True,False,0.0932591781715284,0.9500000000000003,1.9,
ground_truth,0,0,0.25,0,20,49,True,False,0.0932591781715284,0.9500000000000003,1.9,
ground_truth,0,0,0.25,0,20,50,True,False,0.0932591781715284,0.9500000000000003,1.9,
noisy,0,0,0.25,0,20,1,True,False,0.217788016387793,1.0000000000000002,2.0000000000000004,0.5708636363636357
noisy,0,0,0.25,0,20,2,True,False,0.217788016387793,1.0000000000000002,2.0000000000000004,0.5708636363636357
noisy,0,0,0.25,0,20,3,True,False,0.217788016387793,1.0000000000000002,2.0000000000000004,0.5708636363636357
noisy,0,0,0.25,0,20,4,True,False,0.217788016387793,1.0000000000000002,2.0000000000000004,0.5708636363636357
noisy,0,0,0.25,0,20,5,True,False,0.217788016387793,1.0000000000000002,2.0000000000000004,0.5708636363636357
noisy,0,0,0.25,0,20,6,True,False,0.217788016387793,1.0000000000000002,2.0000000000000004,0.5708636363636357
noisy,0,0,0.25,0,20,7,True,False,0.217788016387793,1.0000000000000002,2.0000000000000004,0.5708636363636357
noisy,0,0,0.25,0,20,8,True,False,0.217788016387793,1.0000000000000002,2.0000000000000004,0.5708636363636357
noisy,0,0,0.25,0,20,9,True,False,0.217788016387793,1.0000000000000002,2.0000000000000004,0.5708636363636357
noisy,0,0,0.25,0,20,10,True,False,0.217788016387793,1.0000000000000002,2.0000000000000004,0.5708636363636357
noisy,0,0,0.25,0,20,11,True,False,0.217788016387793,1.0000000000000002,2.0000000000000004,0.5708636363636357
noisy,0,0,0.25,0,20,12,True,False,0.217788016387793,1.0000000000000002,2.0000000000000004,0.5708636363636357
noisy,0,0,0.25,0,20,13,True,False,0.217788016387793,1.0000000000000002,2.0000000000000004,0.5708636363636357
noisy,0,0,0.25,0,20,14,True,False,0.217788016387793,1.0000000000000002,2.0000000000000004,0.5708636363636357
noisy,0,0,0.25,0,20,15,True,False,0.217788016387793,1.0000000000000002,2.0000000000000004,0.5708636363636357
noisy,0,0,0.25,0,20,16,True,False,0.217788016387793,1.0000000000000002,2.0000000000000004,0.5708636363636357
noisy,0,0,0.25,0,20,17,True,False,0.217788016387793,1.0000000000000002,2.0000000000000004,0.5708636363636357
noisy,0,0,0.25,0,20,18,True,False,0.217788016387793,1.0000000000000002,2.0000000000000004,0.5708636363636357
noisy,0,0,0.25,0,20,19,True,False,0.217788016387793,1.0000000000000002,2.0000000000000004,0.5708636363636357
noisy,0,0,0.25,0,20,20,True,False,0.217788016387793,1.0000000000000002,2.0000000000000004,0.5708636363636357
noisy,0,0,0.25,0,20,21,True,False,0.217788016387793,1.0000000000000002,2.0000000000000004,0.5708636363636357
noisy,0,0,0.25,0,20,22,True,False,0.217788016387793,1.0000000000000002,2.0000000000000004,0.5708636363636357
noisy,0,0,0.25,0,20,23,True,False,0.217788016387793,1.0000000000000002,2.0000000000000004,0.5708636363636357
noisy,0,0,0.25,0,20,24,True,False,0.217788016387793,1.0000000000000002,2.0000000000000004,0.5708636363636357
noisy,0,0,0.25,0,20,25,True,False,0.217788016387793,1.0000000000000002,2.0000000000000004,0.5708636363636357
noisy,0,0,0.25,0,20,26,True,False,0.217788016387793,1.0000000000000002,2.0000000000000004,0.5708636363636357
noisy,0,0,0.25,0,20,27,True,False,0.217788016387793,1.0000000000000002,2.0000000000000004,0.5708636363636357
noisy,0,0,0.25,0,20,28,True,False,0.217788016387793,1.0000000000000002,2.0000000000000004,0.5708636363636357
noisy,0,0,0.25,0,20,29,True,False,0.217788016387793,1.0000000000000002,2.0000000000000004,0.5708636363636357
noisy,0,0,0.25,0,20,30,True,False,0.217788016387793,1.0000000000000002,2.0000000000000004,0.5708636363636357
noisy,0,0,0.25,0,20,31,True,False,0.217788016387793,1.0000000000000002,2.0000000000000004,0.5708636363636357
noisy,0,0,0.25,0,20,32,True,False,0.217788016387793,1.0000000000000002,2.0000000000000004,0.5708636363636357
noisy,0,0,0.25,0,20,33,True,False,0.217788016387793,1.0000000000000002,2.0000000000000004,0.5708636363636357
noisy,0,0,0.25,0,20,34,True,False,0.217788016387793,1.0000000000000002,2.0000000000000004,0.5708636363636357
noisy,0,0,0.25,0,20,35,True,False,0.217788016387793,1.0000000000000002,2.0000000000000004,0.5708636363636357
noisy,0,0,0.25,0,20,36,True,False,0.217788016387793,1.0000000000000002,2.0000000000000004,0.5708636363636357
noisy,0,0,0.25,0,20,37,True,False,0.217788016387793,1.0000000000000002,2.0000000000000004,0.5708636363636357
noisy,0,0,0.25,0,20,38,True,False,0.217788016387793,1.0000000000000002,2.0000000000000004,0.5708636363636357
noisy,0,0,0.25,0,20,39,True,False,0.217788016387793,1.0000000000000002,2.0000000000000004,0.5708636363636357
noisy,0,0,0.25,0,20,40,True,False,0.217788016387793,1.0000000000000002,2.0000000000000004,0.5708636363636357
noisy,0,0,0.25,0,20,41,True,False,0.217788016387793,1.0000000000000002,2.0000000000000004,0.5708636363636357
noisy,0,0,0.25,0,20,42,True,False,0.217788016387793,1.0000000000000002,2.0000000000000004,0.5708636363636357
noisy,0,0,0.25,0,20,43,True,False,0.217788016387793,1.0000000000000002,2.0000000000000004,0.5708636363636357
noisy,0,0,0.25,0,20,44,True,False,0.217788016387793,1.0000000000000002,2.0000000000000004,0.5708636363636357
noisy,0,0,0.25,0,20,45,True,False,0.217788016387793,1.0000000000000002,2.0000000000000004,0.5708636363636357
noisy,0,0,0.25,0,20,46,True,False,0.217788016387793,1.0000000000000002,2.0000000000000004,0.5708636363636357
noisy,0,0,0.25,0,20,47,True,False,0.217788016387793,1.0000000000000002,2.0000000000000004,0.5708636363636357
noisy,0,0,0.25,0,20,48,True,False,0.217788016387793,1.0000000000000002,2.0000000000000004,0.5708636363636357
noisy,0,0,0.25,0,20,49,True,False,0.217788016387793,1.0000000000000002,2.0000000000000004,0.5708636363636357
noisy,0,0,0.25,0,20,50,True,False,0.217788016387793,1.0000000000000002,2.0000000000000004,0.5708636363636357
kalman,0,0,0.25,0,20,1,False,True,-0.04533365437658876,,0.49999999999999956,0.571167185371956
kalman,0,0,0.25,0,20,2,False,True,-0.04533365437658876,,0.49999999999999956,0.571167185371956
kalman,0,0,0.25,0,20,3,False,True,-0.04533365437658876,,0.49999999999999956,0.571167185371956
kalman,0,0,0.25,0,20,4,False,True,-0.04533365437658876,,0.49999999999999956,0.571167185371956
kalman,0,0,0.25,0,20,5,False,True,-0.04533365437658876,,0.49999999999999956,0.571167185371956
kalman,0,0,0.25,0,20,6,False,True,-0.04533365437658876,,0.49999999999999956,0.571167185371956
kalman,0,0,0.25,0,20,7,False,True,-0.04533365437658876,,0.49999999999999956,0.571167185371956
kalman,0,0,0.25,0,20,8,False,True,-0.04533365437658876,,0.49999999999999956,0.571167185371956
kalman,0,0,0.25,0,20,9,False,True,-0.04533365437658876,,0.49999999999999956,0.571167185371956
kalman,0,0,0.25,0,20,10,False,True,-0.04533365437658876,,0.49999999999999956,0.571167185371956
kalman,0,0,0.25,0,20,11,False,True,-0.04533365437658876,,0.49999999999999956,0.571167185371956
kalman,0,0,0.25,0,20,12,False,True,-0.04533365437658876,,0.49999999999999956,0.571167185371956
kalman,0,0,0.25,0,20,13,False,True,-0.04533365437658876,,0.49999999999999956,0.571167185371956
kalman,0,0,0.25,0,20,14,False,True,-0.04533365437658876,,0.49999999999999956,0.571167185371956
kalman,0,0,0.25,0,20,15,False,True,-0.04533365437658876,,0.49999999999999956,0.571167185371956
kalman,0,0,0.25,0,20,16,False,True,-0.04533365437658876,,0.49999999999999956,0.571167185371956
kalman,0,0,0.25,0,20,17,False,True,-0.04533365437658876,,0.49999999999999956,0.571167185371956
kalman,0,0,0.25,0,20,18,False,True,-0.04533365437658876,,0.49999999999999956,0.571167185371956
kalman,0,0,0.25,0,20,19,False,True,-0.04533365437658876,,0.49999999999999956,0.571167185371956
kalman,0,0,0.25,0,20,20,False,True,-0.04533365437658876,,0.49999999999999956,0.571167185371956
kalman,0,0,0.25,0,20,21,False,True,-0.04533365437658876,,0.49999999999999956,0.571167185371956
kalman,0,0,0.25,0,20,22,False,True,-0.04533365437658876,,0.49999999999999956,0.571167185371956
kalman,0,0,0.25,0,20,23,False,True,-0.04533365437658876,,0.49999999999999956,0.571167185371956
kalman,0,0,0.25,0,20,24,False,True,-0.04533365437658876,,0.49999999999999956,0.571167185371956
kalman,0,0,0.25,0,20,25,False,True,-0.04533365437658876,,0.49999999999999956,0.571167185371956
kalman,0,0,0.25,0,20,26,False,True,-0.04533365437658876,,0.49999999999999956,0.571167185371956
kalman,0,0,0.25,0,20,27,False,True,-0.04533365437658876,,0.49999999999999956,0.571167185371956
kalman,0,0,0.25,0,20,28,False,True,-0.04533365437658876,,0.49999999999999956,0.571167185371956
kalman,0,0,0.25,0,20,29,False,True,-0.04533365437658876,,0.49999999999999956,0.571167185371956
kalman,0,0,0.25,0,20,30,False,True,-0.04533365437658876,,0.49999999999999956,0.571167185371956
kalman,0,0,0.25,0,20,31,False,True,-0.04533365437658876,,0.49999999999999956,0.571167185371956
kalman,0,0,0.25,0,20,32,False,True,-0.04533365437658876,,0.49999999999999956,0.571167185371956
kalman,0,0,0.25,0,20,33,False,True,-0.04533365437658876,,0.49999999999999956,0.571167185371956
kalman,0,0,0.25,0,20,34,False,True,-0.04533365437658876,,0.49999999999999956,0.571167185371956
kalman,0,0,0.25,0,20,35,False,True,-0.04533365437658876,,0.49999999999999956,0.571167185371956
kalman,0,0,0.25,0,20,36,False,True,-0.04533365437658876,,0.49999999999999956,0.571167185371956
kalman,0,0,0.25,0,20,37,False,True,-0.04533365437658876,,0.49999999999999956,0.571167185371956
kalman,0,0,0.25,0,20,38,False,True,-0.04533365437658876,,0.49999999999999956,0.571167185371956
kalman,0,0,0.25,0,20,39,False,True,-0.04533365437658876,,0.49999999999999956,0.571167185371956
kalman,0,0,0.25,0,20,40,False,True,-0.04533365437658876,,0.49999999999999956,0.571167185371956
kalman,0,0,0.25,0,20,41,False,True,-0.04533365437658876,,0.49999999999999956,0.571167185371956
kalman,0,0,0.25,0,20,42,False,True,-0.04533365437658876,,0.49999999999999956,0.571167185371956
kalman,0,0,0.25,0,20,43,False,True,-0.04533365437658876,,0.49999999999999956,0.571167185371956
kalman,0,0,0.25,0,20,44,False,True,-0.04533365437658876,,0.49999999999999956,0.571167185371956
kalman,0,0,0.25,0,20,45,False,True,-0.04533365437658876,,0.49999999999999956,0.571167185371956
kalman,0,0,0.25,0,20,46,False,True,-0.04533365437658876,,0.49999999999999956,0.571167185371956
kalman,0,0,0.25,0,20,47,False,True,-0.04533365437658876,,0.49999999999999956,0.571167185371956
kalman,0,0,0.25,0,20,48,False,True,-0.04533365437658876,,0.49999999999999956,0.571167185371956
kalman,0,0,0.25,0,20,49,False,True,-0.04533365437658876,,0.49999999999999956,0.571167185371956
kalman,0,0,0.25,0,20,50,False,True,-0.04533365437658876,,0.49999999999999956,0.571167185371956
ground_truth,0,0,0.5,0,20,1,True,False,0.0932591781715284,0.9500000000000003,1.9,
ground_truth,0,0,0.5,0,20,2,True,False,0.0932591781715284,0.9500000000000003,1.9,
ground_truth,0,0,0.5,0,20,3,True,False,0.0932591781715284,0.9500000000000003,1.9,
ground_truth,0,0,0.5,0,20,4,True,False,0.0932591781715284,0.9500000000000003,1.9,
ground_truth,0,0,0.5,0,20,5,True,False,0.0932591781715284,0.9500000000000003,1.9,
ground_truth,0,0,0.5,0,20,6,True,False,0.0932591781715284,0.9500000000000003,1.9,
ground_truth,0,0,0.5,0,20,7,True,False,0.0932591781715284,0.9500000000000003,1.9,
ground_truth,0,0,0.5,0,20,8,True,False,0.0932591781715284,0.9500000000000003,1.9,
ground_truth,0,0,0.5,0,20,9,True,False,0.0932591781715284,0.9500000000000003,1.9,
ground_truth,0,0,0.5,0,20,10,True,False,0.0932591781715284,0.9500000000000003,1.9,
ground_truth,0,0,0.5,0,20,11,True,False,0.0932591781715284,0.9500000000000003,1.9,
ground_truth,0,0,0.5,0,20,12,True,False,0.0932591781715284,0.9500000000000003,1.9,
ground_truth,0,0,0.5,0,20,13,True,False,0.0932591781715284,0.9500000000000003,1.9,
ground_truth,0,0,0.5,0,20,14,True,False,0.0932591781715284,0.9500000000000003,1.9,
ground_truth,0,0,0.5,0,20,15,True,False,0.0932591781715284,0.9500000000000003,1.9,
ground_truth,0,0,0.5,0,20,16,True,False,0.0932591781715284,0.9500000000000003,1.9,
ground_truth,0,0,0.5,0,20,17,True,False,0.0932591781715284,0.9500000000000003,1.9,
ground_truth,0,0,0.5,0,20,18,True,False,0.0932591781715284,0.9500000000000003,1.9,
ground_truth,0,0,0.5,0,20,19,True,False,0.0932591781715284,0.9500000000000003,1.9,
ground_truth,0,0,0.5,0,20,20,True,False,0.0932591781715284,0.9500000000000003,1.9,
ground_truth,0,0,0.5,0,20,21,True,False,0.0932591781715284,0.9500000000000003,1.9,
ground_truth,0,0,0.5,0,20,22,True,False,0.0932591781715284,0.9500000000000003,1.9,
ground_truth,0,0,0.5,0,20,23,True,False,0.0932591781715284,0.9500000000000003,1.9,
ground_truth,0,0,0.5,0,20,24,True,False,0.0932591781715284,0.9500000000000003,1.9,
ground_truth,0,0,0.5,0,20,25,True,False,0.0932591781715284,0.9500000000000003,1.9,
ground_truth,0,0,0.5,0,20,26,True,False,0.0932591781715284,0.9500000000000003,1.9,
ground_truth,0,0,0.5,0,20,27,True,False,0.0932591781715284,0.9500000000000003,1.9,
ground_truth,0,0,0.5,0,20,28,True,False,0.0932591781715284,0.9500000000000003,1.9,
ground_truth,0,0,0.5,0,20,29,True,False,0.0932591781715284,0.9500000000000003,1.9,
ground_truth,0,0,0.5,0,20,30,True,False,0.0932591781715284,0.9500000000000003,1.9,
ground_truth,0,0,0.5,0,20,31,True,False,0.0932591781715284,0.9500000000000003,1.9,
ground_truth,0,0,0.5,0,20,32,True,False,0.0932591781715284,0.9500000000000003,1.9,
ground_truth,0,0,0.5,0,20,33,True,False,0.0932591781715284,0.9500000000000003,1.9,
ground_truth,0,0,0.5,0,20,34,True,False,0.0932591781715284,0.9500000000000003,1.9,
ground_truth,0,0,0.5,0,20,35,True,False,0.0932591781715284,0.9500000000000003,1.9,
ground_truth,0,0,0.5,0,20,36,True,False,0.0932591781715284,0.9500000000000003,1.9,
ground_truth,0,0,0.5,0,20,37,True,False,0.0932591781715284,0.9500000000000003,1.9,
ground_truth,0,0,0.5,0,20,38,True,False,0.0932591781715284,0.9500000000000003,1.9,
ground_truth,0,0,0.5,0,20,39,True,False,0.0932591781715284,0.9500000000000003,1.9,
ground_truth,0,0,0.5,0,20,40,True,False,0.0932591781715284,0.9500000000000003,1.9,
ground_truth,0,0,0.5,0,20,41,True,False,0.0932591781715284,0.9500000000000003,1.9,
ground_truth,0,0,0.5,0,20,42,True,False,0.0932591781715284,0.9500000000000003,1.9,
ground_truth,0,0,0.5,0,20,43,True,False,0.0932591781715284,0.9500000000000003,1.9,
ground_truth,0,0,0.5,0,20,44,True,False,0.0932591781715284,0.9500000000000003,1.9,
ground_truth,0,0,0.5,0,20,45,True,False,0.0932591781715284,0.9500000000000003,1.9,
ground_truth,0,0,0.5,0,20,46,True,False,0.0932591781715284,0.9500000000000003,1.9,
ground_truth,0,0,0.5,0,20,47,True,False,0.0932591781715284,0.9500000000000003,1.9,
ground_truth,0,0,0.5,0,20,48,True,False,0.0932591781715284,0.9500000000000003,1.9,
ground_truth,0,0,0.5,0,20,49,True,False,0.0932591781715284,0.9500000000000003,1.9,
ground_truth,0,0,0.5,0,20,50,True,False,0.0932591781715284,0.9500000000000003,1.9,
noisy,0,0,0.5,0,20,1,True,False,0.24773347805719026,1.0000000000000002,2.0,0.34689664843640516
noisy,0,0,0.5,0,20,2,True,False,0.24773347805719026,1.0000000000000002,2.0,0.34689664843640516
noisy,0,0,0.5,0,20,3,True,False,0.24773347805719026,1.0000000000000002,2.0,0.34689664843640516
noisy,0,0,0.5,0,20,4,True,False,0.24773347805719026,1.0000000000000002,2.0,0.34689664843640516
noisy,0,0,0.5,0,20,5,True,False,0.24773347805719026,1.0000000000000002,2.0,0.34689664843640516
noisy,0,0,0.5,0,20,6,True,False,0.24773347805719026,1.0000000000000002,2.0,0.34689664843640516
noisy,0,0,0.5,0,20,7,True,False,0.24773347805719026,1.0000000000000002,2.0,0.34689664843640516
noisy,0,0,0.5,0,20,8,True,False,0.24773347805719026,1.0000000000000002,2.0,0.34689664843640516
noisy,0,0,0.5,0,20,9,True,False,0.24773347805719026,1.0000000000000002,2.0,0.34689664843640516
noisy,0,0,0.5,0,20,10,True,False,0.24773347805719026,1.0000000000000002,2.0,0.34689664843640516
noisy,0,0,0.5,0,20,11,True,False,0.24773347805719026,1.0000000000000002,2.0,0.34689664843640516
noisy,0,0,0.5,0,20,12,True,False,0.24773347805719026,1.0000000000000002,2.0,0.34689664843640516
noisy,0,0,0.5,0,20,13,True,False,0.24773347805719026,1.0000000000000002,2.0,0.34689664843640516
noisy,0,0,0.5,0,20,14,True,False,0.24773347805719026,1.0000000000000002,2.0,0.34689664843640516
noisy,0,0,0.5,0,20,15,True,False,0.24773347805719026,1.0000000000000002,2.0,0.34689664843640516
noisy,0,0,0.5,0,20,16,True,False,0.24773347805719026,1.0000000000000002,2.0,0.34689664843640516
noisy,0,0,0.5,0,20,17,True,False,0.24773347805719026,1.0000000000000002,2.0,0.34689664843640516
noisy,0,0,0.5,0,20,18,True,False,0.24773347805719026,1.0000000000000002,2.0,0.34689664843640516
noisy,0,0,0.5,0,20,19,True,False,0.24773347805719026,1.0000000000000002,2.0,0.34689664843640516
noisy,0,0,0.5,0,20,20,True,False,0.24773347805719026,1.0000000000000002,2.0,0.34689664843640516
noisy,0,0,0.5,0,20,21,True,False,0.24773347805719026,1.0000000000000002,2.0,0.34689664843640516
noisy,0,0,0.5,0,20,22,True,False,0.24773347805719026,1.0000000000000002,2.0,0.34689664843640516
noisy,0,0,0.5,0,20,23,True,False,0.24773347805719026,1.0000000000000002,2.0,0.34689664843640516
noisy,0,0,0.5,0,20,24,True,False,0.24773347805719026,1.0000000000000002,2.0,0.34689664843640516
noisy,0,0,0.5,0,20,25,True,False,0.24773347805719026,1.0000000000000002,2.0,0.34689664843640516
noisy,0,0,0.5,0,20,26,True,False,0.24773347805719026,1.0000000000000002,2.0,0.34689664843640516
noisy,0,0,0.5,0,20,27,True,False,0.24773347805719026,1.0000000000000002,2.0,0.34689664843640516
noisy,0,0,0.5,0,20,28,True,False,0.24773347805719026,1.0000000000000002,2.0,0.34689664843640516
noisy,0,0,0.5,0,20,29,True,False,0.24773347805719026,1.0000000000000002,2.0,0.34689664843640516
noisy,0,0,0.5,0,20,30,True,False,0.24773347805719026,1.0000000000000002,2.0,0.34689664843640516
noisy,0,0,0.5,0,20,31,True,False,0.24773347805719026,1.0000000000000002,2.0,0.34689664843640516
noisy,0,0,0.5,0,20,32,True,False,0.24773347805719026,1.0000000000000002,2.0,0.34689664843640516
noisy,0,0,0.5,0,20,33,True,False,0.24773347805719026,1.0000000000000002,2.0,0.34689664843640516
noisy,0,0,0.5,0,20,34,True,False,0.24773347805719026,1.0000000000000002,2.0,0.34689664843640516
noisy,0,0,0.5,0,20,35,True,False,0.24773347805719026,1.0000000000000002,2.0,0.34689664843640516
noisy,0,0,0.5,0,20,36,True,False,0.24773347805719026,1.0000000000000002,2.0,0.34689664843640516
noisy,0,0,0.5,0,20,37,True,False,0.24773347805719026,1.0000000000000002,2.0,0.34689664843640516
noisy,0,0,0.5,0,20,38,True,False,0.24773347805719026,1.0000000000000002,2.0,0.34689664843640516
noisy,0,0,0.5,0,20,39,True,False,0.24773347805719026,1.0000000000000002,2.0,0.34689664843640516
noisy,0,0,0.5,0,20,40,True,False,0.24773347805719026,1.0000000000000002,2.0,0.34689664843640516
noisy,0,0,0.5,0,20,41,True,False,0.24773347805719026,1.0000000000000002,2.0,0.34689664843640516
noisy,0,0,0.5,0,20,42,True,False,0.24773347805719026,1.0000000000000002,2.0,0.34689664843640516
noisy,0,0,0.5,0,20,43,True,False,0.24773347805719026,1.0000000000000002,2.0,0.34689664843640516
noisy,0,0,0.5,0,20,44,True,False,0.24773347805719026,1.0000000000000002,2.0,0.34689664843640516
noisy,0,0,0.5,0,20,45,True,False,0.24773347805719026,1.0000000000000002,2.0,0.34689664843640516
noisy,0,0,0.5,0,20,46,True,False,0.24773347805719026,1.0000000000000002,2.0,0.34689664843640516
noisy,0,0,0.5,0,20,47,True,False,0.24773347805719026,1.0000000000000002,2.0,0.34689664843640516
noisy,0,0,0.5,0,20,48,True,False,0.24773347805719026,1.0000000000000002,2.0,0.34689664843640516
noisy,0,0,0.5,0,20,49,True,False,0.24773347805719026,1.0000000000000002,2.0,0.34689664843640516
noisy,0,0,0.5,0,20,50,True,False,0.24773347805719026,1.0000000000000002,2.0,0.34689664843640516
kalman,0,0,0.5,0,20,1,True,False,0.2536714267991913,1.0000000000000002,2.0000000000000004,0.3470904543297302
kalman,0,0,0.5,0,20,2,True,False,0.2536714267991913,1.0000000000000002,2.0000000000000004,0.3470904543297302
kalman,0,0,0.5,0,20,3,True,False,0.2536714267991913,1.0000000000000002,2.0000000000000004,0.3470904543297302
kalman,0,0,0.5,0,20,4,True,False,0.2536714267991913,1.0000000000000002,2.0000000000000004,0.3470904543297302
kalman,0,0,0.5,0,20,5,True,False,0.2536714267991913,1.0000000000000002,2.0000000000000004,0.3470904543297302
kalman,0,0,0.5,0,20,6,True,False,0.2536714267991913,1.0000000000000002,2.0000000000000004,0.3470904543297302
kalman,0,0,0.5,0,20,7,True,False,0.2536714267991913,1.0000000000000002,2.0000000000000004,0.3470904543297302
kalman,0,0,0.5,0,20,8,True,False,0.2536714267991913,1.0000000000000002,2.0000000000000004,0.3470904543297302
kalman,0,0,0.5,0,20,9,True,False,0.2536714267991913,1.0000000000000002,2.0000000000000004,0.3470904543297302
kalman,0,0,0.5,0,20,10,True,False,0.2536714267991913,1.0000000000000002,2.0000000000000004,0.3470904543297302
kalman,0,0,0.5,0,20,11,True,False,0.2536714267991913,1.0000000000000002,2.0000000000000004,0.3470904543297302
kalman,0,0,0.5,0,20,12,True,False,0.2536714267991913,1.0000000000000002,2.0000000000000004,0.3470904543297302
kalman,0,0,0.5,0,20,13,True,False,0.2536714267991913,1.0000000000000002,2.0000000000000004,0.3470904543297302
kalman,0,0,0.5,0,20,14,True,False,0.2536714267991913,1.0000000000000002,2.0000000000000004,0.3470904543297302
kalman,0,0,0.5,0,20,15,True,False,0.2536714267991913,1.0000000000000002,2.0000000000000004,0.3470904543297302
kalman,0,0,0.5,0,20,16,True,False,0.2536714267991913,1.0000000000000002,2.0000000000000004,0.3470904543297302
kalman,0,0,0.5,0,20,17,True,False,0.2536714267991913,1.0000000000000002,2.0000000000000004,0.3470904543297302
kalman,0,0,0.5,0,20,18,True,False,0.2536714267991913,1.0000000000000002,2.0000000000000004,0.3470904543297302
kalman,0,0,0.5,0,20,19,True,False,0.2536714267991913,1.0000000000000002,2.0000000000000004,0.3470904543297302
kalman,0,0,0.5,0,20,20,True,False,0.2536714267991913,1.0000000000000002,2.0000000000000004,0.3470904543297302
kalman,0,0,0.5,0,20,21,True,False,0.2536714267991913,1.0000000000000002,2.0000000000000004,0.3470904543297302
kalman,0,0,0.5,0,20,22,True,False,0.2536714267991913,1.0000000000000002,2.0000000000000004,0.3470904543297302
kalman,0,0,0.5,0,20,23,True,False,0.2536714267991913,1.0000000000000002,2.0000000000000004,0.3470904543297302
kalman,0,0,0.5,0,20,24,True,False,0.2536714267991913,1.0000000000000002,2.0000000000000004,0.3470904543297302
kalman,0,0,0.5,0,20,25,True,False,0.2536714267991913,1.0000000000000002,2.0000000000000004,0.3470904543297302
kalman,0,0,0.5,0,20,26,True,False,0.2536714267991913,1.0000000000000002,2.0000000000000004,0.3470904543297302
kalman,0,0,0.5,0,20,27,True,False,0.2536714267991913,1.0000000000000002,2.0000000000000004,0.3470904543297302
kalman,0,0,0.5,0,20,28,True,False,0.2536714267991913,1.0000000000000002,2.0000000000000004,0.3470904543297302
kalman,0,0,0.5,0,20,29,True,False,0.2536714267991913,1.0000000000000002,2.0000000000000004,0.3470904543297302
kalman,0,0,0.5,0,20,30,True,False,0.2536714267991913,1.0000000000000002,2.0000000000000004,0.3470904543297302
kalman,0,0,0.5,0,20,31,True,False,0.2536714267991913,1.0000000000000002,2.0000000000000004,0.3470904543297302
kalman,0,0,0.5,0,20,32,True,False,0.2536714267991913,1.0000000000000002,2.0000000000000004,0.3470904543297302
kalman,0,0,0.5,0,20,33,True,False,0.2536714267991913,1.0000000000000002,2.0000000000000004,0.3470904543297302
kalman,0,0,0.5,0,20,34,True,False,0.2536714267991913,1.0000000000000002,2.0000000000000004,0.3470904543297302
kalman,0,0,0.5,0,20,35,True,False,0.2536714267991913,1.0000000000000002,2.0000000000000004,0.3470904543297302
kalman,0,0,0.5,0,20,36,True,False,0.2536714267991913,1.0000000000000002,2.0000000000000004,0.3470904543297302
kalman,0,0,0.5,0,20,37,True,False,0.2536714267991913,1.0000000000000002,2.0000000000000004,0.3470904543297302
kalman,0,0,0.5,0,20,38,True,False,0.2536714267991913,1.0000000000000002,2.0000000000000004,0.3470904543297302
kalman,0,0,0.5,0,20,39,True,False,0.2536714267991913,1.0000000000000002,2.0000000000000004,0.3470904543297302
kalman,0,0,0.5,0,20,40,True,False,0.2536714267991913,1.0000000000000002,2.0000000000000004,0.3470904543297302
kalman,0,0,0.5,0,20,41,True,False,0.2536714267991913,1.0000000000000002,2.0000000000000004,0.3470904543297302
kalman,0,0,0.5,0,20,42,True,False,0.2536714267991913,1.0000000000000002,2.0000000000000004,0.3470904543297302
kalman,0,0,0.5,0,20,43,True,False,0.2536714267991913,1.0000000000000002,2.0000000000000004,0.3470904543297302
kalman,0,0,0.5,0,20,44,True,False,0.2536714267991913,1.0000000000000002,2.0000000000000004,0.3470904543297302
kalman,0,0,0.5,0,20,45,True,False,0.2536714267991913,1.0000000000000002,2.0000000000000004,0.3470904543297302
kalman,0,0,0.5,0,20,46,True,False,0.2536714267991913,1.0000000000000002,2.0000000000000004,0.3470904543297302
kalman,0,0,0.5,0,20,47,True,False,0.2536714267991913,1.0000000000000002,2.0000000000000004,0.3470904543297302
kalman,0,0,0.5,0,20,48,True,False,0.2536714267991913,1.0000000000000002,2.0000000000000004,0.3470904543297302
kalman,0,0,0.5,0,20,49,True,False,0.2536714267991913,1.0000000000000002,2.0000000000000004,0.3470904543297302
kalman,0,0,0.5,0,20,50,True,False,0.2536714267991913,1.0000000000000002,2.0000000000000004,0.3470904543297302
ground_truth,5,0,0.0,0,20,1,True,False,0.0932591781715284,0.9500000000000003,1.9,
ground_truth,5,0,0.0,0,20,2,True,False,0.0932591781715284,0.9500000000000003,1.9,
ground_truth,5,0,0.0,0,20,3,True,False,0.0932591781715284,0.9500000000000003,1.9,
ground_truth,5,0,0.0,0,20,4,True,False,0.0932591781715284,0.9500000000000003,1.9,
ground_truth,5,0,0.0,0,20,5,True,False,0.0932591781715284,0.9500000000000003,1.9,
ground_truth,5,0,0.0,0,20,6,True,False,0.0932591781715284,0.9500000000000003,1.9,
ground_truth,5,0,0.0,0,20,7,True,False,0.0932591781715284,0.9500000000000003,1.9,
ground_truth,5,0,0.0,0,20,8,True,False,0.0932591781715284,0.9500000000000003,1.9,
ground_truth,5,0,0.0,0,20,9,True,False,0.0932591781715284,0.9500000000000003,1.9,
ground_truth,5,0,0.0,0,20,10,True,False,0.0932591781715284,0.9500000000000003,1.9,
ground_truth,5,0,0.0,0,20,11,True,False,0.0932591781715284,0.9500000000000003,1.9,
ground_truth,5,0,0.0,0,20,12,True,False,0.0932591781715284,0.9500000000000003,1.9,
ground_truth,5,0,0.0,0,20,13,True,False,0.0932591781715284,0.9500000000000003,1.9,
ground_truth,5,0,0.0,0,20,14,True,False,0.0932591781715284,0.9500000000000003,1.9,
ground_truth,5,0,0.0,0,20,15,True,False,0.0932591781715284,0.9500000000000003,1.9,
ground_truth,5,0,0.0,0,20,16,True,False,0.0932591781715284,0.9500000000000003,1.9,
ground_truth,5,0,0.0,0,20,17,True,False,0.0932591781715284,0.9500000000000003,1.9,
ground_truth,5,0,0.0,0,20,18,True,False,0.0932591781715284,0.9500000000000003,1.9,
ground_truth,5,0,0.0,0,20,19,True,False,0.0932591781715284,0.9500000000000003,1.9,
ground_truth,5,0,0.0,0,20,20,True,False,0.0932591781715284,0.9500000000000003,1.9,
ground_truth,5,0,0.0,0,20,21,True,False,0.0932591781715284,0.9500000000000003,1.9,
ground_truth,5,0,0.0,0,20,22,True,False,0.0932591781715284,0.9500000000000003,1.9,
ground_truth,5,0,0.0,0,20,23,True,False,0.0932591781715284,0.9500000000000003,1.9,
ground_truth,5,0,0.0,0,20,24,True,False,0.0932591781715284,0.9500000000000003,1.9,
ground_truth,5,0,0.0,0,20,25,True,False,0.0932591781715284,0.9500000000000003,1.9,
ground_truth,5,0,0.0,0,20,26,True,False,0.0932591781715284,0.9500000000000003,1.9,
ground_truth,5,0,0.0,0,20,27,True,False,0.0932591781715284,0.9500000000000003,1.9,
ground_truth,5,0,0.0,0,20,28,True,False,0.0932591781715284,0.9500000000000003,1.9,
ground_truth,5,0,0.0,0,20,29,True,False,0.0932591781715284,0.9500000000000003,1.9,
ground_truth,5,0,0.0,0,20,30,True,False,0.0932591781715284,0.9500000000000003,1.9,
ground_truth,5,0,0.0,0,20,31,True,False,0.0932591781715284,0.9500000000000003,1.9,
ground_truth,5,0,0.0,0,20,32,True,False,0.0932591781715284,0.9500000000000003,1.9,
ground_truth,5,0,0.0,0,20,33,True,False,0.0932591781715284,0.9500000000000003,1.9,
ground_truth,5,0,0.0,0,20,34,True,False,0.0932591781715284,0.9500000000000003,1.9,
ground_truth,5,0,0.0,0,20,35,True,False,0.0932591781715284,0.9500000000000003,1.9,
ground_truth,5,0,0.0,0,20,36,True,False,0.0932591781715284,0.9500000000000003,1.9,
ground_truth,5,0,0.0,0,20,37,True,False,0.0932591781715284,0.9500000000000003,1.9,
ground_truth,5,0,0.0,0,20,38,True,False,0.0932591781715284,0.9500000000000003,1.9,
ground_truth,5,0,0.0,0,20,39,True,False,0.0932591781715284,0.9500000000000003,1.9,
ground_truth,5,0,0.0,0,20,40,True,False,0.0932591781715284,0.9500000000000003,1.9,
ground_truth,5,0,0.0,0,20,41,True,False,0.0932591781715284,0.9500000000000003,1.9,
ground_truth,5,0,0.0,0,20,42,True,False,0.0932591781715284,0.9500000000000003,1.9,
ground_truth,5,0,0.0,0,20,43,True,False,0.0932591781715284,0.9500000000000003,1.9,
ground_truth,5,0,0.0,0,20,44,True,False,0.0932591781715284,0.9500000000000003,1.9,
ground_truth,5,0,0.0,0,20,45,True,False,0.0932591781715284,0.9500000000000003,1.9,
ground_truth,5,0,0.0,0,20,46,True,False,0.0932591781715284,0.9500000000000003,1.9,
ground_truth,5,0,0.0,0,20,47,True,False,0.0932591781715284,0.9500000000000003,1.9,
ground_truth,5,0,0.0,0,20,48,True,False,0.0932591781715284,0.9500000000000003,1.9,
ground_truth,5,0,0.0,0,20,49,True,False,0.0932591781715284,0.9500000000000003,1.9,
ground_truth,5,0,0.0,0,20,50,True,False,0.0932591781715284,0.9500000000000003,1.9,
noisy,5,0,0.0,0,20,1,True,False,0.10789389095066104,0.9500000000000003,1.9000000000000001,0.14155961647966062
noisy,5,0,0.0,0,20,2,True,False,0.08232660602601882,0.9500000000000003,1.900000000000001,0.13003286141504378
noisy,5,0,0.0,0,20,3,True,False,0.0678254326551675,0.9500000000000003,1.8999999999999984,0.16991641472889935
noisy,5,0,0.0,0,20,4,True,False,0.06356072246146827,0.9500000000000003,1.8999999999999992,0.13185120404421283
noisy,5,0,0.0,0,20,5,True,False,0.11152474755198516,1.0000000000000002,1.9869581638216363,0.13789288594863064
noisy,5,0,0.0,0,20,6,True,False,0.08338932189494419,0.9500000000000003,1.8999999999999997,0.13613605413428742
noisy,5,0,0.0,0,20,7,True,False,0.08608037263090895,1.0000000000000002,2.0000000000000018,0.1251623959211466
noisy,5,0,0.0,0,20,8,True,False,0.05615272969433982,0.9500000000000003,1.8962585478479153,0.1699331866261767
noisy,5,0,0.0,0,20,9,True,False,0.0892917430901703,0.9500000000000003,1.9,0.12518083116720996
noisy,5,0,0.0,0,20,10,True,False,0.10611966437776243,0.9500000000000003,1.9000000000000006,0.11318970408332703
noisy,5,0,0.0,0,20,11,True,False,0.09034927524705627,0.9500000000000003,1.885240326775974,0.13971230784956779
noisy,5,0,0.0,0,20,12,True,False,0.1045488382941071,1.0000000000000002,1.9999999999999996,0.12734689010489375
noisy,5,0,0.0,0,20,13,True,False,0.0697955798223191,0.9500000000000003,1.8999999999999992,0.151244829550199
noisy,5,0,0.0,0,20,14,True,False,0.07730790596508408,0.9500000000000003,1.9000000000000004,0.15466267269787068
noisy,5,0,0.0,0,20,15,True,False,0.049435470109292945,0.9500000000000003,1.9000000000000015,0.13917514580403273
noisy,5,0,0.0,0,20,16,True,False,0.09350154856424409,0.9500000000000003,1.899999999999999,0.1227997396008631
noisy,5,0,0.0,0,20,17,True,False,0.06829440885633553,0.9500000000000003,1.8467090818578156,0.15080160862939396
noisy,5,0,0.0,0,20,18,True,False,0.06533938825726082,0.9500000000000003,1.8999999999999981,0.14768263907682708
noisy,5,0,0.0,0,20,19,True,False,0.05768563798766446,0.9500000000000003,1.9000000000000012,0.12245667610467936
noisy,5,0,0.0,0,20,20,True,False,0.06148452916877356,0.9500000000000003,1.9000000000000012,0.16496061501203668
noisy,5,0,0.0,0,20,21,True,False,0.10101660840929338,0.9500000000000003,1.8999999999999997,0.14291968384334752
noisy,5,0,0.0,0,20,22,True,False,0.09213048476310481,0.9500000000000003,1.9000000000000006,0.1667158272179589
noisy,5,0,0.0,0,20,23,True,False,0.08786682154725378,0.9500000000000003,1.9000000000000015,0.14537658514846583
noisy,5,0,0.0,0,20,24,True,False,0.09677038618824185,0.9500000000000003,1.9000000000000012,0.15491195118875908
noisy,5,0,0.0,0,20,25,True,False,0.06478443836793102,1.0000000000000002,2.000000000000001,0.13472035104102723
noisy,5,0,0.0,0,20,26,True,False,0.09171900506099906,0.9500000000000003,1.9,0.17920588705012613
noisy,5,0,0.0,0,20,27,True,False,0.13151896151714615,1.0000000000000002,2.0,0.13001113766622027
noisy,5,0,0.0,0,20,28,True,False,0.07348907117238324,0.9500000000000003,1.8999999999999997,0.13973593473577994
noisy,5,0,0.0,0,20,29,True,False,0.06466019304020998,0.9500000000000003,1.8817472791877161,0.1627417459026566
noisy,5,0,0.0,0,20,30,True,False,0.07226511093108301,0.9500000000000003,1.9000000000000001,0.11540845258140664
noisy,5,0,0.0,0,20,31,True,False,0.10196193594614478,0.9500000000000003,1.899999999999999,0.1257380334291139
noisy,5,0,0.0,0,20,32,True,False,0.08736996540748798,0.9500000000000003,1.9000000000000001,0.14921312118418573
noisy,5,0,0.0,0,20,33,True,False,0.055300179646124104,0.9500000000000003,1.900000000000002,0.12447814313958473
noisy,5,0,0.0,0,20,34,True,False,0.0930409092975002,0.9500000000000003,1.9000000000000008,0.11908204166064328
noisy,5,0,0.0,0,20,35,True,False,0.05763104425276544,0.9500000000000003,1.8999999999999997,0.14283057593651005
noisy,5,0,0.0,0,20,36,True,False,0.10486442933980955,1.0000000000000002,1.9999999999999993,0.1281257136313594
noisy,5,0,0.0,0,20,37,True,False,0.09502322021614917,0.9500000000000003,1.9000000000000004,0.143570332180715
noisy,5,0,0.0,0,20,38,True,False,0.06490643126928086,0.9500000000000003,1.8999999999999997,0.1407962516097873
noisy,5,0,0.0,0,20,39,True,False,0.11222416896103549,1.0000000000000002,1.9811792426610726,0.1322084527400719
noisy,5,0,0.0,0,20,40,True,False,0.09292049773171462,0.9500000000000003,1.9000000000000006,0.13473643247290504
noisy,5,0,0.0,0,20,41,True,False,0.06662215169418162,1.0000000000000002,1.9999999999999991,0.1289770314188001
noisy,5,0,0.0,0,20,42,True,False,0.09725692399100883,0.9500000000000003,1.9000000000000001,0.11909970910384605
noisy,5,0,0.0,0,20,43,True,False,0.092691363914291,0.9500000000000003,1.8999999999999992,0.1295810000631869
noisy,5,0,0.0,0,20,44,True,False,0.09747572959148387,1.0000000000000002,1.9956615105492599,0.12437631463903381
noisy,5,0,0.0,0,20,45,True,False,0.10096124994458244,0.9500000000000003,1.9000000000000001,0.12087642575393988
noisy,5,0,0.0,0,20,46,True,False,0.08950925820241507,0.9500000000000003,1.8999999999999992,0.13986468289748683
noisy,5,0,0.0,0,20,47,True,False,0.10215773676283546,0.9500000000000003,1.8957846808911512,0.13283791473598305
noisy,5,0,0.0,0,20,48,True,False,0.0605325810445696,0.9500000000000003,1.8999999999999988,0.12725320106209473
noisy,5,0,0.0,0,20,49,True,False,0.0996985889611508,1.0000000000000002,2.000000000000001,0.13682487553122696
noisy,5,0,0.0,0,20,50,True,False,0.09619163705505063,1.0000000000000002,2.0,0.15918635406325857
kalman,5,0,0.0,0,20,1,True,False,0.09179452453560488,0.9500000000000003,1.9000000000000001,0.08680647732051588
kalman,5,0,0.0,0,20,2,True,False,0.06748249250973881,0.9500000000000003,1.8999999999999997,0.09785009567577146
kalman,5,0,0.0,0,20,3,True,False,0.05795754672840281,0.9500000000000003,1.899999999999999,0.11679234261616585
kalman,5,0,0.0,0,20,4,True,False,0.05557465636959735,0.9500000000000003,1.8999999999999997,0.06860634172994808
kalman,5,0,0.0,0,20,5,True,False,0.13155784665839043,0.9500000000000003,1.8999999999999988,0.09296458800221671
kalman,5,0,0.0,0,20,6,True,False,0.06116138521101977,0.9500000000000003,1.8999999999999997,0.10054028224471148
kalman,5,0,0.0,0,20,7,True,False,0.07371792680436573,0.9500000000000003,1.9000000000000004,0.09935875355652113
kalman,5,0,0.0,0,20,8,True,False,0.06737946789437377,0.9000000000000002,1.7999999999999987,0.11648699028860081
kalman,5,0,0.0,0,20,9,True,False,0.10279423907737906,0.9500000000000003,1.9000000000000001,0.07353882223987218
kalman,5,0,0.0,0,20,10,True,False,0.1289468474952813,0.9500000000000003,1.9,0.0715475275627313
kalman,5,0,0.0,0,20,11,True,False,0.08734789588807246,0.9500000000000003,1.9,0.08998199235461311
kalman,5,0,0.0,0,20,12,True,False,0.09065799337559421,0.9500000000000003,1.9000000000000008,0.07614145731489592
kalman,5,0,0.0,0,20,13,True,False,0.0686375926881686,0.9500000000000003,1.9,0.11236726893970772
kalman,5,0,0.0,0,20,14,True,False,0.07329652280897925,0.9500000000000003,1.9,0.12019338756796516
kalman,5,0,0.0,0,20,15,True,False,0.035203592666907424,0.9500000000000003,1.9000000000000006,0.09277592073643026
kalman,5,0,0.0,0,20,16,True,False,0.09978027726954775,1.0000000000000002,1.9999999999999976,0.08446221214319478
kalman,5,0,0.0,0,20,17,True,False,0.11096021921225185,0.9500000000000003,1.9,0.10420825334221322
kalman,5,0,0.0,0,20,18,True,False,0.03976222139409469,0.9500000000000003,1.8999999999999988,0.09450152318540946
kalman,5,0,0.0,0,20,19,True,False,0.05065579534804421,0.9500000000000003,1.8999999999999986,0.0787721236607358
kalman,5,0,0.0,0,20,20,True,False,0.07598691476409458,0.9500000000000003,1.9000000000000008,0.0905780350935523
kalman,5,0,0.0,0,20,21,True,False,0.12649219050500582,0.9500000000000003,1.9000000000000001,0.08092485402580143
kalman,5,0,0.0,0,20,22,True,False,0.07066462807007201,0.9500000000000003,1.9000000000000012,0.11542795607329023
kalman,5,0,0.0,0,20,23,True,False,0.076134666824615,0.9500000000000003,1.8999999999999995,0.0853572244447233
kalman,5,0,0.0,0,20,24,True,False,0.09083394704924852,0.9500000000000003,1.8999999999999995,0.06468120687179534
kalman,5,0,0.0,0,20,25,True,False,0.0417657085365597,1.0000000000000002,1.9999999999999996,0.09797738890523627
kalman,5,0,0.0,0,20,26,True,False,0.09728878832433896,1.0000000000000002,1.9999999999999998,0.11071937134710783
kalman,5,0,0.0,0,20,27,True,False,0.14198794203694365,1.0000000000000002,1.9999999999999982,0.1049878589665587
kalman,5,0,0.0,0,20,28,True,False,0.08140981732186026,1.0000000000000002,2.0,0.06961057953513929
kalman,5,0,0.0,0,20,29,True,False,0.12250437985298368,1.0000000000000002,2.0000000000000004,0.08972500418532069
kalman,5,0,0.0,0,20,30,True,False,0.06628421194674683,0.9500000000000003,1.9,0.0758438599502847
kalman,5,0,0.0,0,20,31,True,False,0.12768165790186736,0.9500000000000003,1.9,0.08385142275678278
kalman,5,0,0.0,0,20,32,True,False,0.07948421297013342,0.9500000000000003,1.8999999999999988,0.068162388936994
kalman,5,0,0.0,0,20,33,True,False,0.04977776227619812,0.9500000000000003,1.9000000000000012,0.08852375957751821
kalman,5,0,0.0,0,20,34,True,False,0.09693533253388287,0.9500000000000003,1.8999999999999964,0.06701554712762399
kalman,5,0,0.0,0,20,35,True,False,0.039750140856263494,0.9500000000000003,1.8999999999999984,0.09129508833595969
kalman,5,0,0.0,0,20,36,True,False,0.09665442695858117,1.0000000000000002,2.000000000000001,0.08048775820872675
kalman,5,0,0.0,0,20,37,True,False,0.07098242888468254,0.9500000000000003,1.9000000000000001,0.07388438649387363
kalman,5,0,0.0,0,20,38,True,False,0.060715210104100636,0.9500000000000003,1.9000000000000008,0.08688696543268748
kalman,5,0,0.0,0,20,39,True,False,0.1334342328916469,1.0000000000000002,1.9999999999999991,0.06939666550733332
kalman,5,0,0.0,0,20,40,True,False,0.11644797231497361,0.9500000000000003,1.9000000000000001,0.07286393037879195
kalman,5,0,0.0,0,20,41,True,False,0.06908425794822315,1.0000000000000002,2.0,0.1025686642843166
kalman,5,0,0.0,0,20,42,True,False,0.11940302273912407,1.0000000000000002,2.0000000000000013,0.08894016715150962
kalman,5,0,0.0,0,20,43,True,False,0.09126206288233019,0.9500000000000003,1.900000000000001,0.08044414060823324
kalman,5,0,0.0,0,20,44,True,False,0.11153028288877276,1.0000000000000002,2.0000000000000013,0.07917809014790785
kalman,5,0,0.0,0,20,45,True,False,0.12808609383225789,0.9500000000000003,1.9000000000000004,0.07865518014467868
kalman,5,0,0.0,0,20,46,True,False,0.08989888137686108,0.9500000000000003,1.899999999999999,0.06481544808993069
kalman,5,0,0.0,0,20,47,True,False,0.11681276399878482,0.9500000000000003,1.8999999999999992,0.10047577332700537
kalman,5,0,0.0,0,20,48,True,False,0.0623629815738862,0.9500000000000003,1.9000000000000001,0.08158517260952029
kalman,5,0,0.0,0,20,49,True,False,0.0853698873413633,1.0000000000000002,2.0,0.10270018587495067
kalman,5,0,0.0,0,20,50,True,False,0.07608998061624783,0.9500000000000003,1.900000000000001,0.10783095310792767
ground_truth,5,0,0.25,0,20,1,True,False,0.0932591781715284,0.9500000000000003,1.9,
ground_truth,5,0,0.25,0,20,2,True,False,0.0932591781715284,0.9500000000000003,1.9,
ground_truth,5,0,0.25,0,20,3,True,False,0.0932591781715284,0.9500000000000003,1.9,
ground_truth,5,0,0.25,0,20,4,True,False,0.0932591781715284,0.9500000000000003,1.9,
ground_truth,5,0,0.25,0,20,5,True,False,0.0932591781715284,0.9500000000000003,1.9,
ground_truth,5,0,0.25,0,20,6,True,False,0.0932591781715284,0.9500000000000003,1.9,
ground_truth,5,0,0.25,0,20,7,True,False,0.0932591781715284,0.9500000000000003,1.9,
ground_truth,5,0,0.25,0,20,8,True,False,0.0932591781715284,0.9500000000000003,1.9,
ground_truth,5,0,0.25,0,20,9,True,False,0.0932591781715284,0.9500000000000003,1.9,
ground_truth,5,0,0.25,0,20,10,True,False,0.0932591781715284,0.9500000000000003,1.9,
ground_truth,5,0,0.25,0,20,11,True,False,0.0932591781715284,0.9500000000000003,1.9,
ground_truth,5,0,0.25,0,20,12,True,False,0.0932591781715284,0.9500000000000003,1.9,
ground_truth,5,0,0.25,0,20,13,True,False,0.0932591781715284,0.9500000000000003,1.9,
ground_truth,5,0,0.25,0,20,14,True,False,0.0932591781715284,0.9500000000000003,1.9,
ground_truth,5,0,0.25,0,20,15,True,False,0.0932591781715284,0.9500000000000003,1.9,
ground_truth,5,0,0.25,0,20,16,True,False,0.0932591781715284,0.9500000000000003,1.9,
ground_truth,5,0,0.25,0,20,17,True,False,0.0932591781715284,0.9500000000000003,1.9,
ground_truth,5,0,0.25,0,20,18,True,False,0.0932591781715284,0.9500000000000003,1.9,
ground_truth,5,0,0.25,0,20,19,True,False,0.0932591781715284,0.9500000000000003,1.9,
ground_truth,5,0,0.25,0,20,20,True,False,0.0932591781715284,0.9500000000000003,1.9,
ground_truth,5,0,0.25,0,20,21,True,False,0.0932591781715284,0.9500000000000003,1.9,
ground_truth,5,0,0.25,0,20,22,True,False,0.0932591781715284,0.9500000000000003,1.9,
ground_truth,5,0,0.25,0,20,23,True,False,0.0932591781715284,0.9500000000000003,1.9,
ground_truth,5,0,0.25,0,20,24,True,False,0.0932591781715284,0.9500000000000003,1.9,
ground_truth,5,0,0.25,0,20,25,True,False,0.0932591781715284,0.9500000000000003,1.9,
ground_truth,5,0,0.25,0,20,26,True,False,0.0932591781715284,0.9500000000000003,1.9,
ground_truth,5,0,0.25,0,20,27,True,False,0.0932591781715284,0.9500000000000003,1.9,
ground_truth,5,0,0.25,0,20,28,True,False,0.0932591781715284,0.9500000000000003,1.9,
ground_truth,5,0,0.25,0,20,29,True,False,0.0932591781715284,0.9500000000000003,1.9,
ground_truth,5,0,0.25,0,20,30,True,False,0.0932591781715284,0.9500000000000003,1.9,
ground_truth,5,0,0.25,0,20,31,True,False,0.0932591781715284,0.9500000000000003,1.9,
ground_truth,5,0,0.25,0,20,32,True,False,0.0932591781715284,0.9500000000000003,1.9,
ground_truth,5,0,0.25,0,20,33,True,False,0.0932591781715284,0.9500000000000003,1.9,
ground_truth,5,0,0.25,0,20,34,True,False,0.0932591781715284,0.9500000000000003,1.9,
ground_truth,5,0,0.25,0,20,35,True,False,0.0932591781715284,0.9500000000000003,1.9,
ground_truth,5,0,0.25,0,20,36,True,False,0.0932591781715284,0.9500000000000003,1.9,
ground_truth,5,0,0.25,0,20,37,True,False,0.0932591781715284,0.9500000000000003,1.9,
ground_truth,5,0,0.25,0,20,38,True,False,0.0932591781715284,0.9500000000000003,1.9,
ground_truth,5,0,0.25,0,20,39,True,False,0.0932591781715284,0.9500000000000003,1.9,
ground_truth,5,0,0.25,0,20,40,True,False,0.0932591781715284,0.9500000000000003,1.9,
ground_truth,5,0,0.25,0,20,41,True,False,0.0932591781715284,0.9500000000000003,1.9,
ground_truth,5,0,0.25,0,20,42,True,False,0.0932591781715284,0.9500000000000003,1.9,
ground_truth,5,0,0.25,0,20,43,True,False,0.0932591781715284,0.9500000000000003,1.9,
ground_truth,5,0,0.25,0,20,44,True,False,0.0932591781715284,0.9500000000000003,1.9,
ground_truth,5,0,0.25,0,20,45,True,False,0.0932591781715284,0.9500000000000003,1.9,
ground_truth,5,0,0.25,0,20,46,True,False,0.0932591781715284,0.9500000000000003,1.9,
ground_truth,5,0,0.25,0,20,47,True,False,0.0932591781715284,0.9500000000000003,1.9,
ground_truth,5,0,0.25,0,20,48,True,False,0.0932591781715284,0.9500000000000003,1.9,
ground_truth,5,0,0.25,0,20,49,True,False,0.0932591781715284,0.9500000000000003,1.9,
ground_truth,5,0,0.25,0,20,50,True,False,0.0932591781715284,0.9500000000000003,1.9,
noisy,5,0,0.25,0,20,1,True,False,0.22138350633099235,1.0000000000000002,1.9450314309575933,0.599428305093793
noisy,5,0,0.25,0,20,2,True,False,0.24571246404883706,1.0500000000000003,2.0891642242329262,0.5737018748388325
noisy,5,0,0.25,0,20,3,True,False,0.237783496407183,1.0000000000000002,1.9812323938624952,0.5682077678218128
noisy,5,0,0.25,0,20,4,True,False,0.2248283861114988,1.0000000000000002,2.0,0.5830804899839306
noisy,5,0,0.25,0,20,5,True,False,0.2414523908054882,1.0000000000000002,1.9999999999999982,0.5667739504299382
noisy,5,0,0.25,0,20,6,True,False,0.18302607426458462,0.9500000000000003,1.9000000000000004,0.5543114763007687
noisy,5,0,0.25,0,20,7,True,False,0.22451759451065656,1.0000000000000002,2.000000000000002,0.5548376648948311
noisy,5,0,0.25,0,20,8,True,False,0.22622246175156469,1.0000000000000002,2.0,0.5894142548516149
noisy,5,0,0.25,0,20,9,True,False,0.22610013635592519,1.0000000000000002,1.9999999999999998,0.5604387531165385
noisy,5,0,0.25,0,20,10,True,False,0.2194571362195723,1.0000000000000002,2.0000000000000013,0.5794910646708088
noisy,5,0,0.25,0,20,11,True,False,0.23901863789249367,1.0500000000000003,2.066481059329418,0.6142621284321509
noisy,5,0,0.25,0,20,12,True,False,0.2313925291041672,1.0000000000000002,2.0000000000000004,0.5896877754412545
noisy,5,0,0.25,0,20,13,True,False,0.1823499916574176,0.9500000000000003,1.8703137183868501,0.6391292940119473
noisy,5,0,0.25,0,20,14,True,False,0.2549805732010699,1.0000000000000002,2.000000000000003,0.5842205739606117
noisy,5,0,0.25,0,20,15,True,False,0.20059928445127273,1.0000000000000002,1.999999999999999,0.6299942331878944
noisy,5,0,0.25,0,20,16,True,False,0.20202832030630247,0.9500000000000003,1.900000000000002,0.616570725816799
noisy,5,0,0.25,0,20,17,True,False,0.1706438153001284,0.9500000000000003,1.8681329418893444,0.5816425463039794
noisy,5,0,0.25,0,20,18,True,False,0.1875384079377711,0.9500000000000003,1.9000000000000008,0.5878236013910679
noisy,5,0,0.25,0,20,19,True,False,0.2058348739152549,0.9500000000000003,1.900000000000001,0.5887121919211462
noisy,5,0,0.25,0,20,20,True,False,0.23293254821167597,1.0000000000000002,1.9627837706166398,0.6080335010231828
noisy,5,0,0.25,0,20,21,True,False,0.21342130573866291,1.0000000000000002,2.0,0.5662762885528799
noisy,5,0,0.25,0,20,22,True,False,0.21127707883563862,1.0000000000000002,1.9999999999999993,0.5898978538151042
noisy,5,0,0.25,0,20,23,True,False,0.1901021900211577,0.9500000000000003,1.9000000000000012,0.5990923622067971
noisy,5,0,0.25,0,20,24,True,False,0.1871049990735265,0.9500000000000003,1.9,0.6001934099238274
noisy,5,0,0.25,0,20,25,True,False,0.2270180402985711,1.0000000000000002,2.0000000000000004,0.5834872102323411
noisy,5,0,0.25,0,20,26,True,False,0.23815592001277341,1.0000000000000002,1.9877375986360701,0.6091019027589963
noisy,5,0,0.25,0,20,27,True,False,0.23543999041416086,1.0000000000000002,1.9999999999999996,0.5826060812756896
noisy,5,0,0.25,0,20,28,True,False,0.23281855039018007,1.0000000000000002,1.9999999999999998,0.5967771318048056
noisy,5,0,0.25,0,20,29,True,False,0.2080263150030448,1.0000000000000002,1.9999999999999996,0.561995165085791
noisy,5,0,0.25,0,20,30,True,False,0.20534510062999667,0.9500000000000003,1.8989760318299254,0.6171347571382573
noisy,5,0,0.25,0,20,31,True,False,0.239924992452756,1.0500000000000003,2.0217761823087237,0.580889994823402
noisy,5,0,0.25,0,20,32,True,False,0.19664569331843818,0.9500000000000003,1.9000000000000017,0.5944963916354364
noisy,5,0,0.25,0,20,33,True,False,0.21718720099028044,1.0000000000000002,1.9846072003140602,0.5913938819571304
noisy,5,0,0.25,0,20,34,True,False,0.16068975784033057,0.9500000000000003,1.8903144448323685,0.6043008429568968
noisy,5,0,0.25,0,20,35,True,False,0.2447196529433262,1.0000000000000002,2.000000000000001,0.5890402458474135
noisy,5,0,0.25,0,20,36,True,False,0.2629892867933239,1.0000000000000002,2.0,0.5517792313841267
noisy,5,0,0.25,0,20,37,True,False,0.1790425798071893,0.9500000000000003,1.8999999999999992,0.596214544130802
noisy,5,0,0.25,0,20,38,True,False,0.22952699526950782,1.0000000000000002,1.9999999999999987,0.5869068837699682
noisy,5,0,0.25,0,20,39,True,False,0.2265139515120036,1.0000000000000002,1.9592328970048773,0.5943615032188654
noisy,5,0,0.25,0,20,40,True,False,0.2235955055143506,1.0000000000000002,1.9983346366628736,0.5928125579152733
noisy,5,0,0.25,0,20,41,True,False,0.25351928970688165,1.0000000000000002,1.9740679531568415,0.5650925455641312
noisy,5,0,0.25,0,20,42,True,False,0.21126413719230186,1.0000000000000002,1.9554996447490192,0.5716471126615094
noisy,5,0,0.25,0,20,43,True,False,0.17022928796432568,0.9500000000000003,1.9000000000000012,0.5842937576552563
noisy,5,0,0.25,0,20,44,True,False,0.2449712739707277,1.0000000000000002,2.0000000000000027,0.5884112387823534
noisy,5,0,0.25,0,20,45,True,False,0.2414467938178575,1.0000000000000002,2.0000000000000013,0.5842863613568738
noisy,5,0,0.25,0,20,46,True,False,0.22544760964021204,1.0000000000000002,1.9605985174760003,0.5896314352210854
noisy,5,0,0.25,0,20,47,True,False,0.23298265293608345,1.0000000000000002,1.9570572583405756,0.6025381714118466
noisy,5,0,0.25,0,20,48,True,False,0.21261186050213987,1.0000000000000002,1.9999999999999993,0.5760520804213851
noisy,5,0,0.25,0,20,49,True,False,0.19970951723976693,0.9500000000000003,1.8999999999999992,0.6054776710954775
noisy,5,0,0.25,0,20,50,True,False,0.24325561548335384,1.0000000000000002,2.000000000000001,0.5726062543228915
kalman,5,0,0.25,0,20,1,False,True,-0.03834920056099067,,0.5000000000000001,0.5322429611353819
kalman,5,0,0.25,0,20,2,False,True,-0.04566937988365627,,0.5000000000000003,0.5599523894504569
kalman,5,0,0.25,0,20,3,False,True,-0.042542115145843384,,0.49999999999999983,0.5620889935193122
kalman,5,0,0.25,0,20,4,False,True,-0.043365775804514284,,0.5000000000000002,0.5785230104116308
kalman,5,0,0.25,0,20,5,False,True,-0.042779413557828105,,0.5000000000000003,0.5129178811904458
kalman,5,0,0.25,0,20,6,False,True,-0.04400280253052413,,0.5000000000000006,0.5773529639456013
kalman,5,0,0.25,0,20,7,False,True,-0.040472051623008376,,0.5000000000000001,0.5321018859280537
kalman,5,0,0.25,0,20,8,False,True,-0.04222513705863862,,0.5000000000000008,0.5395114184571047
kalman,5,0,0.25,0,20,9,False,True,-0.04810420199855758,,0.49999999999999967,0.5749117720440758
kalman,5,0,0.25,0,20,10,False,True,-0.040566456918580185,,0.4999999999999999,0.5681151474806669
kalman,5,0,0.25,0,20,11,False,True,-0.045426894031973086,,0.5000000000000006,0.5807134976000033
kalman,5,0,0.25,0,20,12,False,True,-0.043482109665195834,,0.5,0.536452796926619
kalman,5,0,0.25,0,20,13,False,True,-0.04873443062911553,,0.4999999999999999,0.6943387963477344
kalman,5,0,0.25,0,20,14,False,True,-0.047603626509323815,,0.5000000000000004,0.5782877101785844
kalman,5,0,0.25,0,20,15,False,True,-0.04721769198301051,,0.5000000000000001,0.5908460750217895
kalman,5,0,0.25,0,20,16,False,True,-0.047677311094490804,,0.5,0.567531741472893
kalman,5,0,0.25,0,20,17,False,True,-0.04625228001665538,,0.4999999999999997,0.5467310964902302
kalman,5,0,0.25,0,20,18,False,True,-0.04703665091302445,,0.5000000000000002,0.5680659501071502
kalman,5,0,0.25,0,20,19,False,True,-0.04238417862883481,,0.5,0.5847815131233913
kalman,5,0,0.25,0,20,20,False,True,-0.04152647611230864,,0.5000000000000001,0.5742946380553551
kalman,5,0,0.25,0,20,21,False,True,-0.04440847500167888,,0.5000000000000001,0.5350346851805846
kalman,5,0,0.25,0,20,22,False,True,-0.04350873578373937,,0.5000000000000001,0.6085140157809831
kalman,5,0,0.25,0,20,23,False,True,-0.04268068372046985,,0.49999999999999994,0.5673792047652741
kalman,5,0,0.25,0,20,24,False,True,-0.04859817415566492,,0.4999999999999999,0.6419164303336888
kalman,5,0,0.25,0,20,25,False,True,-0.04578530009746773,,0.49999999999999967,0.6046358049972693
kalman,5,0,0.25,0,20,26,False,True,-0.0468667956749782,,0.4999999999999999,0.6005591639524414
kalman,5,0,0.25,0,20,27,False,True,-0.04727923831928171,,0.5000000000000001,0.5747866515078361
kalman,5,0,0.25,0,20,28,False,True,-0.046935047344987435,,0.49999999999999994,0.6282622036006722
kalman,5,0,0.25,0,20,29,False,True,-0.04106597885817642,,0.4999999999999993,0.5505949270019153
kalman,5,0,0.25,0,20,30,False,True,-0.04391145069632185,,0.4999999999999997,0.5834873815499131
kalman,5,0,0.25,0,20,31,False,True,-0.04192201369898996,,0.5000000000000002,0.563801308384369
kalman,5,0,0.25,0,20,32,False,True,-0.0448065220344267,,0.5000000000000002,0.6459846947485066
kalman,5,0,0.25,0,20,33,False,True,-0.04649384219085295,,0.49999999999999933,0.638277018939966
kalman,5,0,0.25,0,20,34,False,True,-0.044128597730747066,,0.5000000000000001,0.5937904317521916
kalman,5,0,0.25,0,20,35,False,True,-0.043868178233979815,,0.4999999999999999,0.5694339327432159
kalman,5,0,0.25,0,20,36,False,True,-0.04557286331870802,,0.5,0.5573188989717143
kalman,5,0,0.25,0,20,37,False,True,-0.04418610442840332,,0.49999999999999983,0.5837794558060551
kalman,5,0,0.25,0,20,38,False,True,-0.046419626294016414,,0.5000000000000001,0.6178604948367084
kalman,5,0,0.25,0,20,39,False,True,-0.047324800483006024,,0.5000000000000002,0.5653894414652615
kalman,5,0,0.25,0,20,40,False,True,-0.04580294972026455,,0.5000000000000004,0.5565234039038383
kalman,5,0,0.25,0,20,41,False,True,-0.04553255842577686,,0.4999999999999997,0.5747188411536938
kalman,5,0,0.25,0,20,42,False,True,-0.045788728667610634,,0.5000000000000006,0.6148808220077148
kalman,5,0,0.25,0,20,43,False,True,-0.04273443562654866,,0.5000000000000001,0.5265292342212224
kalman,5,0,0.25,0,20,44,False,True,-0.04727885522224384,,0.4999999999999999,0.5643767705379382
kalman,5,0,0.25,0,20,45,False,True,-0.045789181883834074,,0.4999999999999999,0.5831128829720394
kalman,5,0,0.25,0,20,46,False,True,-0.043719418974533575,,0.4999999999999999,0.5615354860080564
kalman,5,0,0.25,0,20,47,False,True,-0.04861104968534535,,0.5000000000000003,0.5620694418177765
kalman,5,0,0.25,0,20,48,False,True,-0.04649760290889704,,0.5,0.586417148029471
kalman,5,0,0.25,0,20,49,False,True,-0.05148237213130247,,0.5000000000000004,0.6233389752601547
kalman,5,0,0.25,0,20,50,False,True,-0.0449701452340201,,0.5000000000000004,0.576110482506679
ground_truth,5,0,0.5,0,20,1,True,False,0.0932591781715284,0.9500000000000003,1.9,
ground_truth,5,0,0.5,0,20,2,True,False,0.0932591781715284,0.9500000000000003,1.9,
ground_truth,5,0,0.5,0,20,3,True,False,0.0932591781715284,0.9500000000000003,1.9,
ground_truth,5,0,0.5,0,20,4,True,False,0.0932591781715284,0.9500000000000003,1.9,
ground_truth,5,0,0.5,0,20,5,True,False,0.0932591781715284,0.9500000000000003,1.9,
ground_truth,5,0,0.5,0,20,6,True,False,0.0932591781715284,0.9500000000000003,1.9,
ground_truth,5,0,0.5,0,20,7,True,False,0.0932591781715284,0.9500000000000003,1.9,
ground_truth,5,0,0.5,0,20,8,True,False,0.0932591781715284,0.9500000000000003,1.9,
ground_truth,5,0,0.5,0,20,9,True,False,0.0932591781715284,0.9500000000000003,1.9,
ground_truth,5,0,0.5,0,20,10,True,False,0.0932591781715284,0.9500000000000003,1.9,
ground_truth,5,0,0.5,0,20,11,True,False,0.0932591781715284,0.9500000000000003,1.9,
ground_truth,5,0,0.5,0,20,12,True,False,0.0932591781715284,0.9500000000000003,1.9,
ground_truth,5,0,0.5,0,20,13,True,False,0.0932591781715284,0.9500000000000003,1.9,
ground_truth,5,0,0.5,0,20,14,True,False,0.0932591781715284,0.9500000000000003,1.9,
ground_truth,5,0,0.5,0,20,15,True,False,0.0932591781715284,0.9500000000000003,1.9,
ground_truth,5,0,0.5,0,20,16,True,False,0.0932591781715284,0.9500000000000003,1.9,
ground_truth,5,0,0.5,0,20,17,True,False,0.0932591781715284,0.9500000000000003,1.9,
ground_truth,5,0,0.5,0,20,18,True,False,0.0932591781715284,0.9500000000000003,1.9,
ground_truth,5,0,0.5,0,20,19,True,False,0.0932591781715284,0.9500000000000003,1.9,
ground_truth,5,0,0.5,0,20,20,True,False,0.0932591781715284,0.9500000000000003,1.9,
ground_truth,5,0,0.5,0,20,21,True,False,0.0932591781715284,0.9500000000000003,1.9,
ground_truth,5,0,0.5,0,20,22,True,False,0.0932591781715284,0.9500000000000003,1.9,
ground_truth,5,0,0.5,0,20,23,True,False,0.0932591781715284,0.9500000000000003,1.9,
ground_truth,5,0,0.5,0,20,24,True,False,0.0932591781715284,0.9500000000000003,1.9,
ground_truth,5,0,0.5,0,20,25,True,False,0.0932591781715284,0.9500000000000003,1.9,
ground_truth,5,0,0.5,0,20,26,True,False,0.0932591781715284,0.9500000000000003,1.9,
ground_truth,5,0,0.5,0,20,27,True,False,0.0932591781715284,0.9500000000000003,1.9,
ground_truth,5,0,0.5,0,20,28,True,False,0.0932591781715284,0.9500000000000003,1.9,
ground_truth,5,0,0.5,0,20,29,True,False,0.0932591781715284,0.9500000000000003,1.9,
ground_truth,5,0,0.5,0,20,30,True,False,0.0932591781715284,0.9500000000000003,1.9,
ground_truth,5,0,0.5,0,20,31,True,False,0.0932591781715284,0.9500000000000003,1.9,
ground_truth,5,0,0.5,0,20,32,True,False,0.0932591781715284,0.9500000000000003,1.9,
ground_truth,5,0,0.5,0,20,33,True,False,0.0932591781715284,0.9500000000000003,1.9,
ground_truth,5,0,0.5,0,20,34,True,False,0.0932591781715284,0.9500000000000003,1.9,
ground_truth,5,0,0.5,0,20,35,True,False,0.0932591781715284,0.9500000000000003,1.9,
ground_truth,5,0,0.5,0,20,36,True,False,0.0932591781715284,0.9500000000000003,1.9,
ground_truth,5,0,0.5,0,20,37,True,False,0.0932591781715284,0.9500000000000003,1.9,
ground_truth,5,0,0.5,0,20,38,True,False,0.0932591781715284,0.9500000000000003,1.9,
ground_truth,5,0,0.5,0,20,39,True,False,0.0932591781715284,0.9500000000000003,1.9,
ground_truth,5,0,0.5,0,20,40,True,False,0.0932591781715284,0.9500000000000003,1.9,
ground_truth,5,0,0.5,0,20,41,True,False,0.0932591781715284,0.9500000000000003,1.9,
ground_truth,5,0,0.5,0,20,42,True,False,0.0932591781715284,0.9500000000000003,1.9,
ground_truth,5,0,0.5,0,20,43,True,False,0.0932591781715284,0.9500000000000003,1.9,
ground_truth,5,0,0.5,0,20,44,True,False,0.0932591781715284,0.9500000000000003,1.9,
ground_truth,5,0,0.5,0,20,45,True,False,0.0932591781715284,0.9500000000000003,1.9,
ground_truth,5,0,0.5,0,20,46,True,False,0.0932591781715284,0.9500000000000003,1.9,
ground_truth,5,0,0.5,0,20,47,True,False,0.0932591781715284,0.9500000000000003,1.9,
ground_truth,5,0,0.5,0,20,48,True,False,0.0932591781715284,0.9500000000000003,1.9,
ground_truth,5,0,0.5,0,20,49,True,False,0.0932591781715284,0.9500000000000003,1.9,
ground_truth,5,0,0.5,0,20,50,True,False,0.0932591781715284,0.9500000000000003,1.9,
noisy,5,0,0.5,0,20,1,True,False,0.24342735074167687,1.0000000000000002,1.9190988027627602,0.3781066048161834
noisy,5,0,0.5,0,20,2,True,False,0.2688900370802261,1.0500000000000003,2.0256028953316467,0.3981403818245008
noisy,5,0,0.5,0,20,3,True,False,0.22115973730544258,1.0000000000000002,1.9999999999999998,0.4119228231225136
noisy,5,0,0.5,0,20,4,True,False,0.23397358705027504,1.0000000000000002,2.0000000000000004,0.3398839143899827
noisy,5,0,0.5,0,20,5,True,False,0.22600360337592362,1.0000000000000002,2.0000000000000004,0.40718318659091807
noisy,5,0,0.5,0,20,6,True,False,0.24244186872949003,1.0000000000000002,1.9999999999999998,0.3639829570886001
noisy,5,0,0.5,0,20,7,True,False,0.23672243338867283,1.0000000000000002,1.9884454949168957,0.4094618324407352
noisy,5,0,0.5,0,20,8,True,False,0.19894870527877995,0.9500000000000003,1.8866897894845498,0.3748008969975361
noisy,5,0,0.5,0,20,9,True,False,0.22234703929431676,1.0000000000000002,1.9097880308942783,0.38732128824733214
noisy,5,0,0.5,0,20,10,True,False,0.23874057536457594,1.0000000000000002,2.0000000000000004,0.3681581210466461
noisy,5,0,0.5,0,20,11,True,False,0.2533193191352383,1.0000000000000002,1.9522499257616053,0.37956383162991614
noisy,5,0,0.5,0,20,12,True,False,0.2475287055015578,1.0000000000000002,1.9999999999999998,0.3467420947429747
noisy,5,0,0.5,0,20,13,True,False,0.25821138158690915,1.0000000000000002,1.9999999999999984,0.3223467884562074
noisy,5,0,0.5,0,20,14,True,False,0.2525317668296918,1.0500000000000003,2.0128566767125076,0.4001258209728225
noisy,5,0,0.5,0,20,15,True,False,0.23768763680417004,1.0000000000000002,1.958197668280124,0.35094127790032037
noisy,5,0,0.5,0,20,16,True,False,0.26788977610330567,1.0000000000000002,1.9999999999999998,0.3469594432868431
noisy,5,0,0.5,0,20,17,True,False,0.23669628227597306,1.0000000000000002,1.9999999999999982,0.3802096208242482
noisy,5,0,0.5,0,20,18,True,False,0.2570249194076504,1.0500000000000003,2.076212611260328,0.35343594769948344
noisy,5,0,0.5,0,20,19,True,False,0.2050992392898241,0.9500000000000003,1.8907903562892259,0.3765019008860546
noisy,5,0,0.5,0,20,20,True,False,0.1948250421008113,0.9500000000000003,1.9000000000000004,0.4032710053844933
noisy,5,0,0.5,0,20,21,True,False,0.24951245860602977,1.0000000000000002,1.9904655869344112,0.3545043543110819
noisy,5,0,0.5,0,20,22,True,False,0.20330218163347125,1.0000000000000002,1.9999999999999998,0.3860808426016658
noisy,5,0,0.5,0,20,23,True,False,0.2571772489316595,1.0500000000000003,2.0299099572008013,0.38773936041531
noisy,5,0,0.5,0,20,24,True,False,0.21646934274427942,0.9500000000000003,1.9000000000000001,0.3806958820134306
noisy,5,0,0.5,0,20,25,True,False,0.2558773537475372,1.0000000000000002,1.984378949924247,0.36378882004157537
noisy,5,0,0.5,0,20,26,True,False,0.23241540312002495,1.0000000000000002,2.0,0.3756928108119962
noisy,5,0,0.5,0,20,27,True,False,0.2813742678386444,1.0500000000000003,2.033991425691522,0.3637144398343371
noisy,5,0,0.5,0,20,28,True,False,0.24932624408146697,1.0000000000000002,2.000000000000001,0.3998761551618538
noisy,5,0,0.5,0,20,29,True,False,0.27750267173968424,1.0000000000000002,1.9999999999999998,0.39065764650116924
noisy,5,0,0.5,0,20,30,True,False,0.23697400630121956,1.0000000000000002,1.9019205310697247,0.36486144923277647
noisy,5,0,0.5,0,20,31,True,False,0.2559848808691514,1.0500000000000003,1.9663268172755461,0.39800489765604236
noisy,5,0,0.5,0,20,32,True,False,0.23299006907012143,1.0000000000000002,2.0000000000000018,0.35533882349279217
noisy,5,0,0.5,0,20,33,True,False,0.22877674727024755,0.9500000000000003,1.8999999999999986,0.33912482135292515
noisy,5,0,0.5,0,20,34,True,False,0.2389161077471762,1.0000000000000002,2.000000000000001,0.36191462636573346
noisy,5,0,0.5,0,20,35,True,False,0.20089999627343258,1.0000000000000002,1.9999999999999996,0.3954737254672359
noisy,5,0,0.5,0,20,36,True,False,0.253600134867801,1.0000000000000002,2.0000000000000013,0.39556906338006453
noisy,5,0,0.5,0,20,37,True,False,0.2220146559780234,1.0000000000000002,1.9999999999999984,0.36556957127573
noisy,5,0,0.5,0,20,38,True,False,0.22866909819652714,1.0000000000000002,1.934817136931068,0.36165184037407405
noisy,5,0,0.5,0,20,39,True,False,0.2762499923757933,1.0000000000000002,2.0000000000000013,0.38537909833759226
noisy,5,0,0.5,0,20,40,True,False,0.26603878127395086,1.0000000000000002,1.9511624758196342,0.3744718802980396
noisy,5,0,0.5,0,20,41,True,False,0.2608473290911315,1.0000000000000002,2.0000000000000018,0.3729431212230774
noisy,5,0,0.5,0,20,42,True,False,0.26034574613001316,1.0000000000000002,2.0000000000000013,0.35898299453762256
noisy,5,0,0.5,0,20,43,True,False,0.21940921720159978,0.9500000000000003,1.8999999999999988,0.3694339054165197
noisy,5,0,0.5,0,20,44,True,False,0.27900245190591244,1.0500000000000003,2.1,0.3835848200960466
noisy,5,0,0.5,0,20,45,True,False,0.22680872790421813,1.0000000000000002,1.9999999999999993,0.3614298575708578
noisy,5,0,0.5,0,20,46,True,False,0.24208536519674895,1.0000000000000002,2.0,0.3689818191079587
noisy,5,0,0.5,0,20,47,True,False,0.26483766171558787,1.0000000000000002,2.0000000000000018,0.40031142472730313
noisy,5,0,0.5,0,20,48,True,False,0.2389267096695471,1.0000000000000002,2.0000000000000013,0.3375980689503082
noisy,5,0,0.5,0,20,49,True,False,0.27821920462743455,1.0500000000000003,2.0583782875558043,0.37244363914975503
noisy,5,0,0.5,0,20,50,True,False,0.2535793092518108,1.0000000000000002,1.9778301589180916,0.39312505787069846
kalman,5,0,0.5,0,20,1,True,False,0.24842474529590697,1.0500000000000003,1.981794504200393,0.3599881707199919
kalman,5,0,0.5,0,20,2,True,False,0.2621166986125194,1.1000000000000003,2.0959589803030942,0.38699637953087274
kalman,5,0,0.5,0,20,3,True,False,0.22710487774450105,1.0000000000000002,1.9999999999999996,0.38321774323725694
kalman,5,0,0.5,0,20,4,True,False,0.23894880762767445,0.9500000000000003,1.9000000000000001,0.3267749938112395
kalman,5,0,0.5,0,20,5,True,False,0.23178880207353436,1.0000000000000002,2.0000000000000004,0.40443119964193996
kalman,5,0,0.5,0,20,6,True,False,0.2681686055560679,1.0500000000000003,2.028975196448582,0.3563022634307153
kalman,5,0,0.5,0,20,7,True,False,0.2254945988075825,1.0000000000000002,1.988767079081984,0.4071139728953079
kalman,5,0,0.5,0,20,8,True,False,0.2147445835167987,0.9500000000000003,1.900000000000002,0.36309954728618726
kalman,5,0,0.5,0,20,9,True,False,0.22811972996919017,1.0000000000000002,1.9985964708251385,0.37694346668201195
kalman,5,0,0.5,0,20,10,True,False,0.24656995524383585,1.0000000000000002,1.9999999999999984,0.35731480896581547
kalman,5,0,0.5,0,20,11,True,False,0.26576396207131614,1.0000000000000002,1.9999999999999996,0.36839477480495286
kalman,5,0,0.5,0,20,12,True,False,0.2691571616001618,1.0000000000000002,1.9920601193048497,0.3359574925542453
kalman,5,0,0.5,0,20,13,True,False,0.262310951860556,1.0000000000000002,1.9971949794163675,0.3085222076751221
kalman,5,0,0.5,0,20,14,True,False,0.26926603057219456,1.0500000000000003,2.0525162964877928,0.37900501281880505
kalman,5,0,0.5,0,20,15,True,False,0.2379385340980673,1.0000000000000002,1.9584147746160787,0.3263353422129898
kalman,5,0,0.5,0,20,16,True,False,0.28241102123220796,1.0500000000000003,2.0915758950949086,0.33618084446126256
kalman,5,0,0.5,0,20,17,True,False,0.2623988660911094,1.0000000000000002,1.9999999999999996,0.3580396111203167
kalman,5,0,0.5,0,20,18,True,False,0.2427143972535588,1.0000000000000002,1.949797970362129,0.3279218713614894
kalman,5,0,0.5,0,20,19,True,False,0.19748155784094545,0.9500000000000003,1.890941828270652,0.3640138378669111
kalman,5,0,0.5,0,20,20,True,False,0.20215394916456897,1.0000000000000002,2.0000000000000004,0.37705256136619114
kalman,5,0,0.5,0,20,21,True,False,0.2723236165186116,1.0000000000000002,2.0000000000000013,0.33498063111896786
kalman,5,0,0.5,0,20,22,True,False,0.22319437097628603,1.0000000000000002,1.943820664279468,0.35770839715626807
kalman,5,0,0.5,0,20,23,True,False,0.2545787769054715,1.0000000000000002,1.9395632564587009,0.3660662686783161
kalman,5,0,0.5,0,20,24,True,False,0.22795597003440737,1.0000000000000002,2.0000000000000004,0.3488161887833245
kalman,5,0,0.5,0,20,25,True,False,0.2561340820009226,1.0000000000000002,1.9837571661288609,0.34637684421497983
kalman,5,0,0.5,0,20,26,True,False,0.25632760249871755,1.0000000000000002,1.9999999999999982,0.3491775568869049
kalman,5,0,0.5,0,20,27,True,False,0.2976747494833971,1.0500000000000003,1.9971905010365767,0.3513167074800222
kalman,5,0,0.5,0,20,28,True,False,0.2645377305982657,1.0000000000000002,1.9999999999999996,0.3755852741054946
kalman,5,0,0.5,0,20,29,True,False,0.28572192176623634,1.0000000000000002,2.0,0.37009737003251725
kalman,5,0,0.5,0,20,30,True,False,0.2409504309121342,1.0000000000000002,1.953762772582854,0.3503719863497178
kalman,5,0,0.5,0,20,31,True,False,0.2573108437842164,1.0500000000000003,1.9996895160594403,0.3890546536606063
kalman,5,0,0.5,0,20,32,True,False,0.2535265368871398,1.0000000000000002,2.000000000000001,0.3316111338828699
kalman,5,0,0.5,0,20,33,True,False,0.23766030810051264,0.9500000000000003,1.8999999999999988,0.3237135829878028
kalman,5,0,0.5,0,20,34,True,False,0.23925400701419774,1.0000000000000002,1.9999022873143935,0.3574619510933591
kalman,5,0,0.5,0,20,35,True,False,0.20387766360368675,1.0000000000000002,1.9317367587737966,0.37032217064833994
kalman,5,0,0.5,0,20,36,True,False,0.25056187159547205,1.0000000000000002,1.9756232696359075,0.3883421339750215
kalman,5,0,0.5,0,20,37,True,False,0.2328930409457075,1.0000000000000002,2.0000000000000004,0.33383478146074247
kalman,5,0,0.5,0,20,38,True,False,0.2284992478902108,1.0000000000000002,1.921184103279145,0.34066673758767146
kalman,5,0,0.5,0,20,39,True,False,0.2890138492100853,1.0000000000000002,2.0,0.3665046997060263
kalman,5,0,0.5,0,20,40,True,False,0.27879921101343696,1.0000000000000002,2.0000000000000013,0.3520539314833841
kalman,5,0,0.5,0,20,41,True,False,0.27768781636374995,1.0000000000000002,2.0,0.36567095934926275
kalman,5,0,0.5,0,20,42,True,False,0.28513995154221106,1.0500000000000003,2.0999999999999996,0.3471149504967015
kalman,5,0,0.5,0,20,43,True,False,0.24372683810965534,1.0000000000000002,2.0,0.35097376167441624
kalman,5,0,0.5,0,20,44,True,False,0.285343257440559,1.0500000000000003,2.1000000000000005,0.36510754719706673
kalman,5,0,0.5,0,20,45,True,False,0.23488913835040348,1.0000000000000002,2.0000000000000004,0.3549237849313235
kalman,5,0,0.5,0,20,46,True,False,0.2660135562173276,1.0000000000000002,2.0,0.34709091585140095
kalman,5,0,0.5,0,20,47,True,False,0.27907180233127016,1.0500000000000003,2.1000000000000005,0.3844737941217645
kalman,5,0,0.5,0,20,48,True,False,0.26455073934775086,1.0000000000000002,1.9999999999999993,0.3135333546849786
kalman,5,0,0.5,0,20,49,True,False,0.3004825146327017,1.0500000000000003,2.057412405742845,0.3440342092432518
kalman,5,0,0.5,0,20,50,True,False,0.2411696142506008,1.0500000000000003,2.0659675251453065,0.3764567329304783
ground_truth,10,0,0.0,0,20,1,True,False,0.0932591781715284,0.9500000000000003,1.9,
ground_truth,10,0,0.0,0,20,2,True,False,0.0932591781715284,0.9500000000000003,1.9,
ground_truth,10,0,0.0,0,20,3,True,False,0.0932591781715284,0.9500000000000003,1.9,
ground_truth,10,0,0.0,0,20,4,True,False,0.0932591781715284,0.9500000000000003,1.9,
ground_truth,10,0,0.0,0,20,5,True,False,0.0932591781715284,0.9500000000000003,1.9,
ground_truth,10,0,0.0,0,20,6,True,False,0.0932591781715284,0.9500000000000003,1.9,
ground_truth,10,0,0.0,0,20,7,True,False,0.0932591781715284,0.9500000000000003,1.9,
ground_truth,10,0,0.0,0,20,8,True,False,0.0932591781715284,0.9500000000000003,1.9,
ground_truth,10,0,0.0,0,20,9,True,False,0.0932591781715284,0.9500000000000003,1.9,
ground_truth,10,0,0.0,0,20,10,True,False,0.0932591781715284,0.9500000000000003,1.9,
ground_truth,10,0,0.0,0,20,11,True,False,0.0932591781715284,0.9500000000000003,1.9,
ground_truth,10,0,0.0,0,20,12,True,False,0.0932591781715284,0.9500000000000003,1.9,
ground_truth,10,0,0.0,0,20,13,True,False,0.0932591781715284,0.9500000000000003,1.9,
ground_truth,10,0,0.0,0,20,14,True,False,0.0932591781715284,0.9500000000000003,1.9,
ground_truth,10,0,0.0,0,20,15,True,False,0.0932591781715284,0.9500000000000003,1.9,
ground_truth,10,0,0.0,0,20,16,True,False,0.0932591781715284,0.9500000000000003,1.9,
ground_truth,10,0,0.0,0,20,17,True,False,0.0932591781715284,0.9500000000000003,1.9,
ground_truth,10,0,0.0,0,20,18,True,False,0.0932591781715284,0.9500000000000003,1.9,
ground_truth,10,0,0.0,0,20,19,True,False,0.0932591781715284,0.9500000000000003,1.9,
ground_truth,10,0,0.0,0,20,20,True,False,0.0932591781715284,0.9500000000000003,1.9,
ground_truth,10,0,0.0,0,20,21,True,False,0.0932591781715284,0.9500000000000003,1.9,
ground_truth,10,0,0.0,0,20,22,True,False,0.0932591781715284,0.9500000000000003,1.9,
ground_truth,10,0,0.0,0,20,23,True,False,0.0932591781715284,0.9500000000000003,1.9,
ground_truth,10,0,0.0,0,20,24,True,False,0.0932591781715284,0.9500000000000003,1.9,
ground_truth,10,0,0.0,0,20,25,True,False,0.0932591781715284,0.9500000000000003,1.9,
ground_truth,10,0,0.0,0,20,26,True,False,0.0932591781715284,0.9500000000000003,1.9,
ground_truth,10,0,0.0,0,20,27,True,False,0.0932591781715284,0.9500000000000003,1.9,
ground_truth,10,0,0.0,0,20,28,True,False,0.0932591781715284,0.9500000000000003,1.9,
ground_truth,10,0,0.0,0,20,29,True,False,0.0932591781715284,0.9500000000000003,1.9,
ground_truth,10,0,0.0,0,20,30,True,False,0.0932591781715284,0.9500000000000003,1.9,
ground_truth,10,0,0.0,0,20,31,True,False,0.0932591781715284,0.9500000000000003,1.9,
ground_truth,10,0,0.0,0,20,32,True,False,0.0932591781715284,0.9500000000000003,1.9,
ground_truth,10,0,0.0,0,20,33,True,False,0.0932591781715284,0.9500000000000003,1.9,
ground_truth,10,0,0.0,0,20,34,True,False,0.0932591781715284,0.9500000000000003,1.9,
ground_truth,10,0,0.0,0,20,35,True,False,0.0932591781715284,0.9500000000000003,1.9,
ground_truth,10,0,0.0,0,20,36,True,False,0.0932591781715284,0.9500000000000003,1.9,
ground_truth,10,0,0.0,0,20,37,True,False,0.0932591781715284,0.9500000000000003,1.9,
ground_truth,10,0,0.0,0,20,38,True,False,0.0932591781715284,0.9500000000000003,1.9,
ground_truth,10,0,0.0,0,20,39,True,False,0.0932591781715284,0.9500000000000003,1.9,
ground_truth,10,0,0.0,0,20,40,True,False,0.0932591781715284,0.9500000000000003,1.9,
ground_truth,10,0,0.0,0,20,41,True,False,0.0932591781715284,0.9500000000000003,1.9,
ground_truth,10,0,0.0,0,20,42,True,False,0.0932591781715284,0.9500000000000003,1.9,
ground_truth,10,0,0.0,0,20,43,True,False,0.0932591781715284,0.9500000000000003,1.9,
ground_truth,10,0,0.0,0,20,44,True,False,0.0932591781715284,0.9500000000000003,1.9,
ground_truth,10,0,0.0,0,20,45,True,False,0.0932591781715284,0.9500000000000003,1.9,
ground_truth,10,0,0.0,0,20,46,True,False,0.0932591781715284,0.9500000000000003,1.9,
ground_truth,10,0,0.0,0,20,47,True,False,0.0932591781715284,0.9500000000000003,1.9,
ground_truth,10,0,0.0,0,20,48,True,False,0.0932591781715284,0.9500000000000003,1.9,
ground_truth,10,0,0.0,0,20,49,True,False,0.0932591781715284,0.9500000000000003,1.9,
ground_truth,10,0,0.0,0,20,50,True,False,0.0932591781715284,0.9500000000000003,1.9,
noisy,10,0,0.0,0,20,1,True,False,0.07443617009584558,0.9500000000000003,1.8894583275691421,0.2831192329593213
noisy,10,0,0.0,0,20,2,True,False,0.07177463672684148,1.0000000000000002,2.0000000000000013,0.25551360244231885
noisy,10,0,0.0,0,20,3,True,False,0.08195908181097167,0.9500000000000003,1.9000000000000004,0.3398328294577984
noisy,10,0,0.0,0,20,4,True,False,0.035013400309399145,0.9500000000000003,1.9000000000000024,0.2637024080884261
noisy,10,0,0.0,0,20,5,True,False,0.09219732811104508,1.0000000000000002,1.9765909256357073,0.2757857718972609
noisy,10,0,0.0,0,20,6,True,False,0.06571767858190625,1.0000000000000002,1.9346961389661785,0.26907883266846633
noisy,10,0,0.0,0,20,7,True,False,0.05247464490582798,1.0000000000000002,2.0,0.2503247918422928
noisy,10,0,0.0,0,20,8,True,False,0.011336518407049967,0.9000000000000002,1.7968971923905697,0.3266902276414949
noisy,10,0,0.0,0,20,9,True,False,0.06028264528765104,1.0000000000000002,1.9104859605930409,0.24535135537948793
noisy,10,0,0.0,0,20,10,True,False,0.0898428294725766,0.9500000000000003,1.9000000000000006,0.22637940816665414
noisy,10,0,0.0,0,20,11,True,False,0.05892469751973595,1.0000000000000002,1.9991529227782618,0.2750326266520893
noisy,10,0,0.0,0,20,12,True,False,0.1062332384486957,1.0000000000000002,2.0000000000000027,0.2546937802097877
noisy,10,0,0.0,0,20,13,True,False,0.026175811391977,1.0000000000000002,1.8991216015058556,0.2975249348322833
noisy,10,0,0.0,0,20,14,True,False,0.09747914074384112,1.0000000000000002,2.000000000000001,0.3108535736403561
noisy,10,0,0.0,0,20,15,False,True,-0.00257693437958717,,0.7,0.29205835823828846
noisy,10,0,0.0,0,20,16,True,False,0.05263764825549777,1.0000000000000002,1.971541210542065,0.2592592575535133
noisy,10,0,0.0,0,20,17,False,True,-0.0028658271463157803,,0.7929547916913302,0.36953012952473185
noisy,10,0,0.0,0,20,18,True,False,0.03185114911702036,0.9500000000000003,1.8828225981175177,0.29536527815365404
noisy,10,0,0.0,0,20,19,True,False,0.011573105960210661,0.9500000000000003,1.8999999999999995,0.24491335220935861
noisy,10,0,0.0,0,20,20,True,False,0.07701548110472722,0.9500000000000003,1.9000000000000004,0.32992123002407325
noisy,10,0,0.0,0,20,21,True,False,0.07723297764691406,1.0000000000000002,1.950840545503432,0.28074699338562326
noisy,10,0,0.0,0,20,22,True,False,0.05148794829676562,0.9500000000000003,1.9000000000000001,0.3334316544359179
noisy,10,0,0.0,0,20,23,True,False,0.07489760560705272,0.9500000000000003,1.8319569142627634,0.2907531702969316
noisy,10,0,0.0,0,20,24,True,False,0.08641319418108462,0.9500000000000003,1.9000000000000001,0.30982390237751833
noisy,10,0,0.0,0,20,25,True,False,0.0783826375434411,1.0500000000000003,2.0792733969730692,0.2686033453753634
noisy,10,0,0.0,0,20,26,True,False,0.06481818164361464,0.9500000000000003,1.9,0.35841177410025254
noisy,10,0,0.0,0,20,27,True,False,0.13826307013769834,1.0000000000000002,2.0,0.2600222753324405
noisy,10,0,0.0,0,20,28,True,False,0.0651527053801575,1.0000000000000002,1.9618560069661028,0.2949027631127876
noisy,10,0,0.0,0,20,29,False,True,-0.06257038168042661,,0.8000000000000009,0.3860316048988017
noisy,10,0,0.0,0,20,30,True,False,0.025999622761107455,0.9500000000000003,1.8999999999999992,0.2308169051628133
noisy,10,0,0.0,0,20,31,True,False,0.08826854936082018,1.0000000000000002,1.9744879562047946,0.24590775840935686
noisy,10,0,0.0,0,20,32,True,False,0.04194668960662096,0.9500000000000003,1.8999999999999988,0.2984262423683718
noisy,10,0,0.0,0,20,33,True,False,0.01709996686760684,0.9500000000000003,1.878036596507277,0.24895628627916952
noisy,10,0,0.0,0,20,34,True,False,0.08614810681972251,0.9500000000000003,1.9000000000000001,0.23816408332128658
noisy,10,0,0.0,0,20,35,True,False,0.035788120945351665,0.9500000000000003,1.9000000000000001,0.2856611518730201
noisy,10,0,0.0,0,20,36,True,False,0.10582681857239074,1.0000000000000002,1.9954613151223832,0.25625142726271866
noisy,10,0,0.0,0,20,37,True,False,0.09426837575941271,0.9500000000000003,1.9000000000000004,0.28714066436143015
noisy,10,0,0.0,0,20,38,False,True,-0.0012242810340601373,,0.7000000000000005,0.2947449882750477
noisy,10,0,0.0,0,20,39,True,False,0.10454986697716961,1.0500000000000003,2.099308109662428,0.262603411094448
noisy,10,0,0.0,0,20,40,True,False,0.07306439806196185,1.0000000000000002,1.9999999999999993,0.2636232250938897
noisy,10,0,0.0,0,20,41,True,False,0.062170238598240335,1.0000000000000002,1.9914343364719294,0.25795406283759986
noisy,10,0,0.0,0,20,42,True,False,0.0946393505332086,1.0000000000000002,1.9960287887202808,0.24422347326350996
noisy,10,0,0.0,0,20,43,True,False,0.09133181411653069,0.9500000000000003,1.8999999999999997,0.259162000126374
noisy,10,0,0.0,0,20,44,True,False,0.09258984572518014,1.0000000000000002,1.970672126518233,0.24875262927806763
noisy,10,0,0.0,0,20,45,True,False,0.07998130373230294,0.9500000000000003,1.8999999999999992,0.24175285150787984
noisy,10,0,0.0,0,20,46,True,False,0.08368608811818179,1.0500000000000003,2.0564663397070153,0.29336397283294846
noisy,10,0,0.0,0,20,47,True,False,0.06392283638520158,0.9500000000000003,1.828409935916966,0.2656758294719664
noisy,10,0,0.0,0,20,48,True,False,0.04921646171652472,1.0000000000000002,1.999999999999999,0.27135134259561805
noisy,10,0,0.0,0,20,49,True,False,0.10322399742266697,1.0000000000000002,2.0000000000000013,0.27364975106245376
noisy,10,0,0.0,0,20,50,True,False,0.08916726507513828,1.0000000000000002,2.0,0.31837270812651725
kalman,10,0,0.0,0,20,1,True,False,0.08521719514288573,0.9500000000000003,1.8999999999999984,0.1723455062120292
kalman,10,0,0.0,0,20,2,True,False,0.05202818417497901,1.0000000000000002,2.0000000000000013,0.18870075465074954
kalman,10,0,0.0,0,20,3,True,False,0.03453214903954094,0.9500000000000003,1.9000000000000012,0.23266196395269265
kalman,10,0,0.0,0,20,4,True,False,0.024262218313623185,0.9500000000000003,1.8999999999999995,0.13897212621826893
kalman,10,0,0.0,0,20,5,True,False,0.13644792928206262,0.9500000000000003,1.8999999999999995,0.18350035888615215
kalman,10,0,0.0,0,20,6,True,False,0.013545145168294637,0.9500000000000003,1.8565880428035384,0.19510117584416725
kalman,10,0,0.0,0,20,7,True,False,0.04396099412885657,0.9500000000000003,1.900000000000001,0.20026940085117875
kalman,10,0,0.0,0,20,8,True,False,0.028497516385439736,0.9000000000000002,1.8000000000000007,0.2310394683855107
kalman,10,0,0.0,0,20,9,True,False,0.10881628071754967,0.9500000000000003,1.8999999999999984,0.145163407076828
kalman,10,0,0.0,0,20,10,True,False,0.14117892316236502,0.9500000000000003,1.9000000000000004,0.14288350355411272
kalman,10,0,0.0,0,20,11,True,False,0.06436819987462905,0.9500000000000003,1.8909484094401612,0.17547376320588
kalman,10,0,0.0,0,20,12,True,False,0.09161757012940774,1.0000000000000002,1.998023440304353,0.15510059917739624
kalman,10,0,0.0,0,20,13,True,False,0.04027619314758657,0.9500000000000003,1.900000000000001,0.22151549950670885
kalman,10,0,0.0,0,20,14,True,False,0.12397826137704349,1.0000000000000002,1.9999999999999987,0.2312938283728703
kalman,10,0,0.0,0,20,15,False,True,-0.0059236986145410064,,0.5000000000000003,0.2407265692575212
kalman,10,0,0.0,0,20,16,True,False,0.0822143308281107,1.0000000000000002,2.000000000000001,0.16484143312235572
kalman,10,0,0.0,0,20,17,True,False,0.11285011254254629,0.9500000000000003,1.887195126361237,0.20884498551454683
kalman,10,0,0.0,0,20,18,False,True,-0.00025664427529181744,,0.5999999999999992,0.2598928701510897
kalman,10,0,0.0,0,20,19,True,False,0.011811448351516818,0.9000000000000002,1.8000000000000003,0.1643993338201985
kalman,10,0,0.0,0,20,20,True,False,0.05916740610477467,0.9000000000000002,1.7999999999999998,0.18276783153014828
kalman,10,0,0.0,0,20,21,True,False,0.1324621899025491,1.0000000000000002,1.9810465436215494,0.15623206624721128
kalman,10,0,0.0,0,20,22,True,False,0.0501809333744383,0.9500000000000003,1.9000000000000008,0.22863005836369502
kalman,10,0,0.0,0,20,23,True,False,0.07639980206043195,1.0000000000000002,1.9378522735666737,0.16300893168665367
kalman,10,0,0.0,0,20,24,True,False,0.08928420481546451,0.9500000000000003,1.9000000000000001,0.134240377492194
kalman,10,0,0.0,0,20,25,True,False,0.035605340942396646,1.0000000000000002,1.980818938347041,0.19546092393413259
kalman,10,0,0.0,0,20,26,True,False,0.09137164534935427,1.0000000000000002,2.0000000000000013,0.22023045495066806
kalman,10,0,0.0,0,20,27,True,False,0.15165978971079808,1.0000000000000002,1.9999999999999996,0.20929286132691938
kalman,10,0,0.0,0,20,28,True,False,0.07288261539936736,1.0000000000000002,1.9999999999999991,0.13850670230488063
kalman,10,0,0.0,0,20,29,True,False,0.1119889891818413,1.0000000000000002,2.0000000000000004,0.18055358231657126
kalman,10,0,0.0,0,20,30,True,False,0.03194854815261294,0.9500000000000003,1.8999999999999984,0.14778676357888246
kalman,10,0,0.0,0,20,31,True,False,0.12814575113985893,1.0000000000000002,1.9039182518925393,0.15961973704087426
kalman,10,0,0.0,0,20,32,True,False,0.06518682799640141,1.0000000000000002,1.9999999999999991,0.1349832960955647
kalman,10,0,0.0,0,20,33,True,False,0.013980772115917528,0.9500000000000003,1.8999999999999995,0.18164003538293363
kalman,10,0,0.0,0,20,34,True,False,0.09108766695437587,0.9500000000000003,1.9000000000000004,0.13313393989119615
kalman,10,0,0.0,0,20,35,False,True,-0.008000725472277592,,0.7,0.22616073703777959
kalman,10,0,0.0,0,20,36,True,False,0.09701447387718898,1.0000000000000002,2.000000000000001,0.16117220097568954
kalman,10,0,0.0,0,20,37,True,False,0.055271161235359356,0.9500000000000003,1.9,0.1531860234521529
kalman,10,0,0.0,0,20,38,True,False,0.01698526830790792,0.9000000000000002,1.8000000000000007,0.17539551550076302
kalman,10,0,0.0,0,20,39,True,False,0.16501420243351594,1.0000000000000002,1.9838400413985384,0.13376431452798382
kalman,10,0,0.0,0,20,40,True,False,0.12997438633978575,1.0000000000000002,1.9999999999999993,0.14008583463804858
kalman,10,0,0.0,0,20,41,True,False,0.04420364583932024,1.0000000000000002,2.0000000000000004,0.20537001554824422
kalman,10,0,0.0,0,20,42,True,False,0.13936567773760355,1.0000000000000002,1.9566331614499615,0.17322403203486114
kalman,10,0,0.0,0,20,43,True,False,0.08890265736696756,0.9500000000000003,1.900000000000002,0.16107104522484414
kalman,10,0,0.0,0,20,44,True,False,0.13059667622288318,1.0000000000000002,2.0000000000000013,0.15578372070530672
kalman,10,0,0.0,0,20,45,True,False,0.1372737469398666,0.9500000000000003,1.9000000000000004,0.1566280635283537
kalman,10,0,0.0,0,20,46,True,False,0.0826468032062182,1.0000000000000002,2.0000000000000013,0.12973359375327945
kalman,10,0,0.0,0,20,47,True,False,0.09659545871675079,0.9500000000000003,1.8526247231181272,0.19681147149832948
kalman,10,0,0.0,0,20,48,True,False,0.026583889993672116,0.9500000000000003,1.9000000000000006,0.16038643019514418
kalman,10,0,0.0,0,20,49,True,False,0.07025018445724607,1.0000000000000002,1.9999999999999984,0.20336604252227466
kalman,10,0,0.0,0,20,50,True,False,0.0476555810656456,0.9500000000000003,1.9000000000000015,0.21821514611632098
ground_truth,10,0,0.25,0,20,1,True,False,0.0932591781715284,0.9500000000000003,1.9,
ground_truth,10,0,0.25,0,20,2,True,False,0.0932591781715284,0.9500000000000003,1.9,
ground_truth,10,0,0.25,0,20,3,True,False,0.0932591781715284,0.9500000000000003,1.9,
ground_truth,10,0,0.25,0,20,4,True,False,0.0932591781715284,0.9500000000000003,1.9,
ground_truth,10,0,0.25,0,20,5,True,False,0.0932591781715284,0.9500000000000003,1.9,
ground_truth,10,0,0.25,0,20,6,True,False,0.0932591781715284,0.9500000000000003,1.9,
ground_truth,10,0,0.25,0,20,7,True,False,0.0932591781715284,0.9500000000000003,1.9,
ground_truth,10,0,0.25,0,20,8,True,False,0.0932591781715284,0.9500000000000003,1.9,
ground_truth,10,0,0.25,0,20,9,True,False,0.0932591781715284,0.9500000000000003,1.9,
ground_truth,10,0,0.25,0,20,10,True,False,0.0932591781715284,0.9500000000000003,1.9,
ground_truth,10,0,0.25,0,20,11,True,False,0.0932591781715284,0.9500000000000003,1.9,
ground_truth,10,0,0.25,0,20,12,True,False,0.0932591781715284,0.9500000000000003,1.9,
ground_truth,10,0,0.25,0,20,13,True,False,0.0932591781715284,0.9500000000000003,1.9,
ground_truth,10,0,0.25,0,20,14,True,False,0.0932591781715284,0.9500000000000003,1.9,
ground_truth,10,0,0.25,0,20,15,True,False,0.0932591781715284,0.9500000000000003,1.9,
ground_truth,10,0,0.25,0,20,16,True,False,0.0932591781715284,0.9500000000000003,1.9,
ground_truth,10,0,0.25,0,20,17,True,False,0.0932591781715284,0.9500000000000003,1.9,
ground_truth,10,0,0.25,0,20,18,True,False,0.0932591781715284,0.9500000000000003,1.9,
ground_truth,10,0,0.25,0,20,19,True,False,0.0932591781715284,0.9500000000000003,1.9,
ground_truth,10,0,0.25,0,20,20,True,False,0.0932591781715284,0.9500000000000003,1.9,
ground_truth,10,0,0.25,0,20,21,True,False,0.0932591781715284,0.9500000000000003,1.9,
ground_truth,10,0,0.25,0,20,22,True,False,0.0932591781715284,0.9500000000000003,1.9,
ground_truth,10,0,0.25,0,20,23,True,False,0.0932591781715284,0.9500000000000003,1.9,
ground_truth,10,0,0.25,0,20,24,True,False,0.0932591781715284,0.9500000000000003,1.9,
ground_truth,10,0,0.25,0,20,25,True,False,0.0932591781715284,0.9500000000000003,1.9,
ground_truth,10,0,0.25,0,20,26,True,False,0.0932591781715284,0.9500000000000003,1.9,
ground_truth,10,0,0.25,0,20,27,True,False,0.0932591781715284,0.9500000000000003,1.9,
ground_truth,10,0,0.25,0,20,28,True,False,0.0932591781715284,0.9500000000000003,1.9,
ground_truth,10,0,0.25,0,20,29,True,False,0.0932591781715284,0.9500000000000003,1.9,
ground_truth,10,0,0.25,0,20,30,True,False,0.0932591781715284,0.9500000000000003,1.9,
ground_truth,10,0,0.25,0,20,31,True,False,0.0932591781715284,0.9500000000000003,1.9,
ground_truth,10,0,0.25,0,20,32,True,False,0.0932591781715284,0.9500000000000003,1.9,
ground_truth,10,0,0.25,0,20,33,True,False,0.0932591781715284,0.9500000000000003,1.9,
ground_truth,10,0,0.25,0,20,34,True,False,0.0932591781715284,0.9500000000000003,1.9,
ground_truth,10,0,0.25,0,20,35,True,False,0.0932591781715284,0.9500000000000003,1.9,
ground_truth,10,0,0.25,0,20,36,True,False,0.0932591781715284,0.9500000000000003,1.9,
ground_truth,10,0,0.25,0,20,37,True,False,0.0932591781715284,0.9500000000000003,1.9,
ground_truth,10,0,0.25,0,20,38,True,False,0.0932591781715284,0.9500000000000003,1.9,
ground_truth,10,0,0.25,0,20,39,True,False,0.0932591781715284,0.9500000000000003,1.9,
ground_truth,10,0,0.25,0,20,40,True,False,0.0932591781715284,0.9500000000000003,1.9,
ground_truth,10,0,0.25,0,20,41,True,False,0.0932591781715284,0.9500000000000003,1.9,
ground_truth,10,0,0.25,0,20,42,True,False,0.0932591781715284,0.9500000000000003,1.9,
ground_truth,10,0,0.25,0,20,43,True,False,0.0932591781715284,0.9500000000000003,1.9,
ground_truth,10,0,0.25,0,20,44,True,False,0.0932591781715284,0.9500000000000003,1.9,
ground_truth,10,0,0.25,0,20,45,True,False,0.0932591781715284,0.9500000000000003,1.9,
ground_truth,10,0,0.25,0,20,46,True,False,0.0932591781715284,0.9500000000000003,1.9,
ground_truth,10,0,0.25,0,20,47,True,False,0.0932591781715284,0.9500000000000003,1.9,
ground_truth,10,0,0.25,0,20,48,True,False,0.0932591781715284,0.9500000000000003,1.9,
ground_truth,10,0,0.25,0,20,49,True,False,0.0932591781715284,0.9500000000000003,1.9,
ground_truth,10,0,0.25,0,20,50,True,False,0.0932591781715284,0.9500000000000003,1.9,
noisy,10,0,0.25,0,20,1,True,False,0.20175037208031665,1.0500000000000003,2.0770546460844215,0.6444948781851266
noisy,10,0,0.25,0,20,2,True,False,0.1806768654322708,1.0500000000000003,2.085054241216394,0.6030132679247511
noisy,10,0,0.25,0,20,3,True,False,0.2247356721210847,1.0000000000000002,1.9239994962157208,0.6088499673257488
noisy,10,0,0.25,0,20,4,True,False,0.2002251419019483,1.0000000000000002,2.000000000000001,0.6306839551186071
noisy,10,0,0.25,0,20,5,True,False,0.24428748714715542,1.0000000000000002,2.0000000000000004,0.5914726263647235
noisy,10,0,0.25,0,20,6,True,False,0.11121104412178817,1.0000000000000002,1.8518849140558822,0.58224619955913
noisy,10,0,0.25,0,20,7,True,False,0.23117149114292457,1.0000000000000002,1.9728854608982596,0.5667609348919103
noisy,10,0,0.25,0,20,8,True,False,0.1477717636799054,0.9500000000000003,1.8999999999999986,0.6498883055377395
noisy,10,0,0.25,0,20,9,True,False,0.20378476098329235,1.0000000000000002,2.000000000000001,0.5860945495406941
noisy,10,0,0.25,0,20,10,True,False,0.2084040027336025,1.0000000000000002,1.9999999999999996,0.6136931539271532
noisy,10,0,0.25,0,20,11,True,False,0.17599976716746735,1.0000000000000002,1.9448413454332327,0.6829705305315061
noisy,10,0,0.25,0,20,12,True,False,0.19885150759701187,1.0000000000000002,1.9952066637615433,0.630776742839752
noisy,10,0,0.25,0,20,13,True,False,0.11569870910160263,0.9500000000000003,1.9000000000000026,0.7364778799493108
noisy,10,0,0.25,0,20,14,True,False,0.24089882535538032,1.0500000000000003,2.1000000000000014,0.6244965450614267
noisy,10,0,0.25,0,20,15,True,False,0.12164677899964849,0.9500000000000003,1.8999999999999995,0.7246648615013961
noisy,10,0,0.25,0,20,16,True,False,0.1670046336856632,1.0000000000000002,1.9515814118569474,0.6874559012977758
noisy,10,0,0.25,0,20,17,True,False,0.11499203226984123,0.9500000000000003,1.8877967216759588,0.6193977120076009
noisy,10,0,0.25,0,20,18,True,False,0.0802924098999378,0.9500000000000003,1.8990599591234196,0.6340568595613619
noisy,10,0,0.25,0,20,19,True,False,0.14519714083811297,0.9500000000000003,1.9000000000000004,0.64369577530652
noisy,10,0,0.25,0,20,20,True,False,0.14777314787378115,1.0000000000000002,1.90330969255696,0.6918652291514753
noisy,10,0,0.25,0,20,21,True,False,0.14909541282045669,0.9500000000000003,1.899999999999999,0.5900273085685139
noisy,10,0,0.25,0,20,22,True,False,0.16028356863517024,1.0000000000000002,1.8674854098018026,0.6435428011491597
noisy,10,0,0.25,0,20,23,True,False,0.13490938177915401,1.0000000000000002,1.9999999999999993,0.670265153539571
noisy,10,0,0.25,0,20,24,True,False,0.1323763479683393,0.9500000000000003,1.9000000000000004,0.6605768379728771
noisy,10,0,0.25,0,20,25,True,False,0.21181014948676546,1.0000000000000002,1.9999999999999993,0.6193609531058365
noisy,10,0,0.25,0,20,26,True,False,0.22921193125165074,1.0500000000000003,2.1000000000000005,0.6936274288374887
noisy,10,0,0.25,0,20,27,True,False,0.20491021936943277,1.0000000000000002,1.9971086994375413,0.6251908231115628
noisy,10,0,0.25,0,20,28,True,False,0.24105300508839966,1.1000000000000003,2.0456885742699393,0.6439783411003106
noisy,10,0,0.25,0,20,29,True,False,0.20975042034434255,1.0000000000000002,1.9999999999999978,0.5969421252612183
noisy,10,0,0.25,0,20,30,True,False,0.14780031645636238,0.9500000000000003,1.8999999999999981,0.6873850978907905
noisy,10,0,0.25,0,20,31,True,False,0.13149736938189927,1.1000000000000003,2.132103421214712,0.6063785528013734
noisy,10,0,0.25,0,20,32,True,False,0.168970459418758,0.9500000000000003,1.8993125983228676,0.6476440941208687
noisy,10,0,0.25,0,20,33,True,False,0.19204521673354935,1.0000000000000002,1.9943795065229026,0.6324152187572151
noisy,10,0,0.25,0,20,34,True,False,0.08298037481939602,0.9500000000000003,1.8076207305474303,0.6565303480873745
noisy,10,0,0.25,0,20,35,True,False,0.22870455102697118,1.0000000000000002,2.0000000000000018,0.6493352765780758
noisy,10,0,0.25,0,20,36,True,False,0.27777662088608146,1.0500000000000003,2.0981154572350924,0.5719119442061047
noisy,10,0,0.25,0,20,37,True,False,0.08191143737386564,0.9000000000000002,1.7999999999999996,0.649144834488269
noisy,10,0,0.25,0,20,38,True,False,0.223993114886615,1.0000000000000002,1.9839480022298697,0.6454169675676673
noisy,10,0,0.25,0,20,39,True,False,0.21517522411790058,1.0000000000000002,2.0000000000000004,0.647671787899505
noisy,10,0,0.25,0,20,40,True,False,0.12219392906900728,1.0000000000000002,1.8453097594391752,0.6437628652585988
noisy,10,0,0.25,0,20,41,True,False,0.2347301672776556,1.1000000000000003,2.169496316112652,0.5956454199217698
noisy,10,0,0.25,0,20,42,True,False,0.17328426640967676,1.0500000000000003,1.9707125526715656,0.6107580000082115
noisy,10,0,0.25,0,20,43,True,False,0.10934326588634646,0.9500000000000003,1.8652378325868988,0.6289896919545027
noisy,10,0,0.25,0,20,44,True,False,0.18730088912380993,1.0500000000000003,2.0440964389412595,0.6449612220994075
noisy,10,0,0.25,0,20,45,True,False,0.20368282005289529,1.0000000000000002,2.0000000000000004,0.621278434106298
noisy,10,0,0.25,0,20,46,True,False,0.186620296818224,1.0000000000000002,2.0000000000000013,0.6393193744389488
noisy,10,0,0.25,0,20,47,True,False,0.24095802149982437,1.0500000000000003,2.099999999999999,0.6405122664912204
noisy,10,0,0.25,0,20,48,True,False,0.14082895283148722,0.9500000000000003,1.8999999999999995,0.6024128731679262
noisy,10,0,0.25,0,20,49,True,False,0.158167446085,1.0000000000000002,1.9999999999999998,0.6604610612708979
noisy,10,0,0.25,0,20,50,True,False,0.22964438855771463,1.0500000000000003,2.1000000000000014,0.6004191667595657
kalman,10,0,0.25,0,20,1,False,True,-0.030349269053459027,,0.5000000000000003,0.5217400613335319
kalman,10,0,0.25,0,20,2,False,True,-0.04594085433857242,,0.5000000000000006,0.5535752320717643
kalman,10,0,0.25,0,20,3,False,True,-0.039135539508954986,,0.4999999999999999,0.5981136820466763
kalman,10,0,0.25,0,20,4,False,True,-0.04218558167974673,,0.5,0.5973067703526079
kalman,10,0,0.25,0,20,5,False,True,-0.03922134326015536,,0.5000000000000004,0.46739974492179825
kalman,10,0,0.25,0,20,6,False,True,-0.041396438996517126,,0.4999999999999997,0.6098018389923232
kalman,10,0,0.25,0,20,7,False,True,-0.03333365363580021,,0.5000000000000001,0.5077208795616414
kalman,10,0,0.25,0,20,8,False,True,-0.039288478719382125,,0.49999999999999956,0.5394044212046702
kalman,10,0,0.25,0,20,9,False,True,-0.050524247259641664,,0.5,0.5951222564512217
kalman,10,0,0.25,0,20,10,False,True,-0.036210076061463425,,0.5000000000000002,0.5838286790790276
kalman,10,0,0.25,0,20,11,False,True,-0.04504037387038795,,0.4999999999999999,0.5993239600597908
kalman,10,0,0.25,0,20,12,False,True,-0.04101873459589234,,0.5000000000000002,0.5177745570872276
kalman,10,0,0.25,0,20,13,False,True,-0.05145187744240376,,0.4999999999999999,0.8349785349213761
kalman,10,0,0.25,0,20,14,False,True,-0.049861248432140126,,0.49999999999999994,0.6010262657708246
kalman,10,0,0.25,0,20,15,False,True,-0.048622044462485414,,0.5000000000000001,0.6369700848380648
kalman,10,0,0.25,0,20,16,False,True,-0.05012529639146268,,0.4999999999999996,0.5731474174431471
kalman,10,0,0.25,0,20,17,False,True,-0.04739971082201566,,0.5,0.5383933941802348
kalman,10,0,0.25,0,20,18,False,True,-0.04886697936658324,,0.49999999999999983,0.5719205319584271
kalman,10,0,0.25,0,20,19,False,True,-0.0394173264436013,,0.4999999999999997,0.606542030576196
kalman,10,0,0.25,0,20,20,False,True,-0.03811397883486323,,0.4999999999999998,0.6037512639325447
kalman,10,0,0.25,0,20,21,False,True,-0.0423547103547659,,0.5000000000000001,0.5246454359034719
kalman,10,0,0.25,0,20,22,False,True,-0.0413663660964243,,0.4999999999999998,0.669383791185442
kalman,10,0,0.25,0,20,23,False,True,-0.038423198310662876,,0.49999999999999956,0.5799414762604476
kalman,10,0,0.25,0,20,24,False,True,-0.05077964488177611,,0.5,0.7232557719230827
kalman,10,0,0.25,0,20,25,False,True,-0.046645233188389756,,0.49999999999999967,0.6448215540233132
kalman,10,0,0.25,0,20,26,False,True,-0.04626769935230257,,0.49999999999999967,0.6667023498845324
kalman,10,0,0.25,0,20,27,False,True,-0.04899873223748297,,0.5,0.5934867138986671
kalman,10,0,0.25,0,20,28,False,True,-0.04790526270023343,,0.5000000000000001,0.7013404832479236
kalman,10,0,0.25,0,20,29,False,True,-0.03646869687134391,,0.49999999999999994,0.5421391633330008
kalman,10,0,0.25,0,20,30,False,True,-0.04223814212922283,,0.4999999999999999,0.6155590784460389
kalman,10,0,0.25,0,20,31,False,True,-0.03821149429834558,,0.49999999999999944,0.564680223625246
kalman,10,0,0.25,0,20,32,False,True,-0.04366967864246152,,0.5000000000000003,0.7300459660690489
kalman,10,0,0.25,0,20,33,False,True,-0.047329771112928576,,0.5000000000000003,0.711174958629291
kalman,10,0,0.25,0,20,34,False,True,-0.042969256529438615,,0.5,0.6227563343998296
kalman,10,0,0.25,0,20,35,False,True,-0.04310945851283243,,0.49999999999999967,0.5878055529804341
kalman,10,0,0.25,0,20,36,False,True,-0.04556891876918567,,0.5,0.5506203686241112
kalman,10,0,0.25,0,20,37,False,True,-0.04042942942715255,,0.5000000000000001,0.6248701083084055
kalman,10,0,0.25,0,20,38,False,True,-0.04748969119422641,,0.5000000000000002,0.6830132523305328
kalman,10,0,0.25,0,20,39,False,True,-0.04842772323156597,,0.4999999999999999,0.5752624466300312
kalman,10,0,0.25,0,20,40,False,True,-0.0460106043546038,,0.5000000000000001,0.5542342841729538
kalman,10,0,0.25,0,20,41,False,True,-0.0459672607001147,,0.5000000000000003,0.5907764201063607
kalman,10,0,0.25,0,20,42,False,True,-0.04624983724835552,,0.5,0.6640695189962638
kalman,10,0,0.25,0,20,43,False,True,-0.038554974993800784,,0.4999999999999999,0.4899768078893761
kalman,10,0,0.25,0,20,44,False,True,-0.049656658590938596,,0.5000000000000001,0.5737508760195063
kalman,10,0,0.25,0,20,45,False,True,-0.046119750329389975,,0.5000000000000003,0.6002299875466959
kalman,10,0,0.25,0,20,46,False,True,-0.04208299602976728,,0.5,0.563326210472661
kalman,10,0,0.25,0,20,47,False,True,-0.05157899809609412,,0.4999999999999996,0.5609584822547131
kalman,10,0,0.25,0,20,48,False,True,-0.04778030642225395,,0.5000000000000001,0.6101628760302983
kalman,10,0,0.25,0,20,49,False,True,-0.05649570947005422,,0.4999999999999996,0.6990063761486202
kalman,10,0,0.25,0,20,50,False,True,-0.044256496011190416,,0.4999999999999999,0.5887470200386835
ground_truth,10,0,0.5,0,20,1,True,False,0.0932591781715284,0.9500000000000003,1.9,
ground_truth,10,0,0.5,0,20,2,True,False,0.0932591781715284,0.9500000000000003,1.9,
ground_truth,10,0,0.5,0,20,3,True,False,0.0932591781715284,0.9500000000000003,1.9,
ground_truth,10,0,0.5,0,20,4,True,False,0.0932591781715284,0.9500000000000003,1.9,
ground_truth,10,0,0.5,0,20,5,True,False,0.0932591781715284,0.9500000000000003,1.9,
ground_truth,10,0,0.5,0,20,6,True,False,0.0932591781715284,0.9500000000000003,1.9,
ground_truth,10,0,0.5,0,20,7,True,False,0.0932591781715284,0.9500000000000003,1.9,
ground_truth,10,0,0.5,0,20,8,True,False,0.0932591781715284,0.9500000000000003,1.9,
ground_truth,10,0,0.5,0,20,9,True,False,0.0932591781715284,0.9500000000000003,1.9,
ground_truth,10,0,0.5,0,20,10,True,False,0.0932591781715284,0.9500000000000003,1.9,
ground_truth,10,0,0.5,0,20,11,True,False,0.0932591781715284,0.9500000000000003,1.9,
ground_truth,10,0,0.5,0,20,12,True,False,0.0932591781715284,0.9500000000000003,1.9,
ground_truth,10,0,0.5,0,20,13,True,False,0.0932591781715284,0.9500000000000003,1.9,
ground_truth,10,0,0.5,0,20,14,True,False,0.0932591781715284,0.9500000000000003,1.9,
ground_truth,10,0,0.5,0,20,15,True,False,0.0932591781715284,0.9500000000000003,1.9,
ground_truth,10,0,0.5,0,20,16,True,False,0.0932591781715284,0.9500000000000003,1.9,
ground_truth,10,0,0.5,0,20,17,True,False,0.0932591781715284,0.9500000000000003,1.9,
ground_truth,10,0,0.5,0,20,18,True,False,0.0932591781715284,0.9500000000000003,1.9,
ground_truth,10,0,0.5,0,20,19,True,False,0.0932591781715284,0.9500000000000003,1.9,
ground_truth,10,0,0.5,0,20,20,True,False,0.0932591781715284,0.9500000000000003,1.9,
ground_truth,10,0,0.5,0,20,21,True,False,0.0932591781715284,0.9500000000000003,1.9,
ground_truth,10,0,0.5,0,20,22,True,False,0.0932591781715284,0.9500000000000003,1.9,
ground_truth,10,0,0.5,0,20,23,True,False,0.0932591781715284,0.9500000000000003,1.9,
ground_truth,10,0,0.5,0,20,24,True,False,0.0932591781715284,0.9500000000000003,1.9,
ground_truth,10,0,0.5,0,20,25,True,False,0.0932591781715284,0.9500000000000003,1.9,
ground_truth,10,0,0.5,0,20,26,True,False,0.0932591781715284,0.9500000000000003,1.9,
ground_truth,10,0,0.5,0,20,27,True,False,0.0932591781715284,0.9500000000000003,1.9,
ground_truth,10,0,0.5,0,20,28,True,False,0.0932591781715284,0.9500000000000003,1.9,
ground_truth,10,0,0.5,0,20,29,True,False,0.0932591781715284,0.9500000000000003,1.9,
ground_truth,10,0,0.5,0,20,30,True,False,0.0932591781715284,0.9500000000000003,1.9,
ground_truth,10,0,0.5,0,20,31,True,False,0.0932591781715284,0.9500000000000003,1.9,
ground_truth,10,0,0.5,0,20,32,True,False,0.0932591781715284,0.9500000000000003,1.9,
ground_truth,10,0,0.5,0,20,33,True,False,0.0932591781715284,0.9500000000000003,1.9,
ground_truth,10,0,0.5,0,20,34,True,False,0.0932591781715284,0.9500000000000003,1.9,
ground_truth,10,0,0.5,0,20,35,True,False,0.0932591781715284,0.9500000000000003,1.9,
ground_truth,10,0,0.5,0,20,36,True,False,0.0932591781715284,0.9500000000000003,1.9,
ground_truth,10,0,0.5,0,20,37,True,False,0.0932591781715284,0.9500000000000003,1.9,
ground_truth,10,0,0.5,0,20,38,True,False,0.0932591781715284,0.9500000000000003,1.9,
ground_truth,10,0,0.5,0,20,39,True,False,0.0932591781715284,0.9500000000000003,1.9,
ground_truth,10,0,0.5,0,20,40,True,False,0.0932591781715284,0.9500000000000003,1.9,
ground_truth,10,0,0.5,0,20,41,True,False,0.0932591781715284,0.9500000000000003,1.9,
ground_truth,10,0,0.5,0,20,42,True,False,0.0932591781715284,0.9500000000000003,1.9,
ground_truth,10,0,0.5,0,20,43,True,False,0.0932591781715284,0.9500000000000003,1.9,
ground_truth,10,0,0.5,0,20,44,True,False,0.0932591781715284,0.9500000000000003,1.9,
ground_truth,10,0,0.5,0,20,45,True,False,0.0932591781715284,0.9500000000000003,1.9,
ground_truth,10,0,0.5,0,20,46,True,False,0.0932591781715284,0.9500000000000003,1.9,
ground_truth,10,0,0.5,0,20,47,True,False,0.0932591781715284,0.9500000000000003,1.9,
ground_truth,10,0,0.5,0,20,48,True,False,0.0932591781715284,0.9500000000000003,1.9,
ground_truth,10,0,0.5,0,20,49,True,False,0.0932591781715284,0.9500000000000003,1.9,
ground_truth,10,0,0.5,0,20,50,True,False,0.0932591781715284,0.9500000000000003,1.9,
noisy,10,0,0.5,0,20,1,True,False,0.16599718596230928,1.0500000000000003,2.067200153533412,0.45752205635626386
noisy,10,0,0.5,0,20,2,True,False,0.2382934338308429,1.1000000000000003,2.146988781141591,0.4971505397536802
noisy,10,0,0.5,0,20,3,True,False,0.1792554699747726,0.9500000000000003,1.9,0.5173404396150336
noisy,10,0,0.5,0,20,4,True,False,0.19876809593653366,0.9500000000000003,1.9000000000000004,0.38693095106130987
noisy,10,0,0.5,0,20,5,True,False,0.1745223941930425,1.0000000000000002,1.945140932763237,0.49928739837766967
noisy,10,0,0.5,0,20,6,True,False,0.13433914249264345,1.0000000000000002,1.91196001803218,0.4252430017068181
noisy,10,0,0.5,0,20,7,True,False,0.18626050033042119,1.0000000000000002,1.9800987468781086,0.49629824748882806
noisy,10,0,0.5,0,20,8,True,False,0.11658863288003363,1.0000000000000002,1.9141576497909205,0.4630348494874508
noisy,10,0,0.5,0,20,9,True,False,0.14015455786603037,1.0000000000000002,1.9034632517641132,0.4580359371883509
noisy,10,0,0.5,0,20,10,True,False,0.237564885021053,1.0000000000000002,2.0,0.42088970763596334
noisy,10,0,0.5,0,20,11,True,False,0.21150058969136154,1.0500000000000003,2.0760003729917194,0.4495268727237333
noisy,10,0,0.5,0,20,12,True,False,0.18399721786935785,1.0000000000000002,1.9999999999999982,0.3905858889871178
noisy,10,0,0.5,0,20,13,True,False,0.20054797038403738,1.0500000000000003,1.9971003194434702,0.3701387249517414
noisy,10,0,0.5,0,20,14,True,False,0.21404789823967318,1.0500000000000003,2.099999999999999,0.49609203129428314
noisy,10,0,0.5,0,20,15,True,False,0.18220966676561257,1.0000000000000002,1.9308925611688832,0.4035970045156789
noisy,10,0,0.5,0,20,16,True,False,0.22305632121476004,1.0500000000000003,2.011923383614258,0.3864625796458399
noisy,10,0,0.5,0,20,17,True,False,0.20545543831805313,1.0000000000000002,1.8956013914244338,0.46323082568647106
noisy,10,0,0.5,0,20,18,True,False,0.23861729622416306,1.0500000000000003,2.022099723887907,0.41453229317941737
noisy,10,0,0.5,0,20,19,True,False,0.1196991663830218,0.9500000000000003,1.8856433016708412,0.4395012549361229
noisy,10,0,0.5,0,20,20,True,False,0.09020698627055035,0.9500000000000003,1.9000000000000021,0.5092560572850634
noisy,10,0,0.5,0,20,21,True,False,0.17861356164965603,1.0000000000000002,1.9821635798263924,0.41281815234090313
noisy,10,0,0.5,0,20,22,True,False,0.17297275352406127,1.0000000000000002,1.9625026806039325,0.4816581526364449
noisy,10,0,0.5,0,20,23,True,False,0.197152384522282,1.0500000000000003,1.9973602408553708,0.4705757859740466
noisy,10,0,0.5,0,20,24,True,False,0.1580360423752516,0.9500000000000003,1.9000000000000012,0.4663870170896419
noisy,10,0,0.5,0,20,25,True,False,0.17494031630365203,0.9500000000000003,1.9000000000000012,0.42199421584953367
noisy,10,0,0.5,0,20,26,True,False,0.1571299122196952,0.9500000000000003,1.8999999999999997,0.46830345079409996
noisy,10,0,0.5,0,20,27,True,False,0.27129002427495674,1.1000000000000003,2.1997870272872766,0.44064664314580493
noisy,10,0,0.5,0,20,28,True,False,0.2314376092538062,1.0500000000000003,2.0043766018446463,0.4837150686842656
noisy,10,0,0.5,0,20,29,True,False,0.12570156775089147,1.0000000000000002,1.9838790488652118,0.48743813868857
noisy,10,0,0.5,0,20,30,True,False,0.1851969619826508,1.0000000000000002,1.91651579792092,0.4201642437536626
noisy,10,0,0.5,0,20,31,True,False,0.24982539945423343,1.1500000000000004,2.103049882350914,0.46733189885400495
noisy,10,0,0.5,0,20,32,True,False,0.15226137881233304,0.9500000000000003,1.8999999999999981,0.4208021241775143
noisy,10,0,0.5,0,20,33,True,False,0.17532923651836496,0.9500000000000003,1.868475875054085,0.3750514904087888
noisy,10,0,0.5,0,20,34,True,False,0.19589930290520718,1.0000000000000002,1.9731645634874055,0.4115852144255587
noisy,10,0,0.5,0,20,35,True,False,0.1344570959712179,0.9500000000000003,1.8770512228976954,0.46931057796748227
noisy,10,0,0.5,0,20,36,True,False,0.23354497030003074,1.0000000000000002,1.9677183964878566,0.4748103622473317
noisy,10,0,0.5,0,20,37,True,False,0.16221027651912534,0.9500000000000003,1.9000000000000015,0.43127956345586904
noisy,10,0,0.5,0,20,38,True,False,0.15278396497036373,1.0000000000000002,1.9661354196154315,0.42455154283873503
noisy,10,0,0.5,0,20,39,True,False,0.24629610077411446,1.1000000000000003,2.1847601952059525,0.46645734855963317
noisy,10,0,0.5,0,20,40,True,False,0.2545811397477489,1.0500000000000003,2.0994351425558304,0.4405466669657788
noisy,10,0,0.5,0,20,41,True,False,0.23445102885959335,1.0500000000000003,2.0999999999999996,0.43967564464983777
noisy,10,0,0.5,0,20,42,True,False,0.2574722439951487,1.0500000000000003,2.0198757850992872,0.4036567890073641
noisy,10,0,0.5,0,20,43,True,False,0.16853426187982623,0.9500000000000003,1.9000000000000004,0.43151825847922637
noisy,10,0,0.5,0,20,44,True,False,0.2875754126908958,1.0500000000000003,2.03189463741636,0.45967080689489986
noisy,10,0,0.5,0,20,45,True,False,0.16318745039360172,0.9500000000000003,1.8999999999999986,0.41451796631443216
noisy,10,0,0.5,0,20,46,True,False,0.18424814426403846,0.9500000000000003,1.9000000000000012,0.440568126897866
noisy,10,0,0.5,0,20,47,True,False,0.25968929765683213,1.0000000000000002,1.9883053480938317,0.48588235573020194
noisy,10,0,0.5,0,20,48,True,False,0.16373199808972871,1.0000000000000002,1.9999999999999998,0.38003079241788484
noisy,10,0,0.5,0,20,49,True,False,0.28941574097859046,1.0500000000000003,2.0436493129526974,0.44346809485060673
noisy,10,0,0.5,0,20,50,True,False,0.19082019373729442,1.0000000000000002,1.9999999999999993,0.48932395015487995
kalman,10,0,0.5,0,20,1,True,False,0.2187533546069904,1.1000000000000003,2.148752867308078,0.3898653382923103
kalman,10,0,0.5,0,20,2,True,False,0.2428319603020972,1.1000000000000003,2.144812947207293,0.4422514432102094
kalman,10,0,0.5,0,20,3,True,False,0.19953184311727767,0.9500000000000003,1.899999999999999,0.43672444199890526
kalman,10,0,0.5,0,20,4,True,False,0.2193940344318166,0.9500000000000003,1.9000000000000001,0.3211325272823575
kalman,10,0,0.5,0,20,5,True,False,0.19158845496034638,1.0000000000000002,1.979489425267676,0.4723658259203412
kalman,10,0,0.5,0,20,6,True,False,0.2030088990271317,1.1000000000000003,1.9160940066010643,0.38810958004122104
kalman,10,0,0.5,0,20,7,True,False,0.18595993132372635,1.0000000000000002,1.9316905325093652,0.48067656792115415
kalman,10,0,0.5,0,20,8,True,False,0.1544462661575281,0.9500000000000003,1.9000000000000004,0.41178036616333513
kalman,10,0,0.5,0,20,9,True,False,0.20052440663764148,1.0000000000000002,1.9653546980132863,0.4168275160807387
kalman,10,0,0.5,0,20,10,True,False,0.23786426236162517,1.0000000000000002,2.0,0.3810341343267737
kalman,10,0,0.5,0,20,11,True,False,0.2677495734279818,1.0500000000000003,2.0371196698819194,0.4020878427907135
kalman,10,0,0.5,0,20,12,True,False,0.2626490753469457,1.0500000000000003,2.087873162605456,0.3403798999993917
kalman,10,0,0.5,0,20,13,True,False,0.22854742091882163,1.0500000000000003,2.057774538570397,0.307057518293589
kalman,10,0,0.5,0,20,14,True,False,0.2672619496577826,1.1000000000000003,2.1412013064969178,0.4390177584318216
kalman,10,0,0.5,0,20,15,True,False,0.19707309875295365,1.0000000000000002,1.9045490954354773,0.32819294156503753
kalman,10,0,0.5,0,20,16,True,False,0.2936705180634449,1.1000000000000003,2.0896451324177088,0.3403401890027798
kalman,10,0,0.5,0,20,17,True,False,0.2519008569026113,1.0000000000000002,1.9999999999999976,0.3975552757747528
kalman,10,0,0.5,0,20,18,True,False,0.19163442971499212,1.0500000000000003,2.100000000000001,0.33510653547377633
kalman,10,0,0.5,0,20,19,True,False,0.11704769974293905,0.9500000000000003,1.88656051768406,0.3980286100110713
kalman,10,0,0.5,0,20,20,True,False,0.14394963693015095,0.9500000000000003,1.9,0.4322228812554665
kalman,10,0,0.5,0,20,21,True,False,0.27187866335113986,1.0000000000000002,2.0,0.340564186643041
kalman,10,0,0.5,0,20,22,True,False,0.14614467405750764,1.0000000000000002,1.9636430088573344,0.4009225774386337
kalman,10,0,0.5,0,20,23,True,False,0.2581392277736292,1.0500000000000003,1.9245066002023479,0.40035301210075536
kalman,10,0,0.5,0,20,24,True,False,0.2167578067146867,0.9500000000000003,1.9000000000000006,0.35182564839797353
kalman,10,0,0.5,0,20,25,True,False,0.2199192921958366,1.0000000000000002,1.9999999999999998,0.3723202748065906
kalman,10,0,0.5,0,20,26,True,False,0.20690722145089935,1.0000000000000002,2.000000000000001,0.38405278631378953
kalman,10,0,0.5,0,20,27,True,False,0.2898903111654525,1.1500000000000004,2.194148997239866,0.3871708557871025
kalman,10,0,0.5,0,20,28,True,False,0.2839975867957152,1.0500000000000003,2.0999999999999996,0.4125478470924254
kalman,10,0,0.5,0,20,29,True,False,0.2909454251326784,1.0500000000000003,2.1,0.4098930569757482
kalman,10,0,0.5,0,20,30,True,False,0.2106189618343126,1.0000000000000002,1.9024595051235365,0.3691202725699794
kalman,10,0,0.5,0,20,31,True,False,0.2345658841512508,1.2000000000000004,2.3073277282511473,0.42732125675161736
kalman,10,0,0.5,0,20,32,True,False,0.240191862167618,1.0000000000000002,2.000000000000001,0.3297208555591531
kalman,10,0,0.5,0,20,33,True,False,0.17951720178881958,0.9500000000000003,1.900000000000001,0.3264412249695618
kalman,10,0,0.5,0,20,34,True,False,0.21207454897289924,1.0000000000000002,1.9480592271000974,0.38013491372683766
kalman,10,0,0.5,0,20,35,True,False,0.11849663299132329,1.0000000000000002,1.9502334558083096,0.4148044779639463
kalman,10,0,0.5,0,20,36,True,False,0.24084242096068342,1.0000000000000002,1.9598318218641628,0.4407968480701189
kalman,10,0,0.5,0,20,37,True,False,0.19838139739439442,0.9500000000000003,1.8999999999999995,0.3336490015803384
kalman,10,0,0.5,0,20,38,True,False,0.17647169055557166,1.0000000000000002,1.909315612842336,0.3563395410945237
kalman,10,0,0.5,0,20,39,True,False,0.3028148746629329,1.0500000000000003,2.075346506059129,0.3962956331914137
kalman,10,0,0.5,0,20,40,True,False,0.28856745774318426,1.0500000000000003,2.1,0.3718370429482042
kalman,10,0,0.5,0,20,41,True,False,0.2700161988234815,1.0500000000000003,2.0999999999999974,0.40793196397001175
kalman,10,0,0.5,0,20,42,True,False,0.3127992507179951,1.0500000000000003,2.1,0.36641089315840175
kalman,10,0,0.5,0,20,43,True,False,0.22939729849471524,1.0000000000000002,1.9999999999999998,0.37280591778174854
kalman,10,0,0.5,0,20,44,True,False,0.3069045181375032,1.0500000000000003,2.099999999999999,0.3980643138096871
kalman,10,0,0.5,0,20,45,True,False,0.17698808141911404,0.9500000000000003,1.9000000000000001,0.38272234176868014
kalman,10,0,0.5,0,20,46,True,False,0.27699143071437904,1.0000000000000002,1.9999999999999987,0.35920922429337193
kalman,10,0,0.5,0,20,47,True,False,0.29631693141734194,1.0500000000000003,2.1,0.43874164354636525
kalman,10,0,0.5,0,20,48,True,False,0.2373825972281043,1.0500000000000003,2.1000000000000014,0.30630489785574033
kalman,10,0,0.5,0,20,49,True,False,0.32444152297245,1.1000000000000003,2.1403119398839476,0.3738948313715115
kalman,10,0,0.5,0,20,50,True,False,0.18299404818630682,1.0500000000000003,2.1000000000000005,0.4308242035257448
