mode,pixel_noise_std,blur_kernel_size,occlusion_percentage,latency_ms,camera_fps,rng_seed,goal_reached,collision,minimum_clearance,convergence_time,path_length,localization_rmse
ground_truth,0,0,0.0,0,20,1,True,False,0.0932591781715284,0.9500000000000003,1.9,
ground_truth,0,0,0.0,0,20,2,True,False,0.0932591781715284,0.9500000000000003,1.9,
ground_truth,0,0,0.0,0,20,3,True,False,0.0932591781715284,0.9500000000000003,1.9,
ground_truth,0,0,0.0,0,20,4,True,False,0.0932591781715284,0.9500000000000003,1.9,
ground_truth,0,0,0.0,0,20,5,True,False,0.0932591781715284,0.9500000000000003,1.9,
ground_truth,0,0,0.0,0,20,6,True,False,0.0932591781715284,0.9500000000000003,1.9,
ground_truth,0,0,0.0,0,20,7,True,False,0.0932591781715284,0.9500000000000003,1.9,
ground_truth,0,0,0.0,0,20,8,True,False,0.0932591781715284,0.9500000000000003,1.9,
ground_truth,0,0,0.0,0,20,9,True,False,0.0932591781715284,0.9500000000000003,1.9,
ground_truth,0,0,0.0,0,20,10,True,False,0.0932591781715284,0.9500000000000003,1.9,
ground_truth,0,0,0.0,0,20,11,True,False,0.0932591781715284,0.9500000000000003,1.9,
ground_truth,0,0,0.0,0,20,12,True,False,0.0932591781715284,0.9500000000000003,1.9,
ground_truth,0,0,0.0,0,20,13,True,False,0.0932591781715284,0.9500000000000003,1.9,
ground_truth,0,0,0.0,0,20,14,True,False,0.0932591781715284,0.9500000000000003,1.9,
ground_truth,0,0,0.0,0,20,15,True,False,0.0932591781715284,0.9500000000000003,1.9,
ground_truth,0,0,0.0,0,20,16,True,False,0.0932591781715284,0.9500000000000003,1.9,
ground_truth,0,0,0.0,0,20,17,True,False,0.0932591781715284,0.9500000000000003,1.9,
ground_truth,0,0,0.0,0,20,18,True,False,0.0932591781715284,0.9500000000000003,1.9,
ground_truth,0,0,0.0,0,20,19,True,False,0.0932591781715284,0.9500000000000003,1.9,
ground_truth,0,0,0.0,0,20,20,True,False,0.0932591781715284,0.9500000000000003,1.9,
ground_truth,0,0,0.0,0,20,21,True,False,0.0932591781715284,0.9500000000000003,1.9,
ground_truth,0,0,0.0,0,20,22,True,False,0.0932591781715284,0.9500000000000003,1.9,
ground_truth,0,0,0.0,0,20,23,True,False,0.0932591781715284,0.9500000000000003,1.9,
ground_truth,0,0,0.0,0,20,24,True,False,0.0932591781715284,0.9500000000000003,1.9,
ground_truth,0,0,0.0,0,20,25,True,False,0.0932591781715284,0.9500000000000003,1.9,
ground_truth,0,0,0.0,0,20,26,True,False,0.0932591781715284,0.9500000000000003,1.9,
ground_truth,0,0,0.0,0,20,27,True,False,0.0932591781715284,0.9500000000000003,1.9,
ground_truth,0,0,0.0,0,20,28,True,False,0.0932591781715284,0.9500000000000003,1.9,
ground_truth,0,0,0.0,0,20,29,True,False,0.0932591781715284,0.9500000000000003,1.9,
ground_truth,0,0,0.0,0,20,30,True,False,0.0932591781715284,0.9500000000000003,1.9,
ground_truth,0,0,0.0,0,20,31,True,False,0.0932591781715284,0.9500000000000003,1.9,
ground_truth,0,0,0.0,0,20,32,True,False,0.0932591781715284,0.9500000000000003,1.9,
ground_truth,0,0,0.0,0,20,33,True,False,0.0932591781715284,0.9500000000000003,1.9,
ground_truth,0,0,0.0,0,20,34,True,False,0.0932591781715284,0.9500000000000003,1.9,
ground_truth,0,0,0.0,0,20,35,True,False,0.0932591781715284,0.9500000000000003,1.9,
ground_truth,0,0,0.0,0,20,36,True,False,0.0932591781715284,0.9500000000000003,1.9,
ground_truth,0,0,0.0,0,20,37,True,False,0.0932591781715284,0.9500000000000003,1.9,
ground_truth,0,0,0.0,0,20,38,True,False,0.0932591781715284,0.9500000000000003,1.9,
ground_truth,0,0,0.0,0,20,39,True,False,0.0932591781715284,0.9500000000000003,1.9,
ground_truth,0,0,0.0,0,20,40,True,False,0.0932591781715284,0.9500000000000003,1.9,
ground_truth,0,0,0.0,0,20,41,True,False,0.0932591781715284,0.9500000000000003,1.9,
ground_truth,0,0,0.0,0,20,42,True,False,0.0932591781715284,0.9500000000000003,1.9,
ground_truth,0,0,0.0,0,20,43,True,False,0.0932591781715284,0.9500000000000003,1.9,
ground_truth,0,0,0.0,0,20,44,True,False,0.0932591781715284,0.9500000000000003,1.9,
ground_truth,0,0,0.0,0,20,45,True,False,0.0932591781715284,0.9500000000000003,1.9,
ground_truth,0,0,0.0,0,20,46,True,False,0.0932591781715284,0.9500000000000003,1.9,
ground_truth,0,0,0.0,0,20,47,True,False,0.0932591781715284,0.9500000000000003,1.9,
ground_truth,0,0,0.0,0,20,48,True,False,0.0932591781715284,0.9500000000000003,1.9,
ground_truth,0,0,0.0,0,20,49,True,False,0.0932591781715284,0.9500000000000003,1.9,
ground_truth,0,0,0.0,0,20,50,True,False,0.0932591781715284,0.9500000000000003,1.9,
ground_truth,0,0,0.0,0,20,51,True,False,0.0932591781715284,0.9500000000000003,1.9,
ground_truth,0,0,0.0,0,20,52,True,False,0.0932591781715284,0.9500000000000003,1.9,
ground_truth,0,0,0.0,0,20,53,True,False,0.0932591781715284,0.9500000000000003,1.9,
ground_truth,0,0,0.0,0,20,54,True,False,0.0932591781715284,0.9500000000000003,1.9,
ground_truth,0,0,0.0,0,20,55,True,False,0.0932591781715284,0.9500000000000003,1.9,
ground_truth,0,0,0.0,0,20,56,True,False,0.0932591781715284,0.9500000000000003,1.9,
ground_truth,0,0,0.0,0,20,57,True,False,0.0932591781715284,0.9500000000000003,1.9,
ground_truth,0,0,0.0,0,20,58,True,False,0.0932591781715284,0.9500000000000003,1.9,
ground_truth,0,0,0.0,0,20,59,True,False,0.0932591781715284,0.9500000000000003,1.9,
ground_truth,0,0,0.0,0,20,60,True,False,0.0932591781715284,0.9500000000000003,1.9,
ground_truth,0,0,0.0,0,20,61,True,False,0.0932591781715284,0.9500000000000003,1.9,
ground_truth,0,0,0.0,0,20,62,True,False,0.0932591781715284,0.9500000000000003,1.9,
ground_truth,0,0,0.0,0,20,63,True,False,0.0932591781715284,0.9500000000000003,1.9,
ground_truth,0,0,0.0,0,20,64,True,False,0.0932591781715284,0.9500000000000003,1.9,
ground_truth,0,0,0.0,0,20,65,True,False,0.0932591781715284,0.9500000000000003,1.9,
ground_truth,0,0,0.0,0,20,66,True,False,0.0932591781715284,0.9500000000000003,1.9,
ground_truth,0,0,0.0,0,20,67,True,False,0.0932591781715284,0.9500000000000003,1.9,
ground_truth,0,0,0.0,0,20,68,True,False,0.0932591781715284,0.9500000000000003,1.9,
ground_truth,0,0,0.0,0,20,69,True,False,0.0932591781715284,0.9500000000000003,1.9,
ground_truth,0,0,0.0,0,20,70,True,False,0.0932591781715284,0.9500000000000003,1.9,
ground_truth,0,0,0.0,0,20,71,True,False,0.0932591781715284,0.9500000000000003,1.9,
ground_truth,0,0,0.0,0,20,72,True,False,0.0932591781715284,0.9500000000000003,1.9,
ground_truth,0,0,0.0,0,20,73,True,False,0.0932591781715284,0.9500000000000003,1.9,
ground_truth,0,0,0.0,0,20,74,True,False,0.0932591781715284,0.9500000000000003,1.9,
ground_truth,0,0,0.0,0,20,75,True,False,0.0932591781715284,0.9500000000000003,1.9,
ground_truth,0,0,0.0,0,20,76,True,False,0.0932591781715284,0.9500000000000003,1.9,
ground_truth,0,0,0.0,0,20,77,True,False,0.0932591781715284,0.9500000000000003,1.9,
ground_truth,0,0,0.0,0,20,78,True,False,0.0932591781715284,0.9500000000000003,1.9,
ground_truth,0,0,0.0,0,20,79,True,False,0.0932591781715284,0.9500000000000003,1.9,
ground_truth,0,0,0.0,0,20,80,True,False,0.0932591781715284,0.9500000000000003,1.9,
ground_truth,0,0,0.0,0,20,81,True,False,0.0932591781715284,0.9500000000000003,1.9,
ground_truth,0,0,0.0,0,20,82,True,False,0.0932591781715284,0.9500000000000003,1.9,
ground_truth,0,0,0.0,0,20,83,True,False,0.0932591781715284,0.9500000000000003,1.9,
ground_truth,0,0,0.0,0,20,84,True,False,0.0932591781715284,0.9500000000000003,1.9,
ground_truth,0,0,0.0,0,20,85,True,False,0.0932591781715284,0.9500000000000003,1.9,
ground_truth,0,0,0.0,0,20,86,True,False,0.0932591781715284,0.9500000000000003,1.9,
ground_truth,0,0,0.0,0,20,87,True,False,0.0932591781715284,0.9500000000000003,1.9,
ground_truth,0,0,0.0,0,20,88,True,False,0.0932591781715284,0.9500000000000003,1.9,
ground_truth,0,0,0.0,0,20,89,True,False,0.0932591781715284,0.9500000000000003,1.9,
ground_truth,0,0,0.0,0,20,90,True,False,0.0932591781715284,0.9500000000000003,1.9,
ground_truth,0,0,0.0,0,20,91,True,False,0.0932591781715284,0.9500000000000003,1.9,
ground_truth,0,0,0.0,0,20,92,True,False,0.0932591781715284,0.9500000000000003,1.9,
ground_truth,0,0,0.0,0,20,93,True,False,0.0932591781715284,0.9500000000000003,1.9,
ground_truth,0,0,0.0,0,20,94,True,False,0.0932591781715284,0.9500000000000003,1.9,
ground_truth,0,0,0.0,0,20,95,True,False,0.0932591781715284,0.9500000000000003,1.9,
ground_truth,0,0,0.0,0,20,96,True,False,0.0932591781715284,0.9500000000000003,1.9,
ground_truth,0,0,0.0,0,20,97,True,False,0.0932591781715284,0.9500000000000003,1.9,
ground_truth,0,0,0.0,0,20,98,True,False,0.0932591781715284,0.9500000000000003,1.9,
ground_truth,0,0,0.0,0,20,99,True,False,0.0932591781715284,0.9500000000000003,1.9,
ground_truth,0,0,0.0,0,20,100,True,False,0.0932591781715284,0.9500000000000003,1.9,
noisy,0,0,0.0,0,20,1,True,False,0.09326063756103387,0.9500000000000003,1.899999999999999,0.0
noisy,0,0,0.0,0,20,2,True,False,0.09326063756103387,0.9500000000000003,1.899999999999999,0.0
noisy,0,0,0.0,0,20,3,True,False,0.09326063756103387,0.9500000000000003,1.899999999999999,0.0
noisy,0,0,0.0,0,20,4,True,False,0.09326063756103387,0.9500000000000003,1.899999999999999,0.0
noisy,0,0,0.0,0,20,5,True,False,0.09326063756103387,0.9500000000000003,1.899999999999999,0.0
noisy,0,0,0.0,0,20,6,True,False,0.09326063756103387,0.9500000000000003,1.899999999999999,0.0
noisy,0,0,0.0,0,20,7,True,False,0.09326063756103387,0.9500000000000003,1.899999999999999,0.0
noisy,0,0,0.0,0,20,8,True,False,0.09326063756103387,0.9500000000000003,1.899999999999999,0.0
noisy,0,0,0.0,0,20,9,True,False,0.09326063756103387,0.9500000000000003,1.899999999999999,0.0
noisy,0,0,0.0,0,20,10,True,False,0.09326063756103387,0.9500000000000003,1.899999999999999,0.0
noisy,0,0,0.0,0,20,11,True,False,0.09326063756103387,0.9500000000000003,1.899999999999999,0.0
noisy,0,0,0.0,0,20,12,True,False,0.09326063756103387,0.9500000000000003,1.899999999999999,0.0
noisy,0,0,0.0,0,20,13,True,False,0.09326063756103387,0.9500000000000003,1.899999999999999,0.0
noisy,0,0,0.0,0,20,14,True,False,0.09326063756103387,0.9500000000000003,1.899999999999999,0.0
noisy,0,0,0.0,0,20,15,True,False,0.09326063756103387,0.9500000000000003,1.899999999999999,0.0
noisy,0,0,0.0,0,20,16,True,False,0.09326063756103387,0.9500000000000003,1.899999999999999,0.0
noisy,0,0,0.0,0,20,17,True,False,0.09326063756103387,0.9500000000000003,1.899999999999999,0.0
noisy,0,0,0.0,0,20,18,True,False,0.09326063756103387,0.9500000000000003,1.899999999999999,0.0
noisy,0,0,0.0,0,20,19,True,False,0.09326063756103387,0.9500000000000003,1.899999999999999,0.0
noisy,0,0,0.0,0,20,20,True,False,0.09326063756103387,0.9500000000000003,1.899999999999999,0.0
noisy,0,0,0.0,0,20,21,True,False,0.09326063756103387,0.9500000000000003,1.899999999999999,0.0
noisy,0,0,0.0,0,20,22,True,False,0.09326063756103387,0.9500000000000003,1.899999999999999,0.0
noisy,0,0,0.0,0,20,23,True,False,0.09326063756103387,0.9500000000000003,1.899999999999999,0.0
noisy,0,0,0.0,0,20,24,True,False,0.09326063756103387,0.9500000000000003,1.899999999999999,0.0
noisy,0,0,0.0,0,20,25,True,False,0.09326063756103387,0.9500000000000003,1.899999999999999,0.0
noisy,0,0,0.0,0,20,26,True,False,0.09326063756103387,0.9500000000000003,1.899999999999999,0.0
noisy,0,0,0.0,0,20,27,True,False,0.09326063756103387,0.9500000000000003,1.899999999999999,0.0
noisy,0,0,0.0,0,20,28,True,False,0.09326063756103387,0.9500000000000003,1.899999999999999,0.0
noisy,0,0,0.0,0,20,29,True,False,0.09326063756103387,0.9500000000000003,1.899999999999999,0.0
noisy,0,0,0.0,0,20,30,True,False,0.09326063756103387,0.9500000000000003,1.899999999999999,0.0
noisy,0,0,0.0,0,20,31,True,False,0.09326063756103387,0.9500000000000003,1.899999999999999,0.0
noisy,0,0,0.0,0,20,32,True,False,0.09326063756103387,0.9500000000000003,1.899999999999999,0.0
noisy,0,0,0.0,0,20,33,True,False,0.09326063756103387,0.9500000000000003,1.899999999999999,0.0
noisy,0,0,0.0,0,20,34,True,False,0.09326063756103387,0.9500000000000003,1.899999999999999,0.0
noisy,0,0,0.0,0,20,35,True,False,0.09326063756103387,0.9500000000000003,1.899999999999999,0.0
noisy,0,0,0.0,0,20,36,True,False,0.09326063756103387,0.9500000000000003,1.899999999999999,0.0
noisy,0,0,0.0,0,20,37,True,False,0.09326063756103387,0.9500000000000003,1.899999999999999,0.0
noisy,0,0,0.0,0,20,38,True,False,0.09326063756103387,0.9500000000000003,1.899999999999999,0.0
noisy,0,0,0.0,0,20,39,True,False,0.09326063756103387,0.9500000000000003,1.899999999999999,0.0
noisy,0,0,0.0,0,20,40,True,False,0.09326063756103387,0.9500000000000003,1.899999999999999,0.0
noisy,0,0,0.0,0,20,41,True,False,0.09326063756103387,0.9500000000000003,1.899999999999999,0.0
noisy,0,0,0.0,0,20,42,True,False,0.09326063756103387,0.9500000000000003,1.899999999999999,0.0
noisy,0,0,0.0,0,20,43,True,False,0.09326063756103387,0.9500000000000003,1.899999999999999,0.0
noisy,0,0,0.0,0,20,44,True,False,0.09326063756103387,0.9500000000000003,1.899999999999999,0.0
noisy,0,0,0.0,0,20,45,True,False,0.09326063756103387,0.9500000000000003,1.899999999999999,0.0
noisy,0,0,0.0,0,20,46,True,False,0.09326063756103387,0.9500000000000003,1.899999999999999,0.0
noisy,0,0,0.0,0,20,47,True,False,0.09326063756103387,0.9500000000000003,1.899999999999999,0.0
noisy,0,0,0.0,0,20,48,True,False,0.09326063756103387,0.9500000000000003,1.899999999999999,0.0
noisy,0,0,0.0,0,20,49,True,False,0.09326063756103387,0.9500000000000003,1.899999999999999,0.0
noisy,0,0,0.0,0,20,50,True,False,0.09326063756103387,0.9500000000000003,1.899999999999999,0.0
noisy,0,0,0.0,0,20,51,True,False,0.09326063756103387,0.9500000000000003,1.899999999999999,0.0
noisy,0,0,0.0,0,20,52,True,False,0.09326063756103387,0.9500000000000003,1.899999999999999,0.0
noisy,0,0,0.0,0,20,53,True,False,0.09326063756103387,0.9500000000000003,1.899999999999999,0.0
noisy,0,0,0.0,0,20,54,True,False,0.09326063756103387,0.9500000000000003,1.899999999999999,0.0
noisy,0,0,0.0,0,20,55,True,False,0.09326063756103387,0.9500000000000003,1.899999999999999,0.0
noisy,0,0,0.0,0,20,56,True,False,0.09326063756103387,0.9500000000000003,1.899999999999999,0.0
noisy,0,0,0.0,0,20,57,True,False,0.09326063756103387,0.9500000000000003,1.899999999999999,0.0
noisy,0,0,0.0,0,20,58,True,False,0.09326063756103387,0.9500000000000003,1.899999999999999,0.0
noisy,0,0,0.0,0,20,59,True,False,0.09326063756103387,0.9500000000000003,1.899999999999999,0.0
noisy,0,0,0.0,0,20,60,True,False,0.09326063756103387,0.9500000000000003,1.899999999999999,0.0
noisy,0,0,0.0,0,20,61,True,False,0.09326063756103387,0.9500000000000003,1.899999999999999,0.0
noisy,0,0,0.0,0,20,62,True,False,0.09326063756103387,0.9500000000000003,1.899999999999999,0.0
noisy,0,0,0.0,0,20,63,True,False,0.09326063756103387,0.9500000000000003,1.899999999999999,0.0
noisy,0,0,0.0,0,20,64,True,False,0.09326063756103387,0.9500000000000003,1.899999999999999,0.0
noisy,0,0,0.0,0,20,65,True,False,0.09326063756103387,0.9500000000000003,1.899999999999999,0.0
noisy,0,0,0.0,0,20,66,True,False,0.09326063756103387,0.9500000000000003,1.899999999999999,0.0
noisy,0,0,0.0,0,20,67,True,False,0.09326063756103387,0.9500000000000003,1.899999999999999,0.0
noisy,0,0,0.0,0,20,68,True,False,0.09326063756103387,0.9500000000000003,1.899999999999999,0.0
noisy,0,0,0.0,0,20,69,True,False,0.09326063756103387,0.9500000000000003,1.899999999999999,0.0
noisy,0,0,0.0,0,20,70,True,False,0.09326063756103387,0.9500000000000003,1.899999999999999,0.0
noisy,0,0,0.0,0,20,71,True,False,0.09326063756103387,0.9500000000000003,1.899999999999999,0.0
noisy,0,0,0.0,0,20,72,True,False,0.09326063756103387,0.9500000000000003,1.899999999999999,0.0
noisy,0,0,0.0,0,20,73,True,False,0.09326063756103387,0.9500000000000003,1.899999999999999,0.0
noisy,0,0,0.0,0,20,74,True,False,0.09326063756103387,0.9500000000000003,1.899999999999999,0.0
noisy,0,0,0.0,0,20,75,True,False,0.09326063756103387,0.9500000000000003,1.899999999999999,0.0
noisy,0,0,0.0,0,20,76,True,False,0.09326063756103387,0.9500000000000003,1.899999999999999,0.0
noisy,0,0,0.0,0,20,77,True,False,0.09326063756103387,0.9500000000000003,1.899999999999999,0.0
noisy,0,0,0.0,0,20,78,True,False,0.09326063756103387,0.9500000000000003,1.899999999999999,0.0
noisy,0,0,0.0,0,20,79,True,False,0.09326063756103387,0.9500000000000003,1.899999999999999,0.0
noisy,0,0,0.0,0,20,80,True,False,0.09326063756103387,0.9500000000000003,1.899999999999999,0.0
noisy,0,0,0.0,0,20,81,True,False,0.09326063756103387,0.9500000000000003,1.899999999999999,0.0
noisy,0,0,0.0,0,20,82,True,False,0.09326063756103387,0.9500000000000003,1.899999999999999,0.0
noisy,0,0,0.0,0,20,83,True,False,0.09326063756103387,0.9500000000000003,1.899999999999999,0.0
noisy,0,0,0.0,0,20,84,True,False,0.09326063756103387,0.9500000000000003,1.899999999999999,0.0
noisy,0,0,0.0,0,20,85,True,False,0.09326063756103387,0.9500000000000003,1.899999999999999,0.0
noisy,0,0,0.0,0,20,86,True,False,0.09326063756103387,0.9500000000000003,1.899999999999999,0.0
noisy,0,0,0.0,0,20,87,True,False,0.09326063756103387,0.9500000000000003,1.899999999999999,0.0
noisy,0,0,0.0,0,20,88,True,False,0.09326063756103387,0.9500000000000003,1.899999999999999,0.0
noisy,0,0,0.0,0,20,89,True,False,0.09326063756103387,0.9500000000000003,1.899999999999999,0.0
noisy,0,0,0.0,0,20,90,True,False,0.09326063756103387,0.9500000000000003,1.899999999999999,0.0
noisy,0,0,0.0,0,20,91,True,False,0.09326063756103387,0.9500000000000003,1.899999999999999,0.0
noisy,0,0,0.0,0,20,92,True,False,0.09326063756103387,0.9500000000000003,1.899999999999999,0.0
noisy,0,0,0.0,0,20,93,True,False,0.09326063756103387,0.9500000000000003,1.899999999999999,0.0
noisy,0,0,0.0,0,20,94,True,False,0.09326063756103387,0.9500000000000003,1.899999999999999,0.0
noisy,0,0,0.0,0,20,95,True,False,0.09326063756103387,0.9500000000000003,1.899999999999999,0.0
noisy,0,0,0.0,0,20,96,True,False,0.09326063756103387,0.9500000000000003,1.899999999999999,0.0
noisy,0,0,0.0,0,20,97,True,False,0.09326063756103387,0.9500000000000003,1.899999999999999,0.0
noisy,0,0,0.0,0,20,98,True,False,0.09326063756103387,0.9500000000000003,1.899999999999999,0.0
noisy,0,0,0.0,0,20,99,True,False,0.09326063756103387,0.9500000000000003,1.899999999999999,0.0
noisy,0,0,0.0,0,20,100,True,False,0.09326063756103387,0.9500000000000003,1.899999999999999,0.0
kalman,0,0,0.0,0,20,1,True,False,0.09286997140066733,0.9500000000000003,1.8999999999999997,0.011883217184072328
kalman,0,0,0.0,0,20,2,True,False,0.09286997140066733,0.9500000000000003,1.8999999999999997,0.011883217184072328
kalman,0,0,0.0,0,20,3,True,False,0.09286997140066733,0.9500000000000003,1.8999999999999997,0.011883217184072328
kalman,0,0,0.0,0,20,4,True,False,0.09286997140066733,0.9500000000000003,1.8999999999999997,0.011883217184072328
kalman,0,0,0.0,0,20,5,True,False,0.09286997140066733,0.9500000000000003,1.8999999999999997,0.011883217184072328
kalman,0,0,0.0,0,20,6,True,False,0.09286997140066733,0.9500000000000003,1.8999999999999997,0.011883217184072328
kalman,0,0,0.0,0,20,7,True,False,0.09286997140066733,0.9500000000000003,1.8999999999999997,0.011883217184072328
kalman,0,0,0.0,0,20,8,True,False,0.09286997140066733,0.9500000000000003,1.8999999999999997,0.011883217184072328
kalman,0,0,0.0,0,20,9,True,False,0.09286997140066733,0.9500000000000003,1.8999999999999997,0.011883217184072328
kalman,0,0,0.0,0,20,10,True,False,0.09286997140066733,0.9500000000000003,1.8999999999999997,0.011883217184072328
kalman,0,0,0.0,0,20,11,True,False,0.09286997140066733,0.9500000000000003,1.8999999999999997,0.011883217184072328
kalman,0,0,0.0,0,20,12,True,False,0.09286997140066733,0.9500000000000003,1.8999999999999997,0.011883217184072328
kalman,0,0,0.0,0,20,13,True,False,0.09286997140066733,0.9500000000000003,1.8999999999999997,0.011883217184072328
kalman,0,0,0.0,0,20,14,True,False,0.09286997140066733,0.9500000000000003,1.8999999999999997,0.011883217184072328
kalman,0,0,0.0,0,20,15,True,False,0.09286997140066733,0.9500000000000003,1.8999999999999997,0.011883217184072328
kalman,0,0,0.0,0,20,16,True,False,0.09286997140066733,0.9500000000000003,1.8999999999999997,0.011883217184072328
kalman,0,0,0.0,0,20,17,True,False,0.09286997140066733,0.9500000000000003,1.8999999999999997,0.011883217184072328
kalman,0,0,0.0,0,20,18,True,False,0.09286997140066733,0.9500000000000003,1.8999999999999997,0.011883217184072328
kalman,0,0,0.0,0,20,19,True,False,0.09286997140066733,0.9500000000000003,1.8999999999999997,0.011883217184072328
kalman,0,0,0.0,0,20,20,True,False,0.09286997140066733,0.9500000000000003,1.8999999999999997,0.011883217184072328
kalman,0,0,0.0,0,20,21,True,False,0.09286997140066733,0.9500000000000003,1.8999999999999997,0.011883217184072328
kalman,0,0,0.0,0,20,22,True,False,0.09286997140066733,0.9500000000000003,1.8999999999999997,0.011883217184072328
kalman,0,0,0.0,0,20,23,True,False,0.09286997140066733,0.9500000000000003,1.8999999999999997,0.011883217184072328
kalman,0,0,0.0,0,20,24,True,False,0.09286997140066733,0.9500000000000003,1.8999999999999997,0.011883217184072328
kalman,0,0,0.0,0,20,25,True,False,0.09286997140066733,0.9500000000000003,1.8999999999999997,0.011883217184072328
kalman,0,0,0.0,0,20,26,True,False,0.09286997140066733,0.9500000000000003,1.8999999999999997,0.011883217184072328
kalman,0,0,0.0,0,20,27,True,False,0.09286997140066733,0.9500000000000003,1.8999999999999997,0.011883217184072328
kalman,0,0,0.0,0,20,28,True,False,0.09286997140066733,0.9500000000000003,1.8999999999999997,0.011883217184072328
kalman,0,0,0.0,0,20,29,True,False,0.09286997140066733,0.9500000000000003,1.8999999999999997,0.011883217184072328
kalman,0,0,0.0,0,20,30,True,False,0.09286997140066733,0.9500000000000003,1.8999999999999997,0.011883217184072328
kalman,0,0,0.0,0,20,31,True,False,0.09286997140066733,0.9500000000000003,1.8999999999999997,0.011883217184072328
kalman,0,0,0.0,0,20,32,True,False,0.09286997140066733,0.9500000000000003,1.8999999999999997,0.011883217184072328
kalman,0,0,0.0,0,20,33,True,False,0.09286997140066733,0.9500000000000003,1.8999999999999997,0.011883217184072328
kalman,0,0,0.0,0,20,34,True,False,0.09286997140066733,0.9500000000000003,1.8999999999999997,0.011883217184072328
kalman,0,0,0.0,0,20,35,True,False,0.09286997140066733,0.9500000000000003,1.8999999999999997,0.011883217184072328
kalman,0,0,0.0,0,20,36,True,False,0.09286997140066733,0.9500000000000003,1.8999999999999997,0.011883217184072328
kalman,0,0,0.0,0,20,37,True,False,0.09286997140066733,0.9500000000000003,1.8999999999999997,0.011883217184072328
kalman,0,0,0.0,0,20,38,True,False,0.09286997140066733,0.9500000000000003,1.8999999999999997,0.011883217184072328
kalman,0,0,0.0,0,20,39,True,False,0.09286997140066733,0.9500000000000003,1.8999999999999997,0.011883217184072328
kalman,0,0,0.0,0,20,40,True,False,0.09286997140066733,0.9500000000000003,1.8999999999999997,0.011883217184072328
kalman,0,0,0.0,0,20,41,True,False,0.09286997140066733,0.9500000000000003,1.8999999999999997,0.011883217184072328
kalman,0,0,0.0,0,20,42,True,False,0.09286997140066733,0.9500000000000003,1.8999999999999997,0.011883217184072328
kalman,0,0,0.0,0,20,43,True,False,0.09286997140066733,0.9500000000000003,1.8999999999999997,0.011883217184072328
kalman,0,0,0.0,0,20,44,True,False,0.09286997140066733,0.9500000000000003,1.8999999999999997,0.011883217184072328
kalman,0,0,0.0,0,20,45,True,False,0.09286997140066733,0.9500000000000003,1.8999999999999997,0.011883217184072328
kalman,0,0,0.0,0,20,46,True,False,0.09286997140066733,0.9500000000000003,1.8999999999999997,0.011883217184072328
kalman,0,0,0.0,0,20,47,True,False,0.09286997140066733,0.9500000000000003,1.8999999999999997,0.011883217184072328
kalman,0,0,0.0,0,20,48,True,False,0.09286997140066733,0.9500000000000003,1.8999999999999997,0.011883217184072328
kalman,0,0,0.0,0,20,49,True,False,0.09286997140066733,0.9500000000000003,1.8999999999999997,0.011883217184072328
kalman,0,0,0.0,0,20,50,True,False,0.09286997140066733,0.9500000000000003,1.8999999999999997,0.011883217184072328
kalman,0,0,0.0,0,20,51,True,False,0.09286997140066733,0.9500000000000003,1.8999999999999997,0.011883217184072328
kalman,0,0,0.0,0,20,52,True,False,0.09286997140066733,0.9500000000000003,1.8999999999999997,0.011883217184072328
kalman,0,0,0.0,0,20,53,True,False,0.09286997140066733,0.9500000000000003,1.8999999999999997,0.011883217184072328
kalman,0,0,0.0,0,20,54,True,False,0.09286997140066733,0.9500000000000003,1.8999999999999997,0.011883217184072328
kalman,0,0,0.0,0,20,55,True,False,0.09286997140066733,0.9500000000000003,1.8999999999999997,0.011883217184072328
kalman,0,0,0.0,0,20,56,True,False,0.09286997140066733,0.9500000000000003,1.8999999999999997,0.011883217184072328
kalman,0,0,0.0,0,20,57,True,False,0.09286997140066733,0.9500000000000003,1.8999999999999997,0.011883217184072328
kalman,0,0,0.0,0,20,58,True,False,0.09286997140066733,0.9500000000000003,1.8999999999999997,0.011883217184072328
kalman,0,0,0.0,0,20,59,True,False,0.09286997140066733,0.9500000000000003,1.8999999999999997,0.011883217184072328
kalman,0,0,0.0,0,20,60,True,False,0.09286997140066733,0.9500000000000003,1.8999999999999997,0.011883217184072328
kalman,0,0,0.0,0,20,61,True,False,0.09286997140066733,0.9500000000000003,1.8999999999999997,0.011883217184072328
kalman,0,0,0.0,0,20,62,True,False,0.09286997140066733,0.9500000000000003,1.8999999999999997,0.011883217184072328
kalman,0,0,0.0,0,20,63,True,False,0.09286997140066733,0.9500000000000003,1.8999999999999997,0.011883217184072328
kalman,0,0,0.0,0,20,64,True,False,0.09286997140066733,0.9500000000000003,1.8999999999999997,0.011883217184072328
kalman,0,0,0.0,0,20,65,True,False,0.09286997140066733,0.9500000000000003,1.8999999999999997,0.011883217184072328
kalman,0,0,0.0,0,20,66,True,False,0.09286997140066733,0.9500000000000003,1.8999999999999997,0.011883217184072328
kalman,0,0,0.0,0,20,67,True,False,0.09286997140066733,0.9500000000000003,1.8999999999999997,0.011883217184072328
kalman,0,0,0.0,0,20,68,True,False,0.09286997140066733,0.9500000000000003,1.8999999999999997,0.011883217184072328
kalman,0,0,0.0,0,20,69,True,False,0.09286997140066733,0.9500000000000003,1.8999999999999997,0.011883217184072328
kalman,0,0,0.0,0,20,70,True,False,0.09286997140066733,0.9500000000000003,1.8999999999999997,0.011883217184072328
kalman,0,0,0.0,0,20,71,True,False,0.09286997140066733,0.9500000000000003,1.8999999999999997,0.011883217184072328
kalman,0,0,0.0,0,20,72,True,False,0.09286997140066733,0.9500000000000003,1.8999999999999997,0.011883217184072328
kalman,0,0,0.0,0,20,73,True,False,0.09286997140066733,0.9500000000000003,1.8999999999999997,0.011883217184072328
kalman,0,0,0.0,0,20,74,True,False,0.09286997140066733,0.9500000000000003,1.8999999999999997,0.011883217184072328
kalman,0,0,0.0,0,20,75,True,False,0.09286997140066733,0.9500000000000003,1.8999999999999997,0.011883217184072328
kalman,0,0,0.0,0,20,76,True,False,0.09286997140066733,0.9500000000000003,1.8999999999999997,0.011883217184072328
kalman,0,0,0.0,0,20,77,True,False,0.09286997140066733,0.9500000000000003,1.8999999999999997,0.011883217184072328
kalman,0,0,0.0,0,20,78,True,False,0.09286997140066733,0.9500000000000003,1.8999999999999997,0.011883217184072328
kalman,0,0,0.0,0,20,79,True,False,0.09286997140066733,0.9500000000000003,1.8999999999999997,0.011883217184072328
kalman,0,0,0.0,0,20,80,True,False,0.09286997140066733,0.9500000000000003,1.8999999999999997,0.011883217184072328
kalman,0,0,0.0,0,20,81,True,False,0.09286997140066733,0.9500000000000003,1.8999999999999997,0.011883217184072328
kalman,0,0,0.0,0,20,82,True,False,0.09286997140066733,0.9500000000000003,1.8999999999999997,0.011883217184072328
kalman,0,0,0.0,0,20,83,True,False,0.09286997140066733,0.9500000000000003,1.8999999999999997,0.011883217184072328
kalman,0,0,0.0,0,20,84,True,False,0.09286997140066733,0.9500000000000003,1.8999999999999997,0.011883217184072328
kalman,0,0,0.0,0,20,85,True,False,0.09286997140066733,0.9500000000000003,1.8999999999999997,0.011883217184072328
kalman,0,0,0.0,0,20,86,True,False,0.09286997140066733,0.9500000000000003,1.8999999999999997,0.011883217184072328
kalman,0,0,0.0,0,20,87,True,False,0.09286997140066733,0.9500000000000003,1.8999999999999997,0.011883217184072328
kalman,0,0,0.0,0,20,88,True,False,0.09286997140066733,0.9500000000000003,1.8999999999999997,0.011883217184072328
kalman,0,0,0.0,0,20,89,True,False,0.09286997140066733,0.9500000000000003,1.8999999999999997,0.011883217184072328
kalman,0,0,0.0,0,20,90,True,False,0.09286997140066733,0.9500000000000003,1.8999999999999997,0.011883217184072328
kalman,0,0,0.0,0,20,91,True,False,0.09286997140066733,0.9500000000000003,1.8999999999999997,0.011883217184072328
kalman,0,0,0.0,0,20,92,True,False,0.09286997140066733,0.9500000000000003,1.8999999999999997,0.011883217184072328
kalman,0,0,0.0,0,20,93,True,False,0.09286997140066733,0.9500000000000003,1.8999999999999997,0.011883217184072328
kalman,0,0,0.0,0,20,94,True,False,0.09286997140066733,0.9500000000000003,1.8999999999999997,0.011883217184072328
kalman,0,0,0.0,0,20,95,True,False,0.09286997140066733,0.9500000000000003,1.8999999999999997,0.011883217184072328
kalman,0,0,0.0,0,20,96,True,False,0.09286997140066733,0.9500000000000003,1.8999999999999997,0.011883217184072328
kalman,0,0,0.0,0,20,97,True,False,0.09286997140066733,0.9500000000000003,1.8999999999999997,0.011883217184072328
kalman,0,0,0.0,0,20,98,True,False,0.09286997140066733,0.9500000000000003,1.8999999999999997,0.011883217184072328
kalman,0,0,0.0,0,20,99,True,False,0.09286997140066733,0.9500000000000003,1.8999999999999997,0.011883217184072328
kalman,0,0,0.0,0,20,100,True,False,0.09286997140066733,0.9500000000000003,1.8999999999999997,0.011883217184072328
ground_truth,0,0,0.1,0,20,1,True,False,0.0932591781715284,0.9500000000000003,1.9,
ground_truth,0,0,0.1,0,20,2,True,False,0.0932591781715284,0.9500000000000003,1.9,
ground_truth,0,0,0.1,0,20,3,True,False,0.0932591781715284,0.9500000000000003,1.9,
ground_truth,0,0,0.1,0,20,4,True,False,0.0932591781715284,0.9500000000000003,1.9,
ground_truth,0,0,0.1,0,20,5,True,False,0.0932591781715284,0.9500000000000003,1.9,
ground_truth,0,0,0.1,0,20,6,True,False,0.0932591781715284,0.9500000000000003,1.9,
ground_truth,0,0,0.1,0,20,7,True,False,0.0932591781715284,0.9500000000000003,1.9,
ground_truth,0,0,0.1,0,20,8,True,False,0.0932591781715284,0.9500000000000003,1.9,
ground_truth,0,0,0.1,0,20,9,True,False,0.0932591781715284,0.9500000000000003,1.9,
ground_truth,0,0,0.1,0,20,10,True,False,0.0932591781715284,0.9500000000000003,1.9,
ground_truth,0,0,0.1,0,20,11,True,False,0.0932591781715284,0.9500000000000003,1.9,
ground_truth,0,0,0.1,0,20,12,True,False,0.0932591781715284,0.9500000000000003,1.9,
ground_truth,0,0,0.1,0,20,13,True,False,0.0932591781715284,0.9500000000000003,1.9,
ground_truth,0,0,0.1,0,20,14,True,False,0.0932591781715284,0.9500000000000003,1.9,
ground_truth,0,0,0.1,0,20,15,True,False,0.0932591781715284,0.9500000000000003,1.9,
ground_truth,0,0,0.1,0,20,16,True,False,0.0932591781715284,0.9500000000000003,1.9,
ground_truth,0,0,0.1,0,20,17,True,False,0.0932591781715284,0.9500000000000003,1.9,
ground_truth,0,0,0.1,0,20,18,True,False,0.0932591781715284,0.9500000000000003,1.9,
ground_truth,0,0,0.1,0,20,19,True,False,0.0932591781715284,0.9500000000000003,1.9,
ground_truth,0,0,0.1,0,20,20,True,False,0.0932591781715284,0.9500000000000003,1.9,
ground_truth,0,0,0.1,0,20,21,True,False,0.0932591781715284,0.9500000000000003,1.9,
ground_truth,0,0,0.1,0,20,22,True,False,0.0932591781715284,0.9500000000000003,1.9,
ground_truth,0,0,0.1,0,20,23,True,False,0.0932591781715284,0.9500000000000003,1.9,
ground_truth,0,0,0.1,0,20,24,True,False,0.0932591781715284,0.9500000000000003,1.9,
ground_truth,0,0,0.1,0,20,25,True,False,0.0932591781715284,0.9500000000000003,1.9,
ground_truth,0,0,0.1,0,20,26,True,False,0.0932591781715284,0.9500000000000003,1.9,
ground_truth,0,0,0.1,0,20,27,True,False,0.0932591781715284,0.9500000000000003,1.9,
ground_truth,0,0,0.1,0,20,28,True,False,0.0932591781715284,0.9500000000000003,1.9,
ground_truth,0,0,0.1,0,20,29,True,False,0.0932591781715284,0.9500000000000003,1.9,
ground_truth,0,0,0.1,0,20,30,True,False,0.0932591781715284,0.9500000000000003,1.9,
ground_truth,0,0,0.1,0,20,31,True,False,0.0932591781715284,0.9500000000000003,1.9,
ground_truth,0,0,0.1,0,20,32,True,False,0.0932591781715284,0.9500000000000003,1.9,
ground_truth,0,0,0.1,0,20,33,True,False,0.0932591781715284,0.9500000000000003,1.9,
ground_truth,0,0,0.1,0,20,34,True,False,0.0932591781715284,0.9500000000000003,1.9,
ground_truth,0,0,0.1,0,20,35,True,False,0.0932591781715284,0.9500000000000003,1.9,
ground_truth,0,0,0.1,0,20,36,True,False,0.0932591781715284,0.9500000000000003,1.9,
ground_truth,0,0,0.1,0,20,37,True,False,0.0932591781715284,0.9500000000000003,1.9,
ground_truth,0,0,0.1,0,20,38,True,False,0.0932591781715284,0.9500000000000003,1.9,
ground_truth,0,0,0.1,0,20,39,True,False,0.0932591781715284,0.9500000000000003,1.9,
ground_truth,0,0,0.1,0,20,40,True,False,0.0932591781715284,0.9500000000000003,1.9,
ground_truth,0,0,0.1,0,20,41,True,False,0.0932591781715284,0.9500000000000003,1.9,
ground_truth,0,0,0.1,0,20,42,True,False,0.0932591781715284,0.9500000000000003,1.9,
ground_truth,0,0,0.1,0,20,43,True,False,0.0932591781715284,0.9500000000000003,1.9,
ground_truth,0,0,0.1,0,20,44,True,False,0.0932591781715284,0.9500000000000003,1.9,
ground_truth,0,0,0.1,0,20,45,True,False,0.0932591781715284,0.9500000000000003,1.9,
ground_truth,0,0,0.1,0,20,46,True,False,0.0932591781715284,0.9500000000000003,1.9,
ground_truth,0,0,0.1,0,20,47,True,False,0.0932591781715284,0.9500000000000003,1.9,
ground_truth,0,0,0.1,0,20,48,True,False,0.0932591781715284,0.9500000000000003,1.9,
ground_truth,0,0,0.1,0,20,49,True,False,0.0932591781715284,0.9500000000000003,1.9,
ground_truth,0,0,0.1,0,20,50,True,False,0.0932591781715284,0.9500000000000003,1.9,
ground_truth,0,0,0.1,0,20,51,True,False,0.0932591781715284,0.9500000000000003,1.9,
ground_truth,0,0,0.1,0,20,52,True,False,0.0932591781715284,0.9500000000000003,1.9,
ground_truth,0,0,0.1,0,20,53,True,False,0.0932591781715284,0.9500000000000003,1.9,
ground_truth,0,0,0.1,0,20,54,True,False,0.0932591781715284,0.9500000000000003,1.9,
ground_truth,0,0,0.1,0,20,55,True,False,0.0932591781715284,0.9500000000000003,1.9,
ground_truth,0,0,0.1,0,20,56,True,False,0.0932591781715284,0.9500000000000003,1.9,
ground_truth,0,0,0.1,0,20,57,True,False,0.0932591781715284,0.9500000000000003,1.9,
ground_truth,0,0,0.1,0,20,58,True,False,0.0932591781715284,0.9500000000000003,1.9,
ground_truth,0,0,0.1,0,20,59,True,False,0.0932591781715284,0.9500000000000003,1.9,
ground_truth,0,0,0.1,0,20,60,True,False,0.0932591781715284,0.9500000000000003,1.9,
ground_truth,0,0,0.1,0,20,61,True,False,0.0932591781715284,0.9500000000000003,1.9,
ground_truth,0,0,0.1,0,20,62,True,False,0.0932591781715284,0.9500000000000003,1.9,
ground_truth,0,0,0.1,0,20,63,True,False,0.0932591781715284,0.9500000000000003,1.9,
ground_truth,0,0,0.1,0,20,64,True,False,0.0932591781715284,0.9500000000000003,1.9,
ground_truth,0,0,0.1,0,20,65,True,False,0.0932591781715284,0.9500000000000003,1.9,
ground_truth,0,0,0.1,0,20,66,True,False,0.0932591781715284,0.9500000000000003,1.9,
ground_truth,0,0,0.1,0,20,67,True,False,0.0932591781715284,0.9500000000000003,1.9,
ground_truth,0,0,0.1,0,20,68,True,False,0.0932591781715284,0.9500000000000003,1.9,
ground_truth,0,0,0.1,0,20,69,True,False,0.0932591781715284,0.9500000000000003,1.9,
ground_truth,0,0,0.1,0,20,70,True,False,0.0932591781715284,0.9500000000000003,1.9,
ground_truth,0,0,0.1,0,20,71,True,False,0.0932591781715284,0.9500000000000003,1.9,
ground_truth,0,0,0.1,0,20,72,True,False,0.0932591781715284,0.9500000000000003,1.9,
ground_truth,0,0,0.1,0,20,73,True,False,0.0932591781715284,0.9500000000000003,1.9,
ground_truth,0,0,0.1,0,20,74,True,False,0.0932591781715284,0.9500000000000003,1.9,
ground_truth,0,0,0.1,0,20,75,True,False,0.0932591781715284,0.9500000000000003,1.9,
ground_truth,0,0,0.1,0,20,76,True,False,0.0932591781715284,0.9500000000000003,1.9,
ground_truth,0,0,0.1,0,20,77,True,False,0.0932591781715284,0.9500000000000003,1.9,
ground_truth,0,0,0.1,0,20,78,True,False,0.0932591781715284,0.9500000000000003,1.9,
ground_truth,0,0,0.1,0,20,79,True,False,0.0932591781715284,0.9500000000000003,1.9,
ground_truth,0,0,0.1,0,20,80,True,False,0.0932591781715284,0.9500000000000003,1.9,
ground_truth,0,0,0.1,0,20,81,True,False,0.0932591781715284,0.9500000000000003,1.9,
ground_truth,0,0,0.1,0,20,82,True,False,0.0932591781715284,0.9500000000000003,1.9,
ground_truth,0,0,0.1,0,20,83,True,False,0.0932591781715284,0.9500000000000003,1.9,
ground_truth,0,0,0.1,0,20,84,True,False,0.0932591781715284,0.9500000000000003,1.9,
ground_truth,0,0,0.1,0,20,85,True,False,0.0932591781715284,0.9500000000000003,1.9,
ground_truth,0,0,0.1,0,20,86,True,False,0.0932591781715284,0.9500000000000003,1.9,
ground_truth,0,0,0.1,0,20,87,True,False,0.0932591781715284,0.9500000000000003,1.9,
ground_truth,0,0,0.1,0,20,88,True,False,0.0932591781715284,0.9500000000000003,1.9,
ground_truth,0,0,0.1,0,20,89,True,False,0.0932591781715284,0.9500000000000003,1.9,
ground_truth,0,0,0.1,0,20,90,True,False,0.0932591781715284,0.9500000000000003,1.9,
ground_truth,0,0,0.1,0,20,91,True,False,0.0932591781715284,0.9500000000000003,1.9,
ground_truth,0,0,0.1,0,20,92,True,False,0.0932591781715284,0.9500000000000003,1.9,
ground_truth,0,0,0.1,0,20,93,True,False,0.0932591781715284,0.9500000000000003,1.9,
ground_truth,0,0,0.1,0,20,94,True,False,0.0932591781715284,0.9500000000000003,1.9,
ground_truth,0,0,0.1,0,20,95,True,False,0.0932591781715284,0.9500000000000003,1.9,
ground_truth,0,0,0.1,0,20,96,True,False,0.0932591781715284,0.9500000000000003,1.9,
ground_truth,0,0,0.1,0,20,97,True,False,0.0932591781715284,0.9500000000000003,1.9,
ground_truth,0,0,0.1,0,20,98,True,False,0.0932591781715284,0.9500000000000003,1.9,
ground_truth,0,0,0.1,0,20,99,True,False,0.0932591781715284,0.9500000000000003,1.9,
ground_truth,0,0,0.1,0,20,100,True,False,0.0932591781715284,0.9500000000000003,1.9,
noisy,0,0,0.1,0,20,1,True,False,0.2346258113827333,1.0000000000000002,2.000000000000001,0.43463321930824694
noisy,0,0,0.1,0,20,2,True,False,0.2346258113827333,1.0000000000000002,2.000000000000001,0.43463321930824694
noisy,0,0,0.1,0,20,3,True,False,0.2346258113827333,1.0000000000000002,2.000000000000001,0.43463321930824694
noisy,0,0,0.1,0,20,4,True,False,0.2346258113827333,1.0000000000000002,2.000000000000001,0.43463321930824694
noisy,0,0,0.1,0,20,5,True,False,0.2346258113827333,1.0000000000000002,2.000000000000001,0.43463321930824694
noisy,0,0,0.1,0,20,6,True,False,0.2346258113827333,1.0000000000000002,2.000000000000001,0.43463321930824694
noisy,0,0,0.1,0,20,7,True,False,0.2346258113827333,1.0000000000000002,2.000000000000001,0.43463321930824694
noisy,0,0,0.1,0,20,8,True,False,0.2346258113827333,1.0000000000000002,2.000000000000001,0.43463321930824694
noisy,0,0,0.1,0,20,9,True,False,0.2346258113827333,1.0000000000000002,2.000000000000001,0.43463321930824694
noisy,0,0,0.1,0,20,10,True,False,0.2346258113827333,1.0000000000000002,2.000000000000001,0.43463321930824694
noisy,0,0,0.1,0,20,11,True,False,0.2346258113827333,1.0000000000000002,2.000000000000001,0.43463321930824694
noisy,0,0,0.1,0,20,12,True,False,0.2346258113827333,1.0000000000000002,2.000000000000001,0.43463321930824694
noisy,0,0,0.1,0,20,13,True,False,0.2346258113827333,1.0000000000000002,2.000000000000001,0.43463321930824694
noisy,0,0,0.1,0,20,14,True,False,0.2346258113827333,1.0000000000000002,2.000000000000001,0.43463321930824694
noisy,0,0,0.1,0,20,15,True,False,0.2346258113827333,1.0000000000000002,2.000000000000001,0.43463321930824694
noisy,0,0,0.1,0,20,16,True,False,0.2346258113827333,1.0000000000000002,2.000000000000001,0.43463321930824694
noisy,0,0,0.1,0,20,17,True,False,0.2346258113827333,1.0000000000000002,2.000000000000001,0.43463321930824694
noisy,0,0,0.1,0,20,18,True,False,0.2346258113827333,1.0000000000000002,2.000000000000001,0.43463321930824694
noisy,0,0,0.1,0,20,19,True,False,0.2346258113827333,1.0000000000000002,2.000000000000001,0.43463321930824694
noisy,0,0,0.1,0,20,20,True,False,0.2346258113827333,1.0000000000000002,2.000000000000001,0.43463321930824694
noisy,0,0,0.1,0,20,21,True,False,0.2346258113827333,1.0000000000000002,2.000000000000001,0.43463321930824694
noisy,0,0,0.1,0,20,22,True,False,0.2346258113827333,1.0000000000000002,2.000000000000001,0.43463321930824694
noisy,0,0,0.1,0,20,23,True,False,0.2346258113827333,1.0000000000000002,2.000000000000001,0.43463321930824694
noisy,0,0,0.1,0,20,24,True,False,0.2346258113827333,1.0000000000000002,2.000000000000001,0.43463321930824694
noisy,0,0,0.1,0,20,25,True,False,0.2346258113827333,1.0000000000000002,2.000000000000001,0.43463321930824694
noisy,0,0,0.1,0,20,26,True,False,0.2346258113827333,1.0000000000000002,2.000000000000001,0.43463321930824694
noisy,0,0,0.1,0,20,27,True,False,0.2346258113827333,1.0000000000000002,2.000000000000001,0.43463321930824694
noisy,0,0,0.1,0,20,28,True,False,0.2346258113827333,1.0000000000000002,2.000000000000001,0.43463321930824694
noisy,0,0,0.1,0,20,29,True,False,0.2346258113827333,1.0000000000000002,2.000000000000001,0.43463321930824694
noisy,0,0,0.1,0,20,30,True,False,0.2346258113827333,1.0000000000000002,2.000000000000001,0.43463321930824694
noisy,0,0,0.1,0,20,31,True,False,0.2346258113827333,1.0000000000000002,2.000000000000001,0.43463321930824694
noisy,0,0,0.1,0,20,32,True,False,0.2346258113827333,1.0000000000000002,2.000000000000001,0.43463321930824694
noisy,0,0,0.1,0,20,33,True,False,0.2346258113827333,1.0000000000000002,2.000000000000001,0.43463321930824694
noisy,0,0,0.1,0,20,34,True,False,0.2346258113827333,1.0000000000000002,2.000000000000001,0.43463321930824694
noisy,0,0,0.1,0,20,35,True,False,0.2346258113827333,1.0000000000000002,2.000000000000001,0.43463321930824694
noisy,0,0,0.1,0,20,36,True,False,0.2346258113827333,1.0000000000000002,2.000000000000001,0.43463321930824694
noisy,0,0,0.1,0,20,37,True,False,0.2346258113827333,1.0000000000000002,2.000000000000001,0.43463321930824694
noisy,0,0,0.1,0,20,38,True,False,0.2346258113827333,1.0000000000000002,2.000000000000001,0.43463321930824694
noisy,0,0,0.1,0,20,39,True,False,0.2346258113827333,1.0000000000000002,2.000000000000001,0.43463321930824694
noisy,0,0,0.1,0,20,40,True,False,0.2346258113827333,1.0000000000000002,2.000000000000001,0.43463321930824694
noisy,0,0,0.1,0,20,41,True,False,0.2346258113827333,1.0000000000000002,2.000000000000001,0.43463321930824694
noisy,0,0,0.1,0,20,42,True,False,0.2346258113827333,1.0000000000000002,2.000000000000001,0.43463321930824694
noisy,0,0,0.1,0,20,43,True,False,0.2346258113827333,1.0000000000000002,2.000000000000001,0.43463321930824694
noisy,0,0,0.1,0,20,44,True,False,0.2346258113827333,1.0000000000000002,2.000000000000001,0.43463321930824694
noisy,0,0,0.1,0,20,45,True,False,0.2346258113827333,1.0000000000000002,2.000000000000001,0.43463321930824694
noisy,0,0,0.1,0,20,46,True,False,0.2346258113827333,1.0000000000000002,2.000000000000001,0.43463321930824694
noisy,0,0,0.1,0,20,47,True,False,0.2346258113827333,1.0000000000000002,2.000000000000001,0.43463321930824694
noisy,0,0,0.1,0,20,48,True,False,0.2346258113827333,1.0000000000000002,2.000000000000001,0.43463321930824694
noisy,0,0,0.1,0,20,49,True,False,0.2346258113827333,1.0000000000000002,2.000000000000001,0.43463321930824694
noisy,0,0,0.1,0,20,50,True,False,0.2346258113827333,1.0000000000000002,2.000000000000001,0.43463321930824694
noisy,0,0,0.1,0,20,51,True,False,0.2346258113827333,1.0000000000000002,2.000000000000001,0.43463321930824694
noisy,0,0,0.1,0,20,52,True,False,0.2346258113827333,1.0000000000000002,2.000000000000001,0.43463321930824694
noisy,0,0,0.1,0,20,53,True,False,0.2346258113827333,1.0000000000000002,2.000000000000001,0.43463321930824694
noisy,0,0,0.1,0,20,54,True,False,0.2346258113827333,1.0000000000000002,2.000000000000001,0.43463321930824694
noisy,0,0,0.1,0,20,55,True,False,0.2346258113827333,1.0000000000000002,2.000000000000001,0.43463321930824694
noisy,0,0,0.1,0,20,56,True,False,0.2346258113827333,1.0000000000000002,2.000000000000001,0.43463321930824694
noisy,0,0,0.1,0,20,57,True,False,0.2346258113827333,1.0000000000000002,2.000000000000001,0.43463321930824694
noisy,0,0,0.1,0,20,58,True,False,0.2346258113827333,1.0000000000000002,2.000000000000001,0.43463321930824694
noisy,0,0,0.1,0,20,59,True,False,0.2346258113827333,1.0000000000000002,2.000000000000001,0.43463321930824694
noisy,0,0,0.1,0,20,60,True,False,0.2346258113827333,1.0000000000000002,2.000000000000001,0.43463321930824694
noisy,0,0,0.1,0,20,61,True,False,0.2346258113827333,1.0000000000000002,2.000000000000001,0.43463321930824694
noisy,0,0,0.1,0,20,62,True,False,0.2346258113827333,1.0000000000000002,2.000000000000001,0.43463321930824694
noisy,0,0,0.1,0,20,63,True,False,0.2346258113827333,1.0000000000000002,2.000000000000001,0.43463321930824694
noisy,0,0,0.1,0,20,64,True,False,0.2346258113827333,1.0000000000000002,2.000000000000001,0.43463321930824694
noisy,0,0,0.1,0,20,65,True,False,0.2346258113827333,1.0000000000000002,2.000000000000001,0.43463321930824694
noisy,0,0,0.1,0,20,66,True,False,0.2346258113827333,1.0000000000000002,2.000000000000001,0.43463321930824694
noisy,0,0,0.1,0,20,67,True,False,0.2346258113827333,1.0000000000000002,2.000000000000001,0.43463321930824694
noisy,0,0,0.1,0,20,68,True,False,0.2346258113827333,1.0000000000000002,2.000000000000001,0.43463321930824694
noisy,0,0,0.1,0,20,69,True,False,0.2346258113827333,1.0000000000000002,2.000000000000001,0.43463321930824694
noisy,0,0,0.1,0,20,70,True,False,0.2346258113827333,1.0000000000000002,2.000000000000001,0.43463321930824694
noisy,0,0,0.1,0,20,71,True,False,0.2346258113827333,1.0000000000000002,2.000000000000001,0.43463321930824694
noisy,0,0,0.1,0,20,72,True,False,0.2346258113827333,1.0000000000000002,2.000000000000001,0.43463321930824694
noisy,0,0,0.1,0,20,73,True,False,0.2346258113827333,1.0000000000000002,2.000000000000001,0.43463321930824694
noisy,0,0,0.1,0,20,74,True,False,0.2346258113827333,1.0000000000000002,2.000000000000001,0.43463321930824694
noisy,0,0,0.1,0,20,75,True,False,0.2346258113827333,1.0000000000000002,2.000000000000001,0.43463321930824694
noisy,0,0,0.1,0,20,76,True,False,0.2346258113827333,1.0000000000000002,2.000000000000001,0.43463321930824694
noisy,0,0,0.1,0,20,77,True,False,0.2346258113827333,1.0000000000000002,2.000000000000001,0.43463321930824694
noisy,0,0,0.1,0,20,78,True,False,0.2346258113827333,1.0000000000000002,2.000000000000001,0.43463321930824694
noisy,0,0,0.1,0,20,79,True,False,0.2346258113827333,1.0000000000000002,2.000000000000001,0.43463321930824694
noisy,0,0,0.1,0,20,80,True,False,0.2346258113827333,1.0000000000000002,2.000000000000001,0.43463321930824694
noisy,0,0,0.1,0,20,81,True,False,0.2346258113827333,1.0000000000000002,2.000000000000001,0.43463321930824694
noisy,0,0,0.1,0,20,82,True,False,0.2346258113827333,1.0000000000000002,2.000000000000001,0.43463321930824694
noisy,0,0,0.1,0,20,83,True,False,0.2346258113827333,1.0000000000000002,2.000000000000001,0.43463321930824694
noisy,0,0,0.1,0,20,84,True,False,0.2346258113827333,1.0000000000000002,2.000000000000001,0.43463321930824694
noisy,0,0,0.1,0,20,85,True,False,0.2346258113827333,1.0000000000000002,2.000000000000001,0.43463321930824694
noisy,0,0,0.1,0,20,86,True,False,0.2346258113827333,1.0000000000000002,2.000000000000001,0.43463321930824694
noisy,0,0,0.1,0,20,87,True,False,0.2346258113827333,1.0000000000000002,2.000000000000001,0.43463321930824694
noisy,0,0,0.1,0,20,88,True,False,0.2346258113827333,1.0000000000000002,2.000000000000001,0.43463321930824694
noisy,0,0,0.1,0,20,89,True,False,0.2346258113827333,1.0000000000000002,2.000000000000001,0.43463321930824694
noisy,0,0,0.1,0,20,90,True,False,0.2346258113827333,1.0000000000000002,2.000000000000001,0.43463321930824694
noisy,0,0,0.1,0,20,91,True,False,0.2346258113827333,1.0000000000000002,2.000000000000001,0.43463321930824694
noisy,0,0,0.1,0,20,92,True,False,0.2346258113827333,1.0000000000000002,2.000000000000001,0.43463321930824694
noisy,0,0,0.1,0,20,93,True,False,0.2346258113827333,1.0000000000000002,2.000000000000001,0.43463321930824694
noisy,0,0,0.1,0,20,94,True,False,0.2346258113827333,1.0000000000000002,2.000000000000001,0.43463321930824694
noisy,0,0,0.1,0,20,95,True,False,0.2346258113827333,1.0000000000000002,2.000000000000001,0.43463321930824694
noisy,0,0,0.1,0,20,96,True,False,0.2346258113827333,1.0000000000000002,2.000000000000001,0.43463321930824694
noisy,0,0,0.1,0,20,97,True,False,0.2346258113827333,1.0000000000000002,2.000000000000001,0.43463321930824694
noisy,0,0,0.1,0,20,98,True,False,0.2346258113827333,1.0000000000000002,2.000000000000001,0.43463321930824694
noisy,0,0,0.1,0,20,99,True,False,0.2346258113827333,1.0000000000000002,2.000000000000001,0.43463321930824694
noisy,0,0,0.1,0,20,100,True,False,0.2346258113827333,1.0000000000000002,2.000000000000001,0.43463321930824694
kalman,0,0,0.1,0,20,1,False,True,-0.03378593306693434,,0.4999999999999999,0.43503183521399874
kalman,0,0,0.1,0,20,2,False,True,-0.03378593306693434,,0.4999999999999999,0.43503183521399874
kalman,0,0,0.1,0,20,3,False,True,-0.03378593306693434,,0.4999999999999999,0.43503183521399874
kalman,0,0,0.1,0,20,4,False,True,-0.03378593306693434,,0.4999999999999999,0.43503183521399874
kalman,0,0,0.1,0,20,5,False,True,-0.03378593306693434,,0.4999999999999999,0.43503183521399874
kalman,0,0,0.1,0,20,6,False,True,-0.03378593306693434,,0.4999999999999999,0.43503183521399874
kalman,0,0,0.1,0,20,7,False,True,-0.03378593306693434,,0.4999999999999999,0.43503183521399874
kalman,0,0,0.1,0,20,8,False,True,-0.03378593306693434,,0.4999999999999999,0.43503183521399874
kalman,0,0,0.1,0,20,9,False,True,-0.03378593306693434,,0.4999999999999999,0.43503183521399874
kalman,0,0,0.1,0,20,10,False,True,-0.03378593306693434,,0.4999999999999999,0.43503183521399874
kalman,0,0,0.1,0,20,11,False,True,-0.03378593306693434,,0.4999999999999999,0.43503183521399874
kalman,0,0,0.1,0,20,12,False,True,-0.03378593306693434,,0.4999999999999999,0.43503183521399874
kalman,0,0,0.1,0,20,13,False,True,-0.03378593306693434,,0.4999999999999999,0.43503183521399874
kalman,0,0,0.1,0,20,14,False,True,-0.03378593306693434,,0.4999999999999999,0.43503183521399874
kalman,0,0,0.1,0,20,15,False,True,-0.03378593306693434,,0.4999999999999999,0.43503183521399874
kalman,0,0,0.1,0,20,16,False,True,-0.03378593306693434,,0.4999999999999999,0.43503183521399874
kalman,0,0,0.1,0,20,17,False,True,-0.03378593306693434,,0.4999999999999999,0.43503183521399874
kalman,0,0,0.1,0,20,18,False,True,-0.03378593306693434,,0.4999999999999999,0.43503183521399874
kalman,0,0,0.1,0,20,19,False,True,-0.03378593306693434,,0.4999999999999999,0.43503183521399874
kalman,0,0,0.1,0,20,20,False,True,-0.03378593306693434,,0.4999999999999999,0.43503183521399874
kalman,0,0,0.1,0,20,21,False,True,-0.03378593306693434,,0.4999999999999999,0.43503183521399874
kalman,0,0,0.1,0,20,22,False,True,-0.03378593306693434,,0.4999999999999999,0.43503183521399874
kalman,0,0,0.1,0,20,23,False,True,-0.03378593306693434,,0.4999999999999999,0.43503183521399874
kalman,0,0,0.1,0,20,24,False,True,-0.03378593306693434,,0.4999999999999999,0.43503183521399874
kalman,0,0,0.1,0,20,25,False,True,-0.03378593306693434,,0.4999999999999999,0.43503183521399874
kalman,0,0,0.1,0,20,26,False,True,-0.03378593306693434,,0.4999999999999999,0.43503183521399874
kalman,0,0,0.1,0,20,27,False,True,-0.03378593306693434,,0.4999999999999999,0.43503183521399874
kalman,0,0,0.1,0,20,28,False,True,-0.03378593306693434,,0.4999999999999999,0.43503183521399874
kalman,0,0,0.1,0,20,29,False,True,-0.03378593306693434,,0.4999999999999999,0.43503183521399874
kalman,0,0,0.1,0,20,30,False,True,-0.03378593306693434,,0.4999999999999999,0.43503183521399874
kalman,0,0,0.1,0,20,31,False,True,-0.03378593306693434,,0.4999999999999999,0.43503183521399874
kalman,0,0,0.1,0,20,32,False,True,-0.03378593306693434,,0.4999999999999999,0.43503183521399874
kalman,0,0,0.1,0,20,33,False,True,-0.03378593306693434,,0.4999999999999999,0.43503183521399874
kalman,0,0,0.1,0,20,34,False,True,-0.03378593306693434,,0.4999999999999999,0.43503183521399874
kalman,0,0,0.1,0,20,35,False,True,-0.03378593306693434,,0.4999999999999999,0.43503183521399874
kalman,0,0,0.1,0,20,36,False,True,-0.03378593306693434,,0.4999999999999999,0.43503183521399874
kalman,0,0,0.1,0,20,37,False,True,-0.03378593306693434,,0.4999999999999999,0.43503183521399874
kalman,0,0,0.1,0,20,38,False,True,-0.03378593306693434,,0.4999999999999999,0.43503183521399874
kalman,0,0,0.1,0,20,39,False,True,-0.03378593306693434,,0.4999999999999999,0.43503183521399874
kalman,0,0,0.1,0,20,40,False,True,-0.03378593306693434,,0.4999999999999999,0.43503183521399874
kalman,0,0,0.1,0,20,41,False,True,-0.03378593306693434,,0.4999999999999999,0.43503183521399874
kalman,0,0,0.1,0,20,42,False,True,-0.03378593306693434,,0.4999999999999999,0.43503183521399874
kalman,0,0,0.1,0,20,43,False,True,-0.03378593306693434,,0.4999999999999999,0.43503183521399874
kalman,0,0,0.1,0,20,44,False,True,-0.03378593306693434,,0.4999999999999999,0.43503183521399874
kalman,0,0,0.1,0,20,45,False,True,-0.03378593306693434,,0.4999999999999999,0.43503183521399874
kalman,0,0,0.1,0,20,46,False,True,-0.03378593306693434,,0.4999999999999999,0.43503183521399874
kalman,0,0,0.1,0,20,47,False,True,-0.03378593306693434,,0.4999999999999999,0.43503183521399874
kalman,0,0,0.1,0,20,48,False,True,-0.03378593306693434,,0.4999999999999999,0.43503183521399874
kalman,0,0,0.1,0,20,49,False,True,-0.03378593306693434,,0.4999999999999999,0.43503183521399874
kalman,0,0,0.1,0,20,50,False,True,-0.03378593306693434,,0.4999999999999999,0.43503183521399874
kalman,0,0,0.1,0,20,51,False,True,-0.03378593306693434,,0.4999999999999999,0.43503183521399874
kalman,0,0,0.1,0,20,52,False,True,-0.03378593306693434,,0.4999999999999999,0.43503183521399874
kalman,0,0,0.1,0,20,53,False,True,-0.03378593306693434,,0.4999999999999999,0.43503183521399874
kalman,0,0,0.1,0,20,54,False,True,-0.03378593306693434,,0.4999999999999999,0.43503183521399874
kalman,0,0,0.1,0,20,55,False,True,-0.03378593306693434,,0.4999999999999999,0.43503183521399874
kalman,0,0,0.1,0,20,56,False,True,-0.03378593306693434,,0.4999999999999999,0.43503183521399874
kalman,0,0,0.1,0,20,57,False,True,-0.03378593306693434,,0.4999999999999999,0.43503183521399874
kalman,0,0,0.1,0,20,58,False,True,-0.03378593306693434,,0.4999999999999999,0.43503183521399874
kalman,0,0,0.1,0,20,59,False,True,-0.03378593306693434,,0.4999999999999999,0.43503183521399874
kalman,0,0,0.1,0,20,60,False,True,-0.03378593306693434,,0.4999999999999999,0.43503183521399874
kalman,0,0,0.1,0,20,61,False,True,-0.03378593306693434,,0.4999999999999999,0.43503183521399874
kalman,0,0,0.1,0,20,62,False,True,-0.03378593306693434,,0.4999999999999999,0.43503183521399874
kalman,0,0,0.1,0,20,63,False,True,-0.03378593306693434,,0.4999999999999999,0.43503183521399874
kalman,0,0,0.1,0,20,64,False,True,-0.03378593306693434,,0.4999999999999999,0.43503183521399874
kalman,0,0,0.1,0,20,65,False,True,-0.03378593306693434,,0.4999999999999999,0.43503183521399874
kalman,0,0,0.1,0,20,66,False,True,-0.03378593306693434,,0.4999999999999999,0.43503183521399874
kalman,0,0,0.1,0,20,67,False,True,-0.03378593306693434,,0.4999999999999999,0.43503183521399874
kalman,0,0,0.1,0,20,68,False,True,-0.03378593306693434,,0.4999999999999999,0.43503183521399874
kalman,0,0,0.1,0,20,69,False,True,-0.03378593306693434,,0.4999999999999999,0.43503183521399874
kalman,0,0,0.1,0,20,70,False,True,-0.03378593306693434,,0.4999999999999999,0.43503183521399874
kalman,0,0,0.1,0,20,71,False,True,-0.03378593306693434,,0.4999999999999999,0.43503183521399874
kalman,0,0,0.1,0,20,72,False,True,-0.03378593306693434,,0.4999999999999999,0.43503183521399874
kalman,0,0,0.1,0,20,73,False,True,-0.03378593306693434,,0.4999999999999999,0.43503183521399874
kalman,0,0,0.1,0,20,74,False,True,-0.03378593306693434,,0.4999999999999999,0.43503183521399874
kalman,0,0,0.1,0,20,75,False,True,-0.03378593306693434,,0.4999999999999999,0.43503183521399874
kalman,0,0,0.1,0,20,76,False,True,-0.03378593306693434,,0.4999999999999999,0.43503183521399874
kalman,0,0,0.1,0,20,77,False,True,-0.03378593306693434,,0.4999999999999999,0.43503183521399874
kalman,0,0,0.1,0,20,78,False,True,-0.03378593306693434,,0.4999999999999999,0.43503183521399874
kalman,0,0,0.1,0,20,79,False,True,-0.03378593306693434,,0.4999999999999999,0.43503183521399874
kalman,0,0,0.1,0,20,80,False,True,-0.03378593306693434,,0.4999999999999999,0.43503183521399874
kalman,0,0,0.1,0,20,81,False,True,-0.03378593306693434,,0.4999999999999999,0.43503183521399874
kalman,0,0,0.1,0,20,82,False,True,-0.03378593306693434,,0.4999999999999999,0.43503183521399874
kalman,0,0,0.1,0,20,83,False,True,-0.03378593306693434,,0.4999999999999999,0.43503183521399874
kalman,0,0,0.1,0,20,84,False,True,-0.03378593306693434,,0.4999999999999999,0.43503183521399874
kalman,0,0,0.1,0,20,85,False,True,-0.03378593306693434,,0.4999999999999999,0.43503183521399874
kalman,0,0,0.1,0,20,86,False,True,-0.03378593306693434,,0.4999999999999999,0.43503183521399874
kalman,0,0,0.1,0,20,87,False,True,-0.03378593306693434,,0.4999999999999999,0.43503183521399874
kalman,0,0,0.1,0,20,88,False,True,-0.03378593306693434,,0.4999999999999999,0.43503183521399874
kalman,0,0,0.1,0,20,89,False,True,-0.03378593306693434,,0.4999999999999999,0.43503183521399874
kalman,0,0,0.1,0,20,90,False,True,-0.03378593306693434,,0.4999999999999999,0.43503183521399874
kalman,0,0,0.1,0,20,91,False,True,-0.03378593306693434,,0.4999999999999999,0.43503183521399874
kalman,0,0,0.1,0,20,92,False,True,-0.03378593306693434,,0.4999999999999999,0.43503183521399874
kalman,0,0,0.1,0,20,93,False,True,-0.03378593306693434,,0.4999999999999999,0.43503183521399874
kalman,0,0,0.1,0,20,94,False,True,-0.03378593306693434,,0.4999999999999999,0.43503183521399874
kalman,0,0,0.1,0,20,95,False,True,-0.03378593306693434,,0.4999999999999999,0.43503183521399874
kalman,0,0,0.1,0,20,96,False,True,-0.03378593306693434,,0.4999999999999999,0.43503183521399874
kalman,0,0,0.1,0,20,97,False,True,-0.03378593306693434,,0.4999999999999999,0.43503183521399874
kalman,0,0,0.1,0,20,98,False,True,-0.03378593306693434,,0.4999999999999999,0.43503183521399874
kalman,0,0,0.1,0,20,99,False,True,-0.03378593306693434,,0.4999999999999999,0.43503183521399874
kalman,0,0,0.1,0,20,100,False,True,-0.03378593306693434,,0.4999999999999999,0.43503183521399874
ground_truth,0,0,0.2,0,20,1,True,False,0.0932591781715284,0.9500000000000003,1.9,
ground_truth,0,0,0.2,0,20,2,True,False,0.0932591781715284,0.9500000000000003,1.9,
ground_truth,0,0,0.2,0,20,3,True,False,0.0932591781715284,0.9500000000000003,1.9,
ground_truth,0,0,0.2,0,20,4,True,False,0.0932591781715284,0.9500000000000003,1.9,
ground_truth,0,0,0.2,0,20,5,True,False,0.0932591781715284,0.9500000000000003,1.9,
ground_truth,0,0,0.2,0,20,6,True,False,0.0932591781715284,0.9500000000000003,1.9,
ground_truth,0,0,0.2,0,20,7,True,False,0.0932591781715284,0.9500000000000003,1.9,
ground_truth,0,0,0.2,0,20,8,True,False,0.0932591781715284,0.9500000000000003,1.9,
ground_truth,0,0,0.2,0,20,9,True,False,0.0932591781715284,0.9500000000000003,1.9,
ground_truth,0,0,0.2,0,20,10,True,False,0.0932591781715284,0.9500000000000003,1.9,
ground_truth,0,0,0.2,0,20,11,True,False,0.0932591781715284,0.9500000000000003,1.9,
ground_truth,0,0,0.2,0,20,12,True,False,0.0932591781715284,0.9500000000000003,1.9,
ground_truth,0,0,0.2,0,20,13,True,False,0.0932591781715284,0.9500000000000003,1.9,
ground_truth,0,0,0.2,0,20,14,True,False,0.0932591781715284,0.9500000000000003,1.9,
ground_truth,0,0,0.2,0,20,15,True,False,0.0932591781715284,0.9500000000000003,1.9,
ground_truth,0,0,0.2,0,20,16,True,False,0.0932591781715284,0.9500000000000003,1.9,
ground_truth,0,0,0.2,0,20,17,True,False,0.0932591781715284,0.9500000000000003,1.9,
ground_truth,0,0,0.2,0,20,18,True,False,0.0932591781715284,0.9500000000000003,1.9,
ground_truth,0,0,0.2,0,20,19,True,False,0.0932591781715284,0.9500000000000003,1.9,
ground_truth,0,0,0.2,0,20,20,True,False,0.0932591781715284,0.9500000000000003,1.9,
ground_truth,0,0,0.2,0,20,21,True,False,0.0932591781715284,0.9500000000000003,1.9,
ground_truth,0,0,0.2,0,20,22,True,False,0.0932591781715284,0.9500000000000003,1.9,
ground_truth,0,0,0.2,0,20,23,True,False,0.0932591781715284,0.9500000000000003,1.9,
ground_truth,0,0,0.2,0,20,24,True,False,0.0932591781715284,0.9500000000000003,1.9,
ground_truth,0,0,0.2,0,20,25,True,False,0.0932591781715284,0.9500000000000003,1.9,
ground_truth,0,0,0.2,0,20,26,True,False,0.0932591781715284,0.9500000000000003,1.9,
ground_truth,0,0,0.2,0,20,27,True,False,0.0932591781715284,0.9500000000000003,1.9,
ground_truth,0,0,0.2,0,20,28,True,False,0.0932591781715284,0.9500000000000003,1.9,
ground_truth,0,0,0.2,0,20,29,True,False,0.0932591781715284,0.9500000000000003,1.9,
ground_truth,0,0,0.2,0,20,30,True,False,0.0932591781715284,0.9500000000000003,1.9,
ground_truth,0,0,0.2,0,20,31,True,False,0.0932591781715284,0.9500000000000003,1.9,
ground_truth,0,0,0.2,0,20,32,True,False,0.0932591781715284,0.9500000000000003,1.9,
ground_truth,0,0,0.2,0,20,33,True,False,0.0932591781715284,0.9500000000000003,1.9,
ground_truth,0,0,0.2,0,20,34,True,False,0.0932591781715284,0.9500000000000003,1.9,
ground_truth,0,0,0.2,0,20,35,True,False,0.0932591781715284,0.9500000000000003,1.9,
ground_truth,0,0,0.2,0,20,36,True,False,0.0932591781715284,0.9500000000000003,1.9,
ground_truth,0,0,0.2,0,20,37,True,False,0.0932591781715284,0.9500000000000003,1.9,
ground_truth,0,0,0.2,0,20,38,True,False,0.0932591781715284,0.9500000000000003,1.9,
ground_truth,0,0,0.2,0,20,39,True,False,0.0932591781715284,0.9500000000000003,1.9,
ground_truth,0,0,0.2,0,20,40,True,False,0.0932591781715284,0.9500000000000003,1.9,
ground_truth,0,0,0.2,0,20,41,True,False,0.0932591781715284,0.9500000000000003,1.9,
ground_truth,0,0,0.2,0,20,42,True,False,0.0932591781715284,0.9500000000000003,1.9,
ground_truth,0,0,0.2,0,20,43,True,False,0.0932591781715284,0.9500000000000003,1.9,
ground_truth,0,0,0.2,0,20,44,True,False,0.0932591781715284,0.9500000000000003,1.9,
ground_truth,0,0,0.2,0,20,45,True,False,0.0932591781715284,0.9500000000000003,1.9,
ground_truth,0,0,0.2,0,20,46,True,False,0.0932591781715284,0.9500000000000003,1.9,
ground_truth,0,0,0.2,0,20,47,True,False,0.0932591781715284,0.9500000000000003,1.9,
ground_truth,0,0,0.2,0,20,48,True,False,0.0932591781715284,0.9500000000000003,1.9,
ground_truth,0,0,0.2,0,20,49,True,False,0.0932591781715284,0.9500000000000003,1.9,
ground_truth,0,0,0.2,0,20,50,True,False,0.0932591781715284,0.9500000000000003,1.9,
ground_truth,0,0,0.2,0,20,51,True,False,0.0932591781715284,0.9500000000000003,1.9,
ground_truth,0,0,0.2,0,20,52,True,False,0.0932591781715284,0.9500000000000003,1.9,
ground_truth,0,0,0.2,0,20,53,True,False,0.0932591781715284,0.9500000000000003,1.9,
ground_truth,0,0,0.2,0,20,54,True,False,0.0932591781715284,0.9500000000000003,1.9,
ground_truth,0,0,0.2,0,20,55,True,False,0.0932591781715284,0.9500000000000003,1.9,
ground_truth,0,0,0.2,0,20,56,True,False,0.0932591781715284,0.9500000000000003,1.9,
ground_truth,0,0,0.2,0,20,57,True,False,0.0932591781715284,0.9500000000000003,1.9,
ground_truth,0,0,0.2,0,20,58,True,False,0.0932591781715284,0.9500000000000003,1.9,
ground_truth,0,0,0.2,0,20,59,True,False,0.0932591781715284,0.9500000000000003,1.9,
ground_truth,0,0,0.2,0,20,60,True,False,0.0932591781715284,0.9500000000000003,1.9,
ground_truth,0,0,0.2,0,20,61,True,False,0.0932591781715284,0.9500000000000003,1.9,
ground_truth,0,0,0.2,0,20,62,True,False,0.0932591781715284,0.9500000000000003,1.9,
ground_truth,0,0,0.2,0,20,63,True,False,0.0932591781715284,0.9500000000000003,1.9,
ground_truth,0,0,0.2,0,20,64,True,False,0.0932591781715284,0.9500000000000003,1.9,
ground_truth,0,0,0.2,0,20,65,True,False,0.0932591781715284,0.9500000000000003,1.9,
ground_truth,0,0,0.2,0,20,66,True,False,0.0932591781715284,0.9500000000000003,1.9,
ground_truth,0,0,0.2,0,20,67,True,False,0.0932591781715284,0.9500000000000003,1.9,
ground_truth,0,0,0.2,0,20,68,True,False,0.0932591781715284,0.9500000000000003,1.9,
ground_truth,0,0,0.2,0,20,69,True,False,0.0932591781715284,0.9500000000000003,1.9,
ground_truth,0,0,0.2,0,20,70,True,False,0.0932591781715284,0.9500000000000003,1.9,
ground_truth,0,0,0.2,0,20,71,True,False,0.0932591781715284,0.9500000000000003,1.9,
ground_truth,0,0,0.2,0,20,72,True,False,0.0932591781715284,0.9500000000000003,1.9,
ground_truth,0,0,0.2,0,20,73,True,False,0.0932591781715284,0.9500000000000003,1.9,
ground_truth,0,0,0.2,0,20,74,True,False,0.0932591781715284,0.9500000000000003,1.9,
ground_truth,0,0,0.2,0,20,75,True,False,0.0932591781715284,0.9500000000000003,1.9,
ground_truth,0,0,0.2,0,20,76,True,False,0.0932591781715284,0.9500000000000003,1.9,
ground_truth,0,0,0.2,0,20,77,True,False,0.0932591781715284,0.9500000000000003,1.9,
ground_truth,0,0,0.2,0,20,78,True,False,0.0932591781715284,0.9500000000000003,1.9,
ground_truth,0,0,0.2,0,20,79,True,False,0.0932591781715284,0.9500000000000003,1.9,
ground_truth,0,0,0.2,0,20,80,True,False,0.0932591781715284,0.9500000000000003,1.9,
ground_truth,0,0,0.2,0,20,81,True,False,0.0932591781715284,0.9500000000000003,1.9,
ground_truth,0,0,0.2,0,20,82,True,False,0.0932591781715284,0.9500000000000003,1.9,
ground_truth,0,0,0.2,0,20,83,True,False,0.0932591781715284,0.9500000000000003,1.9,
ground_truth,0,0,0.2,0,20,84,True,False,0.0932591781715284,0.9500000000000003,1.9,
ground_truth,0,0,0.2,0,20,85,True,False,0.0932591781715284,0.9500000000000003,1.9,
ground_truth,0,0,0.2,0,20,86,True,False,0.0932591781715284,0.9500000000000003,1.9,
ground_truth,0,0,0.2,0,20,87,True,False,0.0932591781715284,0.9500000000000003,1.9,
ground_truth,0,0,0.2,0,20,88,True,False,0.0932591781715284,0.9500000000000003,1.9,
ground_truth,0,0,0.2,0,20,89,True,False,0.0932591781715284,0.9500000000000003,1.9,
ground_truth,0,0,0.2,0,20,90,True,False,0.0932591781715284,0.9500000000000003,1.9,
ground_truth,0,0,0.2,0,20,91,True,False,0.0932591781715284,0.9500000000000003,1.9,
ground_truth,0,0,0.2,0,20,92,True,False,0.0932591781715284,0.9500000000000003,1.9,
ground_truth,0,0,0.2,0,20,93,True,False,0.0932591781715284,0.9500000000000003,1.9,
ground_truth,0,0,0.2,0,20,94,True,False,0.0932591781715284,0.9500000000000003,1.9,
ground_truth,0,0,0.2,0,20,95,True,False,0.0932591781715284,0.9500000000000003,1.9,
ground_truth,0,0,0.2,0,20,96,True,False,0.0932591781715284,0.9500000000000003,1.9,
ground_truth,0,0,0.2,0,20,97,True,False,0.0932591781715284,0.9500000000000003,1.9,
ground_truth,0,0,0.2,0,20,98,True,False,0.0932591781715284,0.9500000000000003,1.9,
ground_truth,0,0,0.2,0,20,99,True,False,0.0932591781715284,0.9500000000000003,1.9,
ground_truth,0,0,0.2,0,20,100,True,False,0.0932591781715284,0.9500000000000003,1.9,
noisy,0,0,0.2,0,20,1,True,False,0.22249947085836652,1.0000000000000002,2.0000000000000018,0.5249510650546911
noisy,0,0,0.2,0,20,2,True,False,0.22249947085836652,1.0000000000000002,2.0000000000000018,0.5249510650546911
noisy,0,0,0.2,0,20,3,True,False,0.22249947085836652,1.0000000000000002,2.0000000000000018,0.5249510650546911
noisy,0,0,0.2,0,20,4,True,False,0.22249947085836652,1.0000000000000002,2.0000000000000018,0.5249510650546911
noisy,0,0,0.2,0,20,5,True,False,0.22249947085836652,1.0000000000000002,2.0000000000000018,0.5249510650546911
noisy,0,0,0.2,0,20,6,True,False,0.22249947085836652,1.0000000000000002,2.0000000000000018,0.5249510650546911
noisy,0,0,0.2,0,20,7,True,False,0.22249947085836652,1.0000000000000002,2.0000000000000018,0.5249510650546911
noisy,0,0,0.2,0,20,8,True,False,0.22249947085836652,1.0000000000000002,2.0000000000000018,0.5249510650546911
noisy,0,0,0.2,0,20,9,True,False,0.22249947085836652,1.0000000000000002,2.0000000000000018,0.5249510650546911
noisy,0,0,0.2,0,20,10,True,False,0.22249947085836652,1.0000000000000002,2.0000000000000018,0.5249510650546911
noisy,0,0,0.2,0,20,11,True,False,0.22249947085836652,1.0000000000000002,2.0000000000000018,0.5249510650546911
noisy,0,0,0.2,0,20,12,True,False,0.22249947085836652,1.0000000000000002,2.0000000000000018,0.5249510650546911
noisy,0,0,0.2,0,20,13,True,False,0.22249947085836652,1.0000000000000002,2.0000000000000018,0.5249510650546911
noisy,0,0,0.2,0,20,14,True,False,0.22249947085836652,1.0000000000000002,2.0000000000000018,0.5249510650546911
noisy,0,0,0.2,0,20,15,True,False,0.22249947085836652,1.0000000000000002,2.0000000000000018,0.5249510650546911
noisy,0,0,0.2,0,20,16,True,False,0.22249947085836652,1.0000000000000002,2.0000000000000018,0.5249510650546911
noisy,0,0,0.2,0,20,17,True,False,0.22249947085836652,1.0000000000000002,2.0000000000000018,0.5249510650546911
noisy,0,0,0.2,0,20,18,True,False,0.22249947085836652,1.0000000000000002,2.0000000000000018,0.5249510650546911
noisy,0,0,0.2,0,20,19,True,False,0.22249947085836652,1.0000000000000002,2.0000000000000018,0.5249510650546911
noisy,0,0,0.2,0,20,20,True,False,0.22249947085836652,1.0000000000000002,2.0000000000000018,0.5249510650546911
noisy,0,0,0.2,0,20,21,True,False,0.22249947085836652,1.0000000000000002,2.0000000000000018,0.5249510650546911
noisy,0,0,0.2,0,20,22,True,False,0.22249947085836652,1.0000000000000002,2.0000000000000018,0.5249510650546911
noisy,0,0,0.2,0,20,23,True,False,0.22249947085836652,1.0000000000000002,2.0000000000000018,0.5249510650546911
noisy,0,0,0.2,0,20,24,True,False,0.22249947085836652,1.0000000000000002,2.0000000000000018,0.5249510650546911
noisy,0,0,0.2,0,20,25,True,False,0.22249947085836652,1.0000000000000002,2.0000000000000018,0.5249510650546911
noisy,0,0,0.2,0,20,26,True,False,0.22249947085836652,1.0000000000000002,2.0000000000000018,0.5249510650546911
noisy,0,0,0.2,0,20,27,True,False,0.22249947085836652,1.0000000000000002,2.0000000000000018,0.5249510650546911
noisy,0,0,0.2,0,20,28,True,False,0.22249947085836652,1.0000000000000002,2.0000000000000018,0.5249510650546911
noisy,0,0,0.2,0,20,29,True,False,0.22249947085836652,1.0000000000000002,2.0000000000000018,0.5249510650546911
noisy,0,0,0.2,0,20,30,True,False,0.22249947085836652,1.0000000000000002,2.0000000000000018,0.5249510650546911
noisy,0,0,0.2,0,20,31,True,False,0.22249947085836652,1.0000000000000002,2.0000000000000018,0.5249510650546911
noisy,0,0,0.2,0,20,32,True,False,0.22249947085836652,1.0000000000000002,2.0000000000000018,0.5249510650546911
noisy,0,0,0.2,0,20,33,True,False,0.22249947085836652,1.0000000000000002,2.0000000000000018,0.5249510650546911
noisy,0,0,0.2,0,20,34,True,False,0.22249947085836652,1.0000000000000002,2.0000000000000018,0.5249510650546911
noisy,0,0,0.2,0,20,35,True,False,0.22249947085836652,1.0000000000000002,2.0000000000000018,0.5249510650546911
noisy,0,0,0.2,0,20,36,True,False,0.22249947085836652,1.0000000000000002,2.0000000000000018,0.5249510650546911
noisy,0,0,0.2,0,20,37,True,False,0.22249947085836652,1.0000000000000002,2.0000000000000018,0.5249510650546911
noisy,0,0,0.2,0,20,38,True,False,0.22249947085836652,1.0000000000000002,2.0000000000000018,0.5249510650546911
noisy,0,0,0.2,0,20,39,True,False,0.22249947085836652,1.0000000000000002,2.0000000000000018,0.5249510650546911
noisy,0,0,0.2,0,20,40,True,False,0.22249947085836652,1.0000000000000002,2.0000000000000018,0.5249510650546911
noisy,0,0,0.2,0,20,41,True,False,0.22249947085836652,1.0000000000000002,2.0000000000000018,0.5249510650546911
noisy,0,0,0.2,0,20,42,True,False,0.22249947085836652,1.0000000000000002,2.0000000000000018,0.5249510650546911
noisy,0,0,0.2,0,20,43,True,False,0.22249947085836652,1.0000000000000002,2.0000000000000018,0.5249510650546911
noisy,0,0,0.2,0,20,44,True,False,0.22249947085836652,1.0000000000000002,2.0000000000000018,0.5249510650546911
noisy,0,0,0.2,0,20,45,True,False,0.22249947085836652,1.0000000000000002,2.0000000000000018,0.5249510650546911
noisy,0,0,0.2,0,20,46,True,False,0.22249947085836652,1.0000000000000002,2.0000000000000018,0.5249510650546911
noisy,0,0,0.2,0,20,47,True,False,0.22249947085836652,1.0000000000000002,2.0000000000000018,0.5249510650546911
noisy,0,0,0.2,0,20,48,True,False,0.22249947085836652,1.0000000000000002,2.0000000000000018,0.5249510650546911
noisy,0,0,0.2,0,20,49,True,False,0.22249947085836652,1.0000000000000002,2.0000000000000018,0.5249510650546911
noisy,0,0,0.2,0,20,50,True,False,0.22249947085836652,1.0000000000000002,2.0000000000000018,0.5249510650546911
noisy,0,0,0.2,0,20,51,True,False,0.22249947085836652,1.0000000000000002,2.0000000000000018,0.5249510650546911
noisy,0,0,0.2,0,20,52,True,False,0.22249947085836652,1.0000000000000002,2.0000000000000018,0.5249510650546911
noisy,0,0,0.2,0,20,53,True,False,0.22249947085836652,1.0000000000000002,2.0000000000000018,0.5249510650546911
noisy,0,0,0.2,0,20,54,True,False,0.22249947085836652,1.0000000000000002,2.0000000000000018,0.5249510650546911
noisy,0,0,0.2,0,20,55,True,False,0.22249947085836652,1.0000000000000002,2.0000000000000018,0.5249510650546911
noisy,0,0,0.2,0,20,56,True,False,0.22249947085836652,1.0000000000000002,2.0000000000000018,0.5249510650546911
noisy,0,0,0.2,0,20,57,True,False,0.22249947085836652,1.0000000000000002,2.0000000000000018,0.5249510650546911
noisy,0,0,0.2,0,20,58,True,False,0.22249947085836652,1.0000000000000002,2.0000000000000018,0.5249510650546911
noisy,0,0,0.2,0,20,59,True,False,0.22249947085836652,1.0000000000000002,2.0000000000000018,0.5249510650546911
noisy,0,0,0.2,0,20,60,True,False,0.22249947085836652,1.0000000000000002,2.0000000000000018,0.5249510650546911
noisy,0,0,0.2,0,20,61,True,False,0.22249947085836652,1.0000000000000002,2.0000000000000018,0.5249510650546911
noisy,0,0,0.2,0,20,62,True,False,0.22249947085836652,1.0000000000000002,2.0000000000000018,0.5249510650546911
noisy,0,0,0.2,0,20,63,True,False,0.22249947085836652,1.0000000000000002,2.0000000000000018,0.5249510650546911
noisy,0,0,0.2,0,20,64,True,False,0.22249947085836652,1.0000000000000002,2.0000000000000018,0.5249510650546911
noisy,0,0,0.2,0,20,65,True,False,0.22249947085836652,1.0000000000000002,2.0000000000000018,0.5249510650546911
noisy,0,0,0.2,0,20,66,True,False,0.22249947085836652,1.0000000000000002,2.0000000000000018,0.5249510650546911
noisy,0,0,0.2,0,20,67,True,False,0.22249947085836652,1.0000000000000002,2.0000000000000018,0.5249510650546911
noisy,0,0,0.2,0,20,68,True,False,0.22249947085836652,1.0000000000000002,2.0000000000000018,0.5249510650546911
noisy,0,0,0.2,0,20,69,True,False,0.22249947085836652,1.0000000000000002,2.0000000000000018,0.5249510650546911
noisy,0,0,0.2,0,20,70,True,False,0.22249947085836652,1.0000000000000002,2.0000000000000018,0.5249510650546911
noisy,0,0,0.2,0,20,71,True,False,0.22249947085836652,1.0000000000000002,2.0000000000000018,0.5249510650546911
noisy,0,0,0.2,0,20,72,True,False,0.22249947085836652,1.0000000000000002,2.0000000000000018,0.5249510650546911
noisy,0,0,0.2,0,20,73,True,False,0.22249947085836652,1.0000000000000002,2.0000000000000018,0.5249510650546911
noisy,0,0,0.2,0,20,74,True,False,0.22249947085836652,1.0000000000000002,2.0000000000000018,0.5249510650546911
noisy,0,0,0.2,0,20,75,True,False,0.22249947085836652,1.0000000000000002,2.0000000000000018,0.5249510650546911
noisy,0,0,0.2,0,20,76,True,False,0.22249947085836652,1.0000000000000002,2.0000000000000018,0.5249510650546911
noisy,0,0,0.2,0,20,77,True,False,0.22249947085836652,1.0000000000000002,2.0000000000000018,0.5249510650546911
noisy,0,0,0.2,0,20,78,True,False,0.22249947085836652,1.0000000000000002,2.0000000000000018,0.5249510650546911
noisy,0,0,0.2,0,20,79,True,False,0.22249947085836652,1.0000000000000002,2.0000000000000018,0.5249510650546911
noisy,0,0,0.2,0,20,80,True,False,0.22249947085836652,1.0000000000000002,2.0000000000000018,0.5249510650546911
noisy,0,0,0.2,0,20,81,True,False,0.22249947085836652,1.0000000000000002,2.0000000000000018,0.5249510650546911
noisy,0,0,0.2,0,20,82,True,False,0.22249947085836652,1.0000000000000002,2.0000000000000018,0.5249510650546911
noisy,0,0,0.2,0,20,83,True,False,0.22249947085836652,1.0000000000000002,2.0000000000000018,0.5249510650546911
noisy,0,0,0.2,0,20,84,True,False,0.22249947085836652,1.0000000000000002,2.0000000000000018,0.5249510650546911
noisy,0,0,0.2,0,20,85,True,False,0.22249947085836652,1.0000000000000002,2.0000000000000018,0.5249510650546911
noisy,0,0,0.2,0,20,86,True,False,0.22249947085836652,1.0000000000000002,2.0000000000000018,0.5249510650546911
noisy,0,0,0.2,0,20,87,True,False,0.22249947085836652,1.0000000000000002,2.0000000000000018,0.5249510650546911
noisy,0,0,0.2,0,20,88,True,False,0.22249947085836652,1.0000000000000002,2.0000000000000018,0.5249510650546911
noisy,0,0,0.2,0,20,89,True,False,0.22249947085836652,1.0000000000000002,2.0000000000000018,0.5249510650546911
noisy,0,0,0.2,0,20,90,True,False,0.22249947085836652,1.0000000000000002,2.0000000000000018,0.5249510650546911
noisy,0,0,0.2,0,20,91,True,False,0.22249947085836652,1.0000000000000002,2.0000000000000018,0.5249510650546911
noisy,0,0,0.2,0,20,92,True,False,0.22249947085836652,1.0000000000000002,2.0000000000000018,0.5249510650546911
noisy,0,0,0.2,0,20,93,True,False,0.22249947085836652,1.0000000000000002,2.0000000000000018,0.5249510650546911
noisy,0,0,0.2,0,20,94,True,False,0.22249947085836652,1.0000000000000002,2.0000000000000018,0.5249510650546911
noisy,0,0,0.2,0,20,95,True,False,0.22249947085836652,1.0000000000000002,2.0000000000000018,0.5249510650546911
noisy,0,0,0.2,0,20,96,True,False,0.22249947085836652,1.0000000000000002,2.0000000000000018,0.5249510650546911
noisy,0,0,0.2,0,20,97,True,False,0.22249947085836652,1.0000000000000002,2.0000000000000018,0.5249510650546911
noisy,0,0,0.2,0,20,98,True,False,0.22249947085836652,1.0000000000000002,2.0000000000000018,0.5249510650546911
noisy,0,0,0.2,0,20,99,True,False,0.22249947085836652,1.0000000000000002,2.0000000000000018,0.5249510650546911
noisy,0,0,0.2,0,20,100,True,False,0.22249947085836652,1.0000000000000002,2.0000000000000018,0.5249510650546911
kalman,0,0,0.2,0,20,1,False,True,-0.04177050047939446,,0.5,0.5252811466495477
kalman,0,0,0.2,0,20,2,False,True,-0.04177050047939446,,0.5,0.5252811466495477
kalman,0,0,0.2,0,20,3,False,True,-0.04177050047939446,,0.5,0.5252811466495477
kalman,0,0,0.2,0,20,4,False,True,-0.04177050047939446,,0.5,0.5252811466495477
kalman,0,0,0.2,0,20,5,False,True,-0.04177050047939446,,0.5,0.5252811466495477
kalman,0,0,0.2,0,20,6,False,True,-0.04177050047939446,,0.5,0.5252811466495477
kalman,0,0,0.2,0,20,7,False,True,-0.04177050047939446,,0.5,0.5252811466495477
kalman,0,0,0.2,0,20,8,False,True,-0.04177050047939446,,0.5,0.5252811466495477
kalman,0,0,0.2,0,20,9,False,True,-0.04177050047939446,,0.5,0.5252811466495477
kalman,0,0,0.2,0,20,10,False,True,-0.04177050047939446,,0.5,0.5252811466495477
kalman,0,0,0.2,0,20,11,False,True,-0.04177050047939446,,0.5,0.5252811466495477
kalman,0,0,0.2,0,20,12,False,True,-0.04177050047939446,,0.5,0.5252811466495477
kalman,0,0,0.2,0,20,13,False,True,-0.04177050047939446,,0.5,0.5252811466495477
kalman,0,0,0.2,0,20,14,False,True,-0.04177050047939446,,0.5,0.5252811466495477
kalman,0,0,0.2,0,20,15,False,True,-0.04177050047939446,,0.5,0.5252811466495477
kalman,0,0,0.2,0,20,16,False,True,-0.04177050047939446,,0.5,0.5252811466495477
kalman,0,0,0.2,0,20,17,False,True,-0.04177050047939446,,0.5,0.5252811466495477
kalman,0,0,0.2,0,20,18,False,True,-0.04177050047939446,,0.5,0.5252811466495477
kalman,0,0,0.2,0,20,19,False,True,-0.04177050047939446,,0.5,0.5252811466495477
kalman,0,0,0.2,0,20,20,False,True,-0.04177050047939446,,0.5,0.5252811466495477
kalman,0,0,0.2,0,20,21,False,True,-0.04177050047939446,,0.5,0.5252811466495477
kalman,0,0,0.2,0,20,22,False,True,-0.04177050047939446,,0.5,0.5252811466495477
kalman,0,0,0.2,0,20,23,False,True,-0.04177050047939446,,0.5,0.5252811466495477
kalman,0,0,0.2,0,20,24,False,True,-0.04177050047939446,,0.5,0.5252811466495477
kalman,0,0,0.2,0,20,25,False,True,-0.04177050047939446,,0.5,0.5252811466495477
kalman,0,0,0.2,0,20,26,False,True,-0.04177050047939446,,0.5,0.5252811466495477
kalman,0,0,0.2,0,20,27,False,True,-0.04177050047939446,,0.5,0.5252811466495477
kalman,0,0,0.2,0,20,28,False,True,-0.04177050047939446,,0.5,0.5252811466495477
kalman,0,0,0.2,0,20,29,False,True,-0.04177050047939446,,0.5,0.5252811466495477
kalman,0,0,0.2,0,20,30,False,True,-0.04177050047939446,,0.5,0.5252811466495477
kalman,0,0,0.2,0,20,31,False,True,-0.04177050047939446,,0.5,0.5252811466495477
kalman,0,0,0.2,0,20,32,False,True,-0.04177050047939446,,0.5,0.5252811466495477
kalman,0,0,0.2,0,20,33,False,True,-0.04177050047939446,,0.5,0.5252811466495477
kalman,0,0,0.2,0,20,34,False,True,-0.04177050047939446,,0.5,0.5252811466495477
kalman,0,0,0.2,0,20,35,False,True,-0.04177050047939446,,0.5,0.5252811466495477
kalman,0,0,0.2,0,20,36,False,True,-0.04177050047939446,,0.5,0.5252811466495477
kalman,0,0,0.2,0,20,37,False,True,-0.04177050047939446,,0.5,0.5252811466495477
kalman,0,0,0.2,0,20,38,False,True,-0.04177050047939446,,0.5,0.5252811466495477
kalman,0,0,0.2,0,20,39,False,True,-0.04177050047939446,,0.5,0.5252811466495477
kalman,0,0,0.2,0,20,40,False,True,-0.04177050047939446,,0.5,0.5252811466495477
kalman,0,0,0.2,0,20,41,False,True,-0.04177050047939446,,0.5,0.5252811466495477
kalman,0,0,0.2,0,20,42,False,True,-0.04177050047939446,,0.5,0.5252811466495477
kalman,0,0,0.2,0,20,43,False,True,-0.04177050047939446,,0.5,0.5252811466495477
kalman,0,0,0.2,0,20,44,False,True,-0.04177050047939446,,0.5,0.5252811466495477
kalman,0,0,0.2,0,20,45,False,True,-0.04177050047939446,,0.5,0.5252811466495477
kalman,0,0,0.2,0,20,46,False,True,-0.04177050047939446,,0.5,0.5252811466495477
kalman,0,0,0.2,0,20,47,False,True,-0.04177050047939446,,0.5,0.5252811466495477
kalman,0,0,0.2,0,20,48,False,True,-0.04177050047939446,,0.5,0.5252811466495477
kalman,0,0,0.2,0,20,49,False,True,-0.04177050047939446,,0.5,0.5252811466495477
kalman,0,0,0.2,0,20,50,False,True,-0.04177050047939446,,0.5,0.5252811466495477
kalman,0,0,0.2,0,20,51,False,True,-0.04177050047939446,,0.5,0.5252811466495477
kalman,0,0,0.2,0,20,52,False,True,-0.04177050047939446,,0.5,0.5252811466495477
kalman,0,0,0.2,0,20,53,False,True,-0.04177050047939446,,0.5,0.5252811466495477
kalman,0,0,0.2,0,20,54,False,True,-0.04177050047939446,,0.5,0.5252811466495477
kalman,0,0,0.2,0,20,55,False,True,-0.04177050047939446,,0.5,0.5252811466495477
kalman,0,0,0.2,0,20,56,False,True,-0.04177050047939446,,0.5,0.5252811466495477
kalman,0,0,0.2,0,20,57,False,True,-0.04177050047939446,,0.5,0.5252811466495477
kalman,0,0,0.2,0,20,58,False,True,-0.04177050047939446,,0.5,0.5252811466495477
kalman,0,0,0.2,0,20,59,False,True,-0.04177050047939446,,0.5,0.5252811466495477
kalman,0,0,0.2,0,20,60,False,True,-0.04177050047939446,,0.5,0.5252811466495477
kalman,0,0,0.2,0,20,61,False,True,-0.04177050047939446,,0.5,0.5252811466495477
kalman,0,0,0.2,0,20,62,False,True,-0.04177050047939446,,0.5,0.5252811466495477
kalman,0,0,0.2,0,20,63,False,True,-0.04177050047939446,,0.5,0.5252811466495477
kalman,0,0,0.2,0,20,64,False,True,-0.04177050047939446,,0.5,0.5252811466495477
kalman,0,0,0.2,0,20,65,False,True,-0.04177050047939446,,0.5,0.5252811466495477
kalman,0,0,0.2,0,20,66,False,True,-0.04177050047939446,,0.5,0.5252811466495477
kalman,0,0,0.2,0,20,67,False,True,-0.04177050047939446,,0.5,0.5252811466495477
kalman,0,0,0.2,0,20,68,False,True,-0.04177050047939446,,0.5,0.5252811466495477
kalman,0,0,0.2,0,20,69,False,True,-0.04177050047939446,,0.5,0.5252811466495477
kalman,0,0,0.2,0,20,70,False,True,-0.04177050047939446,,0.5,0.5252811466495477
kalman,0,0,0.2,0,20,71,False,True,-0.04177050047939446,,0.5,0.5252811466495477
kalman,0,0,0.2,0,20,72,False,True,-0.04177050047939446,,0.5,0.5252811466495477
kalman,0,0,0.2,0,20,73,False,True,-0.04177050047939446,,0.5,0.5252811466495477
kalman,0,0,0.2,0,20,74,False,True,-0.04177050047939446,,0.5,0.5252811466495477
kalman,0,0,0.2,0,20,75,False,True,-0.04177050047939446,,0.5,0.5252811466495477
kalman,0,0,0.2,0,20,76,False,True,-0.04177050047939446,,0.5,0.5252811466495477
kalman,0,0,0.2,0,20,77,False,True,-0.04177050047939446,,0.5,0.5252811466495477
kalman,0,0,0.2,0,20,78,False,True,-0.04177050047939446,,0.5,0.5252811466495477
kalman,0,0,0.2,0,20,79,False,True,-0.04177050047939446,,0.5,0.5252811466495477
kalman,0,0,0.2,0,20,80,False,True,-0.04177050047939446,,0.5,0.5252811466495477
kalman,0,0,0.2,0,20,81,False,True,-0.04177050047939446,,0.5,0.5252811466495477
kalman,0,0,0.2,0,20,82,False,True,-0.04177050047939446,,0.5,0.5252811466495477
kalman,0,0,0.2,0,20,83,False,True,-0.04177050047939446,,0.5,0.5252811466495477
kalman,0,0,0.2,0,20,84,False,True,-0.04177050047939446,,0.5,0.5252811466495477
kalman,0,0,0.2,0,20,85,False,True,-0.04177050047939446,,0.5,0.5252811466495477
kalman,0,0,0.2,0,20,86,False,True,-0.04177050047939446,,0.5,0.5252811466495477
kalman,0,0,0.2,0,20,87,False,True,-0.04177050047939446,,0.5,0.5252811466495477
kalman,0,0,0.2,0,20,88,False,True,-0.04177050047939446,,0.5,0.5252811466495477
kalman,0,0,0.2,0,20,89,False,True,-0.04177050047939446,,0.5,0.5252811466495477
kalman,0,0,0.2,0,20,90,False,True,-0.04177050047939446,,0.5,0.5252811466495477
kalman,0,0,0.2,0,20,91,False,True,-0.04177050047939446,,0.5,0.5252811466495477
kalman,0,0,0.2,0,20,92,False,True,-0.04177050047939446,,0.5,0.5252811466495477
kalman,0,0,0.2,0,20,93,False,True,-0.04177050047939446,,0.5,0.5252811466495477
kalman,0,0,0.2,0,20,94,False,True,-0.04177050047939446,,0.5,0.5252811466495477
kalman,0,0,0.2,0,20,95,False,True,-0.04177050047939446,,0.5,0.5252811466495477
kalman,0,0,0.2,0,20,96,False,True,-0.04177050047939446,,0.5,0.5252811466495477
kalman,0,0,0.2,0,20,97,False,True,-0.04177050047939446,,0.5,0.5252811466495477
kalman,0,0,0.2,0,20,98,False,True,-0.04177050047939446,,0.5,0.5252811466495477
kalman,0,0,0.2,0,20,99,False,True,-0.04177050047939446,,0.5,0.5252811466495477
kalman,0,0,0.2,0,20,100,False,True,-0.04177050047939446,,0.5,0.5252811466495477
ground_truth,0,0,0.3,0,20,1,True,False,0.0932591781715284,0.9500000000000003,1.9,
ground_truth,0,0,0.3,0,20,2,True,False,0.0932591781715284,0.9500000000000003,1.9,
ground_truth,0,0,0.3,0,20,3,True,False,0.0932591781715284,0.9500000000000003,1.9,
ground_truth,0,0,0.3,0,20,4,True,False,0.0932591781715284,0.9500000000000003,1.9,
ground_truth,0,0,0.3,0,20,5,True,False,0.0932591781715284,0.9500000000000003,1.9,
ground_truth,0,0,0.3,0,20,6,True,False,0.0932591781715284,0.9500000000000003,1.9,
ground_truth,0,0,0.3,0,20,7,True,False,0.0932591781715284,0.9500000000000003,1.9,
ground_truth,0,0,0.3,0,20,8,True,False,0.0932591781715284,0.9500000000000003,1.9,
ground_truth,0,0,0.3,0,20,9,True,False,0.0932591781715284,0.9500000000000003,1.9,
ground_truth,0,0,0.3,0,20,10,True,False,0.0932591781715284,0.9500000000000003,1.9,
ground_truth,0,0,0.3,0,20,11,True,False,0.0932591781715284,0.9500000000000003,1.9,
ground_truth,0,0,0.3,0,20,12,True,False,0.0932591781715284,0.9500000000000003,1.9,
ground_truth,0,0,0.3,0,20,13,True,False,0.0932591781715284,0.9500000000000003,1.9,
ground_truth,0,0,0.3,0,20,14,True,False,0.0932591781715284,0.9500000000000003,1.9,
ground_truth,0,0,0.3,0,20,15,True,False,0.0932591781715284,0.9500000000000003,1.9,
ground_truth,0,0,0.3,0,20,16,True,False,0.0932591781715284,0.9500000000000003,1.9,
ground_truth,0,0,0.3,0,20,17,True,False,0.0932591781715284,0.9500000000000003,1.9,
ground_truth,0,0,0.3,0,20,18,True,False,0.0932591781715284,0.9500000000000003,1.9,
ground_truth,0,0,0.3,0,20,19,True,False,0.0932591781715284,0.9500000000000003,1.9,
ground_truth,0,0,0.3,0,20,20,True,False,0.0932591781715284,0.9500000000000003,1.9,
ground_truth,0,0,0.3,0,20,21,True,False,0.0932591781715284,0.9500000000000003,1.9,
ground_truth,0,0,0.3,0,20,22,True,False,0.0932591781715284,0.9500000000000003,1.9,
ground_truth,0,0,0.3,0,20,23,True,False,0.0932591781715284,0.9500000000000003,1.9,
ground_truth,0,0,0.3,0,20,24,True,False,0.0932591781715284,0.9500000000000003,1.9,
ground_truth,0,0,0.3,0,20,25,True,False,0.0932591781715284,0.9500000000000003,1.9,
ground_truth,0,0,0.3,0,20,26,True,False,0.0932591781715284,0.9500000000000003,1.9,
ground_truth,0,0,0.3,0,20,27,True,False,0.0932591781715284,0.9500000000000003,1.9,
ground_truth,0,0,0.3,0,20,28,True,False,0.0932591781715284,0.9500000000000003,1.9,
ground_truth,0,0,0.3,0,20,29,True,False,0.0932591781715284,0.9500000000000003,1.9,
ground_truth,0,0,0.3,0,20,30,True,False,0.0932591781715284,0.9500000000000003,1.9,
ground_truth,0,0,0.3,0,20,31,True,False,0.0932591781715284,0.9500000000000003,1.9,
ground_truth,0,0,0.3,0,20,32,True,False,0.0932591781715284,0.9500000000000003,1.9,
ground_truth,0,0,0.3,0,20,33,True,False,0.0932591781715284,0.9500000000000003,1.9,
ground_truth,0,0,0.3,0,20,34,True,False,0.0932591781715284,0.9500000000000003,1.9,
ground_truth,0,0,0.3,0,20,35,True,False,0.0932591781715284,0.9500000000000003,1.9,
ground_truth,0,0,0.3,0,20,36,True,False,0.0932591781715284,0.9500000000000003,1.9,
ground_truth,0,0,0.3,0,20,37,True,False,0.0932591781715284,0.9500000000000003,1.9,
ground_truth,0,0,0.3,0,20,38,True,False,0.0932591781715284,0.9500000000000003,1.9,
ground_truth,0,0,0.3,0,20,39,True,False,0.0932591781715284,0.9500000000000003,1.9,
ground_truth,0,0,0.3,0,20,40,True,False,0.0932591781715284,0.9500000000000003,1.9,
ground_truth,0,0,0.3,0,20,41,True,False,0.0932591781715284,0.9500000000000003,1.9,
ground_truth,0,0,0.3,0,20,42,True,False,0.0932591781715284,0.9500000000000003,1.9,
ground_truth,0,0,0.3,0,20,43,True,False,0.0932591781715284,0.9500000000000003,1.9,
ground_truth,0,0,0.3,0,20,44,True,False,0.0932591781715284,0.9500000000000003,1.9,
ground_truth,0,0,0.3,0,20,45,True,False,0.0932591781715284,0.9500000000000003,1.9,
ground_truth,0,0,0.3,0,20,46,True,False,0.0932591781715284,0.9500000000000003,1.9,
ground_truth,0,0,0.3,0,20,47,True,False,0.0932591781715284,0.9500000000000003,1.9,
ground_truth,0,0,0.3,0,20,48,True,False,0.0932591781715284,0.9500000000000003,1.9,
ground_truth,0,0,0.3,0,20,49,True,False,0.0932591781715284,0.9500000000000003,1.9,
ground_truth,0,0,0.3,0,20,50,True,False,0.0932591781715284,0.9500000000000003,1.9,
ground_truth,0,0,0.3,0,20,51,True,False,0.0932591781715284,0.9500000000000003,1.9,
ground_truth,0,0,0.3,0,20,52,True,False,0.0932591781715284,0.9500000000000003,1.9,
ground_truth,0,0,0.3,0,20,53,True,False,0.0932591781715284,0.9500000000000003,1.9,
ground_truth,0,0,0.3,0,20,54,True,False,0.0932591781715284,0.9500000000000003,1.9,
ground_truth,0,0,0.3,0,20,55,True,False,0.0932591781715284,0.9500000000000003,1.9,
ground_truth,0,0,0.3,0,20,56,True,False,0.0932591781715284,0.9500000000000003,1.9,
ground_truth,0,0,0.3,0,20,57,True,False,0.0932591781715284,0.9500000000000003,1.9,
ground_truth,0,0,0.3,0,20,58,True,False,0.0932591781715284,0.9500000000000003,1.9,
ground_truth,0,0,0.3,0,20,59,True,False,0.0932591781715284,0.9500000000000003,1.9,
ground_truth,0,0,0.3,0,20,60,True,False,0.0932591781715284,0.9500000000000003,1.9,
ground_truth,0,0,0.3,0,20,61,True,False,0.0932591781715284,0.9500000000000003,1.9,
ground_truth,0,0,0.3,0,20,62,True,False,0.0932591781715284,0.9500000000000003,1.9,
ground_truth,0,0,0.3,0,20,63,True,False,0.0932591781715284,0.9500000000000003,1.9,
ground_truth,0,0,0.3,0,20,64,True,False,0.0932591781715284,0.9500000000000003,1.9,
ground_truth,0,0,0.3,0,20,65,True,False,0.0932591781715284,0.9500000000000003,1.9,
ground_truth,0,0,0.3,0,20,66,True,False,0.0932591781715284,0.9500000000000003,1.9,
ground_truth,0,0,0.3,0,20,67,True,False,0.0932591781715284,0.9500000000000003,1.9,
ground_truth,0,0,0.3,0,20,68,True,False,0.0932591781715284,0.9500000000000003,1.9,
ground_truth,0,0,0.3,0,20,69,True,False,0.0932591781715284,0.9500000000000003,1.9,
ground_truth,0,0,0.3,0,20,70,True,False,0.0932591781715284,0.9500000000000003,1.9,
ground_truth,0,0,0.3,0,20,71,True,False,0.0932591781715284,0.9500000000000003,1.9,
ground_truth,0,0,0.3,0,20,72,True,False,0.0932591781715284,0.9500000000000003,1.9,
ground_truth,0,0,0.3,0,20,73,True,False,0.0932591781715284,0.9500000000000003,1.9,
ground_truth,0,0,0.3,0,20,74,True,False,0.0932591781715284,0.9500000000000003,1.9,
ground_truth,0,0,0.3,0,20,75,True,False,0.0932591781715284,0.9500000000000003,1.9,
ground_truth,0,0,0.3,0,20,76,True,False,0.0932591781715284,0.9500000000000003,1.9,
ground_truth,0,0,0.3,0,20,77,True,False,0.0932591781715284,0.9500000000000003,1.9,
ground_truth,0,0,0.3,0,20,78,True,False,0.0932591781715284,0.9500000000000003,1.9,
ground_truth,0,0,0.3,0,20,79,True,False,0.0932591781715284,0.9500000000000003,1.9,
ground_truth,0,0,0.3,0,20,80,True,False,0.0932591781715284,0.9500000000000003,1.9,
ground_truth,0,0,0.3,0,20,81,True,False,0.0932591781715284,0.9500000000000003,1.9,
ground_truth,0,0,0.3,0,20,82,True,False,0.0932591781715284,0.9500000000000003,1.9,
ground_truth,0,0,0.3,0,20,83,True,False,0.0932591781715284,0.9500000000000003,1.9,
ground_truth,0,0,0.3,0,20,84,True,False,0.0932591781715284,0.9500000000000003,1.9,
ground_truth,0,0,0.3,0,20,85,True,False,0.0932591781715284,0.9500000000000003,1.9,
ground_truth,0,0,0.3,0,20,86,True,False,0.0932591781715284,0.9500000000000003,1.9,
ground_truth,0,0,0.3,0,20,87,True,False,0.0932591781715284,0.9500000000000003,1.9,
ground_truth,0,0,0.3,0,20,88,True,False,0.0932591781715284,0.9500000000000003,1.9,
ground_truth,0,0,0.3,0,20,89,True,False,0.0932591781715284,0.9500000000000003,1.9,
ground_truth,0,0,0.3,0,20,90,True,False,0.0932591781715284,0.9500000000000003,1.9,
ground_truth,0,0,0.3,0,20,91,True,False,0.0932591781715284,0.9500000000000003,1.9,
ground_truth,0,0,0.3,0,20,92,True,False,0.0932591781715284,0.9500000000000003,1.9,
ground_truth,0,0,0.3,0,20,93,True,False,0.0932591781715284,0.9500000000000003,1.9,
ground_truth,0,0,0.3,0,20,94,True,False,0.0932591781715284,0.9500000000000003,1.9,
ground_truth,0,0,0.3,0,20,95,True,False,0.0932591781715284,0.9500000000000003,1.9,
ground_truth,0,0,0.3,0,20,96,True,False,0.0932591781715284,0.9500000000000003,1.9,
ground_truth,0,0,0.3,0,20,97,True,False,0.0932591781715284,0.9500000000000003,1.9,
ground_truth,0,0,0.3,0,20,98,True,False,0.0932591781715284,0.9500000000000003,1.9,
ground_truth,0,0,0.3,0,20,99,True,False,0.0932591781715284,0.9500000000000003,1.9,
ground_truth,0,0,0.3,0,20,100,True,False,0.0932591781715284,0.9500000000000003,1.9,
noisy,0,0,0.3,0,20,1,True,False,0.21571317939403278,1.0000000000000002,1.999999999999998,0.6173268921095003
noisy,0,0,0.3,0,20,2,True,False,0.21571317939403278,1.0000000000000002,1.999999999999998,0.6173268921095003
noisy,0,0,0.3,0,20,3,True,False,0.21571317939403278,1.0000000000000002,1.999999999999998,0.6173268921095003
noisy,0,0,0.3,0,20,4,True,False,0.21571317939403278,1.0000000000000002,1.999999999999998,0.6173268921095003
noisy,0,0,0.3,0,20,5,True,False,0.21571317939403278,1.0000000000000002,1.999999999999998,0.6173268921095003
noisy,0,0,0.3,0,20,6,True,False,0.21571317939403278,1.0000000000000002,1.999999999999998,0.6173268921095003
noisy,0,0,0.3,0,20,7,True,False,0.21571317939403278,1.0000000000000002,1.999999999999998,0.6173268921095003
noisy,0,0,0.3,0,20,8,True,False,0.21571317939403278,1.0000000000000002,1.999999999999998,0.6173268921095003
noisy,0,0,0.3,0,20,9,True,False,0.21571317939403278,1.0000000000000002,1.999999999999998,0.6173268921095003
noisy,0,0,0.3,0,20,10,True,False,0.21571317939403278,1.0000000000000002,1.999999999999998,0.6173268921095003
noisy,0,0,0.3,0,20,11,True,False,0.21571317939403278,1.0000000000000002,1.999999999999998,0.6173268921095003
noisy,0,0,0.3,0,20,12,True,False,0.21571317939403278,1.0000000000000002,1.999999999999998,0.6173268921095003
noisy,0,0,0.3,0,20,13,True,False,0.21571317939403278,1.0000000000000002,1.999999999999998,0.6173268921095003
noisy,0,0,0.3,0,20,14,True,False,0.21571317939403278,1.0000000000000002,1.999999999999998,0.6173268921095003
noisy,0,0,0.3,0,20,15,True,False,0.21571317939403278,1.0000000000000002,1.999999999999998,0.6173268921095003
noisy,0,0,0.3,0,20,16,True,False,0.21571317939403278,1.0000000000000002,1.999999999999998,0.6173268921095003
noisy,0,0,0.3,0,20,17,True,False,0.21571317939403278,1.0000000000000002,1.999999999999998,0.6173268921095003
noisy,0,0,0.3,0,20,18,True,False,0.21571317939403278,1.0000000000000002,1.999999999999998,0.6173268921095003
noisy,0,0,0.3,0,20,19,True,False,0.21571317939403278,1.0000000000000002,1.999999999999998,0.6173268921095003
noisy,0,0,0.3,0,20,20,True,False,0.21571317939403278,1.0000000000000002,1.999999999999998,0.6173268921095003
noisy,0,0,0.3,0,20,21,True,False,0.21571317939403278,1.0000000000000002,1.999999999999998,0.6173268921095003
noisy,0,0,0.3,0,20,22,True,False,0.21571317939403278,1.0000000000000002,1.999999999999998,0.6173268921095003
noisy,0,0,0.3,0,20,23,True,False,0.21571317939403278,1.0000000000000002,1.999999999999998,0.6173268921095003
noisy,0,0,0.3,0,20,24,True,False,0.21571317939403278,1.0000000000000002,1.999999999999998,0.6173268921095003
noisy,0,0,0.3,0,20,25,True,False,0.21571317939403278,1.0000000000000002,1.999999999999998,0.6173268921095003
noisy,0,0,0.3,0,20,26,True,False,0.21571317939403278,1.0000000000000002,1.999999999999998,0.6173268921095003
noisy,0,0,0.3,0,20,27,True,False,0.21571317939403278,1.0000000000000002,1.999999999999998,0.6173268921095003
noisy,0,0,0.3,0,20,28,True,False,0.21571317939403278,1.0000000000000002,1.999999999999998,0.6173268921095003
noisy,0,0,0.3,0,20,29,True,False,0.21571317939403278,1.0000000000000002,1.999999999999998,0.6173268921095003
noisy,0,0,0.3,0,20,30,True,False,0.21571317939403278,1.0000000000000002,1.999999999999998,0.6173268921095003
noisy,0,0,0.3,0,20,31,True,False,0.21571317939403278,1.0000000000000002,1.999999999999998,0.6173268921095003
noisy,0,0,0.3,0,20,32,True,False,0.21571317939403278,1.0000000000000002,1.999999999999998,0.6173268921095003
noisy,0,0,0.3,0,20,33,True,False,0.21571317939403278,1.0000000000000002,1.999999999999998,0.6173268921095003
noisy,0,0,0.3,0,20,34,True,False,0.21571317939403278,1.0000000000000002,1.999999999999998,0.6173268921095003
noisy,0,0,0.3,0,20,35,True,False,0.21571317939403278,1.0000000000000002,1.999999999999998,0.6173268921095003
noisy,0,0,0.3,0,20,36,True,False,0.21571317939403278,1.0000000000000002,1.999999999999998,0.6173268921095003
noisy,0,0,0.3,0,20,37,True,False,0.21571317939403278,1.0000000000000002,1.999999999999998,0.6173268921095003
noisy,0,0,0.3,0,20,38,True,False,0.21571317939403278,1.0000000000000002,1.999999999999998,0.6173268921095003
noisy,0,0,0.3,0,20,39,True,False,0.21571317939403278,1.0000000000000002,1.999999999999998,0.6173268921095003
noisy,0,0,0.3,0,20,40,True,False,0.21571317939403278,1.0000000000000002,1.999999999999998,0.6173268921095003
noisy,0,0,0.3,0,20,41,True,False,0.21571317939403278,1.0000000000000002,1.999999999999998,0.6173268921095003
noisy,0,0,0.3,0,20,42,True,False,0.21571317939403278,1.0000000000000002,1.999999999999998,0.6173268921095003
noisy,0,0,0.3,0,20,43,True,False,0.21571317939403278,1.0000000000000002,1.999999999999998,0.6173268921095003
noisy,0,0,0.3,0,20,44,True,False,0.21571317939403278,1.0000000000000002,1.999999999999998,0.6173268921095003
noisy,0,0,0.3,0,20,45,True,False,0.21571317939403278,1.0000000000000002,1.999999999999998,0.6173268921095003
noisy,0,0,0.3,0,20,46,True,False,0.21571317939403278,1.0000000000000002,1.999999999999998,0.6173268921095003
noisy,0,0,0.3,0,20,47,True,False,0.21571317939403278,1.0000000000000002,1.999999999999998,0.6173268921095003
noisy,0,0,0.3,0,20,48,True,False,0.21571317939403278,1.0000000000000002,1.999999999999998,0.6173268921095003
noisy,0,0,0.3,0,20,49,True,False,0.21571317939403278,1.0000000000000002,1.999999999999998,0.6173268921095003
noisy,0,0,0.3,0,20,50,True,False,0.21571317939403278,1.0000000000000002,1.999999999999998,0.6173268921095003
noisy,0,0,0.3,0,20,51,True,False,0.21571317939403278,1.0000000000000002,1.999999999999998,0.6173268921095003
noisy,0,0,0.3,0,20,52,True,False,0.21571317939403278,1.0000000000000002,1.999999999999998,0.6173268921095003
noisy,0,0,0.3,0,20,53,True,False,0.21571317939403278,1.0000000000000002,1.999999999999998,0.6173268921095003
noisy,0,0,0.3,0,20,54,True,False,0.21571317939403278,1.0000000000000002,1.999999999999998,0.6173268921095003
noisy,0,0,0.3,0,20,55,True,False,0.21571317939403278,1.0000000000000002,1.999999999999998,0.6173268921095003
noisy,0,0,0.3,0,20,56,True,False,0.21571317939403278,1.0000000000000002,1.999999999999998,0.6173268921095003
noisy,0,0,0.3,0,20,57,True,False,0.21571317939403278,1.0000000000000002,1.999999999999998,0.6173268921095003
noisy,0,0,0.3,0,20,58,True,False,0.21571317939403278,1.0000000000000002,1.999999999999998,0.6173268921095003
noisy,0,0,0.3,0,20,59,True,False,0.21571317939403278,1.0000000000000002,1.999999999999998,0.6173268921095003
noisy,0,0,0.3,0,20,60,True,False,0.21571317939403278,1.0000000000000002,1.999999999999998,0.6173268921095003
noisy,0,0,0.3,0,20,61,True,False,0.21571317939403278,1.0000000000000002,1.999999999999998,0.6173268921095003
noisy,0,0,0.3,0,20,62,True,False,0.21571317939403278,1.0000000000000002,1.999999999999998,0.6173268921095003
noisy,0,0,0.3,0,20,63,True,False,0.21571317939403278,1.0000000000000002,1.999999999999998,0.6173268921095003
noisy,0,0,0.3,0,20,64,True,False,0.21571317939403278,1.0000000000000002,1.999999999999998,0.6173268921095003
noisy,0,0,0.3,0,20,65,True,False,0.21571317939403278,1.0000000000000002,1.999999999999998,0.6173268921095003
noisy,0,0,0.3,0,20,66,True,False,0.21571317939403278,1.0000000000000002,1.999999999999998,0.6173268921095003
noisy,0,0,0.3,0,20,67,True,False,0.21571317939403278,1.0000000000000002,1.999999999999998,0.6173268921095003
noisy,0,0,0.3,0,20,68,True,False,0.21571317939403278,1.0000000000000002,1.999999999999998,0.6173268921095003
noisy,0,0,0.3,0,20,69,True,False,0.21571317939403278,1.0000000000000002,1.999999999999998,0.6173268921095003
noisy,0,0,0.3,0,20,70,True,False,0.21571317939403278,1.0000000000000002,1.999999999999998,0.6173268921095003
noisy,0,0,0.3,0,20,71,True,False,0.21571317939403278,1.0000000000000002,1.999999999999998,0.6173268921095003
noisy,0,0,0.3,0,20,72,True,False,0.21571317939403278,1.0000000000000002,1.999999999999998,0.6173268921095003
noisy,0,0,0.3,0,20,73,True,False,0.21571317939403278,1.0000000000000002,1.999999999999998,0.6173268921095003
noisy,0,0,0.3,0,20,74,True,False,0.21571317939403278,1.0000000000000002,1.999999999999998,0.6173268921095003
noisy,0,0,0.3,0,20,75,True,False,0.21571317939403278,1.0000000000000002,1.999999999999998,0.6173268921095003
noisy,0,0,0.3,0,20,76,True,False,0.21571317939403278,1.0000000000000002,1.999999999999998,0.6173268921095003
noisy,0,0,0.3,0,20,77,True,False,0.21571317939403278,1.0000000000000002,1.999999999999998,0.6173268921095003
noisy,0,0,0.3,0,20,78,True,False,0.21571317939403278,1.0000000000000002,1.999999999999998,0.6173268921095003
noisy,0,0,0.3,0,20,79,True,False,0.21571317939403278,1.0000000000000002,1.999999999999998,0.6173268921095003
noisy,0,0,0.3,0,20,80,True,False,0.21571317939403278,1.0000000000000002,1.999999999999998,0.6173268921095003
noisy,0,0,0.3,0,20,81,True,False,0.21571317939403278,1.0000000000000002,1.999999999999998,0.6173268921095003
noisy,0,0,0.3,0,20,82,True,False,0.21571317939403278,1.0000000000000002,1.999999999999998,0.6173268921095003
noisy,0,0,0.3,0,20,83,True,False,0.21571317939403278,1.0000000000000002,1.999999999999998,0.6173268921095003
noisy,0,0,0.3,0,20,84,True,False,0.21571317939403278,1.0000000000000002,1.999999999999998,0.6173268921095003
noisy,0,0,0.3,0,20,85,True,False,0.21571317939403278,1.0000000000000002,1.999999999999998,0.6173268921095003
noisy,0,0,0.3,0,20,86,True,False,0.21571317939403278,1.0000000000000002,1.999999999999998,0.6173268921095003
noisy,0,0,0.3,0,20,87,True,False,0.21571317939403278,1.0000000000000002,1.999999999999998,0.6173268921095003
noisy,0,0,0.3,0,20,88,True,False,0.21571317939403278,1.0000000000000002,1.999999999999998,0.6173268921095003
noisy,0,0,0.3,0,20,89,True,False,0.21571317939403278,1.0000000000000002,1.999999999999998,0.6173268921095003
noisy,0,0,0.3,0,20,90,True,False,0.21571317939403278,1.0000000000000002,1.999999999999998,0.6173268921095003
noisy,0,0,0.3,0,20,91,True,False,0.21571317939403278,1.0000000000000002,1.999999999999998,0.6173268921095003
noisy,0,0,0.3,0,20,92,True,False,0.21571317939403278,1.0000000000000002,1.999999999999998,0.6173268921095003
noisy,0,0,0.3,0,20,93,True,False,0.21571317939403278,1.0000000000000002,1.999999999999998,0.6173268921095003
noisy,0,0,0.3,0,20,94,True,False,0.21571317939403278,1.0000000000000002,1.999999999999998,0.6173268921095003
noisy,0,0,0.3,0,20,95,True,False,0.21571317939403278,1.0000000000000002,1.999999999999998,0.6173268921095003
noisy,0,0,0.3,0,20,96,True,False,0.21571317939403278,1.0000000000000002,1.999999999999998,0.6173268921095003
noisy,0,0,0.3,0,20,97,True,False,0.21571317939403278,1.0000000000000002,1.999999999999998,0.6173268921095003
noisy,0,0,0.3,0,20,98,True,False,0.21571317939403278,1.0000000000000002,1.999999999999998,0.6173268921095003
noisy,0,0,0.3,0,20,99,True,False,0.21571317939403278,1.0000000000000002,1.999999999999998,0.6173268921095003
noisy,0,0,0.3,0,20,100,True,False,0.21571317939403278,1.0000000000000002,1.999999999999998,0.6173268921095003
kalman,0,0,0.3,0,20,1,False,True,-0.048601041870988126,,0.5000000000000006,0.6176076052357061
kalman,0,0,0.3,0,20,2,False,True,-0.048601041870988126,,0.5000000000000006,0.6176076052357061
kalman,0,0,0.3,0,20,3,False,True,-0.048601041870988126,,0.5000000000000006,0.6176076052357061
kalman,0,0,0.3,0,20,4,False,True,-0.048601041870988126,,0.5000000000000006,0.6176076052357061
kalman,0,0,0.3,0,20,5,False,True,-0.048601041870988126,,0.5000000000000006,0.6176076052357061
kalman,0,0,0.3,0,20,6,False,True,-0.048601041870988126,,0.5000000000000006,0.6176076052357061
kalman,0,0,0.3,0,20,7,False,True,-0.048601041870988126,,0.5000000000000006,0.6176076052357061
kalman,0,0,0.3,0,20,8,False,True,-0.048601041870988126,,0.5000000000000006,0.6176076052357061
kalman,0,0,0.3,0,20,9,False,True,-0.048601041870988126,,0.5000000000000006,0.6176076052357061
kalman,0,0,0.3,0,20,10,False,True,-0.048601041870988126,,0.5000000000000006,0.6176076052357061
kalman,0,0,0.3,0,20,11,False,True,-0.048601041870988126,,0.5000000000000006,0.6176076052357061
kalman,0,0,0.3,0,20,12,False,True,-0.048601041870988126,,0.5000000000000006,0.6176076052357061
kalman,0,0,0.3,0,20,13,False,True,-0.048601041870988126,,0.5000000000000006,0.6176076052357061
kalman,0,0,0.3,0,20,14,False,True,-0.048601041870988126,,0.5000000000000006,0.6176076052357061
kalman,0,0,0.3,0,20,15,False,True,-0.048601041870988126,,0.5000000000000006,0.6176076052357061
kalman,0,0,0.3,0,20,16,False,True,-0.048601041870988126,,0.5000000000000006,0.6176076052357061
kalman,0,0,0.3,0,20,17,False,True,-0.048601041870988126,,0.5000000000000006,0.6176076052357061
kalman,0,0,0.3,0,20,18,False,True,-0.048601041870988126,,0.5000000000000006,0.6176076052357061
kalman,0,0,0.3,0,20,19,False,True,-0.048601041870988126,,0.5000000000000006,0.6176076052357061
kalman,0,0,0.3,0,20,20,False,True,-0.048601041870988126,,0.5000000000000006,0.6176076052357061
kalman,0,0,0.3,0,20,21,False,True,-0.048601041870988126,,0.5000000000000006,0.6176076052357061
kalman,0,0,0.3,0,20,22,False,True,-0.048601041870988126,,0.5000000000000006,0.6176076052357061
kalman,0,0,0.3,0,20,23,False,True,-0.048601041870988126,,0.5000000000000006,0.6176076052357061
kalman,0,0,0.3,0,20,24,False,True,-0.048601041870988126,,0.5000000000000006,0.6176076052357061
kalman,0,0,0.3,0,20,25,False,True,-0.048601041870988126,,0.5000000000000006,0.6176076052357061
kalman,0,0,0.3,0,20,26,False,True,-0.048601041870988126,,0.5000000000000006,0.6176076052357061
kalman,0,0,0.3,0,20,27,False,True,-0.048601041870988126,,0.5000000000000006,0.6176076052357061
kalman,0,0,0.3,0,20,28,False,True,-0.048601041870988126,,0.5000000000000006,0.6176076052357061
kalman,0,0,0.3,0,20,29,False,True,-0.048601041870988126,,0.5000000000000006,0.6176076052357061
kalman,0,0,0.3,0,20,30,False,True,-0.048601041870988126,,0.5000000000000006,0.6176076052357061
kalman,0,0,0.3,0,20,31,False,True,-0.048601041870988126,,0.5000000000000006,0.6176076052357061
kalman,0,0,0.3,0,20,32,False,True,-0.048601041870988126,,0.5000000000000006,0.6176076052357061
kalman,0,0,0.3,0,20,33,False,True,-0.048601041870988126,,0.5000000000000006,0.6176076052357061
kalman,0,0,0.3,0,20,34,False,True,-0.048601041870988126,,0.5000000000000006,0.6176076052357061
kalman,0,0,0.3,0,20,35,False,True,-0.048601041870988126,,0.5000000000000006,0.6176076052357061
kalman,0,0,0.3,0,20,36,False,True,-0.048601041870988126,,0.5000000000000006,0.6176076052357061
kalman,0,0,0.3,0,20,37,False,True,-0.048601041870988126,,0.5000000000000006,0.6176076052357061
kalman,0,0,0.3,0,20,38,False,True,-0.048601041870988126,,0.5000000000000006,0.6176076052357061
kalman,0,0,0.3,0,20,39,False,True,-0.048601041870988126,,0.5000000000000006,0.6176076052357061
kalman,0,0,0.3,0,20,40,False,True,-0.048601041870988126,,0.5000000000000006,0.6176076052357061
kalman,0,0,0.3,0,20,41,False,True,-0.048601041870988126,,0.5000000000000006,0.6176076052357061
kalman,0,0,0.3,0,20,42,False,True,-0.048601041870988126,,0.5000000000000006,0.6176076052357061
kalman,0,0,0.3,0,20,43,False,True,-0.048601041870988126,,0.5000000000000006,0.6176076052357061
kalman,0,0,0.3,0,20,44,False,True,-0.048601041870988126,,0.5000000000000006,0.6176076052357061
kalman,0,0,0.3,0,20,45,False,True,-0.048601041870988126,,0.5000000000000006,0.6176076052357061
kalman,0,0,0.3,0,20,46,False,True,-0.048601041870988126,,0.5000000000000006,0.6176076052357061
kalman,0,0,0.3,0,20,47,False,True,-0.048601041870988126,,0.5000000000000006,0.6176076052357061
kalman,0,0,0.3,0,20,48,False,True,-0.048601041870988126,,0.5000000000000006,0.6176076052357061
kalman,0,0,0.3,0,20,49,False,True,-0.048601041870988126,,0.5000000000000006,0.6176076052357061
kalman,0,0,0.3,0,20,50,False,True,-0.048601041870988126,,0.5000000000000006,0.6176076052357061
kalman,0,0,0.3,0,20,51,False,True,-0.048601041870988126,,0.5000000000000006,0.6176076052357061
kalman,0,0,0.3,0,20,52,False,True,-0.048601041870988126,,0.5000000000000006,0.6176076052357061
kalman,0,0,0.3,0,20,53,False,True,-0.048601041870988126,,0.5000000000000006,0.6176076052357061
kalman,0,0,0.3,0,20,54,False,True,-0.048601041870988126,,0.5000000000000006,0.6176076052357061
kalman,0,0,0.3,0,20,55,False,True,-0.048601041870988126,,0.5000000000000006,0.6176076052357061
kalman,0,0,0.3,0,20,56,False,True,-0.048601041870988126,,0.5000000000000006,0.6176076052357061
kalman,0,0,0.3,0,20,57,False,True,-0.048601041870988126,,0.5000000000000006,0.6176076052357061
kalman,0,0,0.3,0,20,58,False,True,-0.048601041870988126,,0.5000000000000006,0.6176076052357061
kalman,0,0,0.3,0,20,59,False,True,-0.048601041870988126,,0.5000000000000006,0.6176076052357061
kalman,0,0,0.3,0,20,60,False,True,-0.048601041870988126,,0.5000000000000006,0.6176076052357061
kalman,0,0,0.3,0,20,61,False,True,-0.048601041870988126,,0.5000000000000006,0.6176076052357061
kalman,0,0,0.3,0,20,62,False,True,-0.048601041870988126,,0.5000000000000006,0.6176076052357061
kalman,0,0,0.3,0,20,63,False,True,-0.048601041870988126,,0.5000000000000006,0.6176076052357061
kalman,0,0,0.3,0,20,64,False,True,-0.048601041870988126,,0.5000000000000006,0.6176076052357061
kalman,0,0,0.3,0,20,65,False,True,-0.048601041870988126,,0.5000000000000006,0.6176076052357061
kalman,0,0,0.3,0,20,66,False,True,-0.048601041870988126,,0.5000000000000006,0.6176076052357061
kalman,0,0,0.3,0,20,67,False,True,-0.048601041870988126,,0.5000000000000006,0.6176076052357061
kalman,0,0,0.3,0,20,68,False,True,-0.048601041870988126,,0.5000000000000006,0.6176076052357061
kalman,0,0,0.3,0,20,69,False,True,-0.048601041870988126,,0.5000000000000006,0.6176076052357061
kalman,0,0,0.3,0,20,70,False,True,-0.048601041870988126,,0.5000000000000006,0.6176076052357061
kalman,0,0,0.3,0,20,71,False,True,-0.048601041870988126,,0.5000000000000006,0.6176076052357061
kalman,0,0,0.3,0,20,72,False,True,-0.048601041870988126,,0.5000000000000006,0.6176076052357061
kalman,0,0,0.3,0,20,73,False,True,-0.048601041870988126,,0.5000000000000006,0.6176076052357061
kalman,0,0,0.3,0,20,74,False,True,-0.048601041870988126,,0.5000000000000006,0.6176076052357061
kalman,0,0,0.3,0,20,75,False,True,-0.048601041870988126,,0.5000000000000006,0.6176076052357061
kalman,0,0,0.3,0,20,76,False,True,-0.048601041870988126,,0.5000000000000006,0.6176076052357061
kalman,0,0,0.3,0,20,77,False,True,-0.048601041870988126,,0.5000000000000006,0.6176076052357061
kalman,0,0,0.3,0,20,78,False,True,-0.048601041870988126,,0.5000000000000006,0.6176076052357061
kalman,0,0,0.3,0,20,79,False,True,-0.048601041870988126,,0.5000000000000006,0.6176076052357061
kalman,0,0,0.3,0,20,80,False,True,-0.048601041870988126,,0.5000000000000006,0.6176076052357061
kalman,0,0,0.3,0,20,81,False,True,-0.048601041870988126,,0.5000000000000006,0.6176076052357061
kalman,0,0,0.3,0,20,82,False,True,-0.048601041870988126,,0.5000000000000006,0.6176076052357061
kalman,0,0,0.3,0,20,83,False,True,-0.048601041870988126,,0.5000000000000006,0.6176076052357061
kalman,0,0,0.3,0,20,84,False,True,-0.048601041870988126,,0.5000000000000006,0.6176076052357061
kalman,0,0,0.3,0,20,85,False,True,-0.048601041870988126,,0.5000000000000006,0.6176076052357061
kalman,0,0,0.3,0,20,86,False,True,-0.048601041870988126,,0.5000000000000006,0.6176076052357061
kalman,0,0,0.3,0,20,87,False,True,-0.048601041870988126,,0.5000000000000006,0.6176076052357061
kalman,0,0,0.3,0,20,88,False,True,-0.048601041870988126,,0.5000000000000006,0.6176076052357061
kalman,0,0,0.3,0,20,89,False,True,-0.048601041870988126,,0.5000000000000006,0.6176076052357061
kalman,0,0,0.3,0,20,90,False,True,-0.048601041870988126,,0.5000000000000006,0.6176076052357061
kalman,0,0,0.3,0,20,91,False,True,-0.048601041870988126,,0.5000000000000006,0.6176076052357061
kalman,0,0,0.3,0,20,92,False,True,-0.048601041870988126,,0.5000000000000006,0.6176076052357061
kalman,0,0,0.3,0,20,93,False,True,-0.048601041870988126,,0.5000000000000006,0.6176076052357061
kalman,0,0,0.3,0,20,94,False,True,-0.048601041870988126,,0.5000000000000006,0.6176076052357061
kalman,0,0,0.3,0,20,95,False,True,-0.048601041870988126,,0.5000000000000006,0.6176076052357061
kalman,0,0,0.3,0,20,96,False,True,-0.048601041870988126,,0.5000000000000006,0.6176076052357061
kalman,0,0,0.3,0,20,97,False,True,-0.048601041870988126,,0.5000000000000006,0.6176076052357061
kalman,0,0,0.3,0,20,98,False,True,-0.048601041870988126,,0.5000000000000006,0.6176076052357061
kalman,0,0,0.3,0,20,99,False,True,-0.048601041870988126,,0.5000000000000006,0.6176076052357061
kalman,0,0,0.3,0,20,100,False,True,-0.048601041870988126,,0.5000000000000006,0.6176076052357061
ground_truth,0,0,0.4,0,20,1,True,False,0.0932591781715284,0.9500000000000003,1.9,
ground_truth,0,0,0.4,0,20,2,True,False,0.0932591781715284,0.9500000000000003,1.9,
ground_truth,0,0,0.4,0,20,3,True,False,0.0932591781715284,0.9500000000000003,1.9,
ground_truth,0,0,0.4,0,20,4,True,False,0.0932591781715284,0.9500000000000003,1.9,
ground_truth,0,0,0.4,0,20,5,True,False,0.0932591781715284,0.9500000000000003,1.9,
ground_truth,0,0,0.4,0,20,6,True,False,0.0932591781715284,0.9500000000000003,1.9,
ground_truth,0,0,0.4,0,20,7,True,False,0.0932591781715284,0.9500000000000003,1.9,
ground_truth,0,0,0.4,0,20,8,True,False,0.0932591781715284,0.9500000000000003,1.9,
ground_truth,0,0,0.4,0,20,9,True,False,0.0932591781715284,0.9500000000000003,1.9,
ground_truth,0,0,0.4,0,20,10,True,False,0.0932591781715284,0.9500000000000003,1.9,
ground_truth,0,0,0.4,0,20,11,True,False,0.0932591781715284,0.9500000000000003,1.9,
ground_truth,0,0,0.4,0,20,12,True,False,0.0932591781715284,0.9500000000000003,1.9,
ground_truth,0,0,0.4,0,20,13,True,False,0.0932591781715284,0.9500000000000003,1.9,
ground_truth,0,0,0.4,0,20,14,True,False,0.0932591781715284,0.9500000000000003,1.9,
ground_truth,0,0,0.4,0,20,15,True,False,0.0932591781715284,0.9500000000000003,1.9,
ground_truth,0,0,0.4,0,20,16,True,False,0.0932591781715284,0.9500000000000003,1.9,
ground_truth,0,0,0.4,0,20,17,True,False,0.0932591781715284,0.9500000000000003,1.9,
ground_truth,0,0,0.4,0,20,18,True,False,0.0932591781715284,0.9500000000000003,1.9,
ground_truth,0,0,0.4,0,20,19,True,False,0.0932591781715284,0.9500000000000003,1.9,
ground_truth,0,0,0.4,0,20,20,True,False,0.0932591781715284,0.9500000000000003,1.9,
ground_truth,0,0,0.4,0,20,21,True,False,0.0932591781715284,0.9500000000000003,1.9,
ground_truth,0,0,0.4,0,20,22,True,False,0.0932591781715284,0.9500000000000003,1.9,
ground_truth,0,0,0.4,0,20,23,True,False,0.0932591781715284,0.9500000000000003,1.9,
ground_truth,0,0,0.4,0,20,24,True,False,0.0932591781715284,0.9500000000000003,1.9,
ground_truth,0,0,0.4,0,20,25,True,False,0.0932591781715284,0.9500000000000003,1.9,
ground_truth,0,0,0.4,0,20,26,True,False,0.0932591781715284,0.9500000000000003,1.9,
ground_truth,0,0,0.4,0,20,27,True,False,0.0932591781715284,0.9500000000000003,1.9,
ground_truth,0,0,0.4,0,20,28,True,False,0.0932591781715284,0.9500000000000003,1.9,
ground_truth,0,0,0.4,0,20,29,True,False,0.0932591781715284,0.9500000000000003,1.9,
ground_truth,0,0,0.4,0,20,30,True,False,0.0932591781715284,0.9500000000000003,1.9,
ground_truth,0,0,0.4,0,20,31,True,False,0.0932591781715284,0.9500000000000003,1.9,
ground_truth,0,0,0.4,0,20,32,True,False,0.0932591781715284,0.9500000000000003,1.9,
ground_truth,0,0,0.4,0,20,33,True,False,0.0932591781715284,0.9500000000000003,1.9,
ground_truth,0,0,0.4,0,20,34,True,False,0.0932591781715284,0.9500000000000003,1.9,
ground_truth,0,0,0.4,0,20,35,True,False,0.0932591781715284,0.9500000000000003,1.9,
ground_truth,0,0,0.4,0,20,36,True,False,0.0932591781715284,0.9500000000000003,1.9,
ground_truth,0,0,0.4,0,20,37,True,False,0.0932591781715284,0.9500000000000003,1.9,
ground_truth,0,0,0.4,0,20,38,True,False,0.0932591781715284,0.9500000000000003,1.9,
ground_truth,0,0,0.4,0,20,39,True,False,0.0932591781715284,0.9500000000000003,1.9,
ground_truth,0,0,0.4,0,20,40,True,False,0.0932591781715284,0.9500000000000003,1.9,
ground_truth,0,0,0.4,0,20,41,True,False,0.0932591781715284,0.9500000000000003,1.9,
ground_truth,0,0,0.4,0,20,42,True,False,0.0932591781715284,0.9500000000000003,1.9,
ground_truth,0,0,0.4,0,20,43,True,False,0.0932591781715284,0.9500000000000003,1.9,
ground_truth,0,0,0.4,0,20,44,True,False,0.0932591781715284,0.9500000000000003,1.9,
ground_truth,0,0,0.4,0,20,45,True,False,0.0932591781715284,0.9500000000000003,1.9,
ground_truth,0,0,0.4,0,20,46,True,False,0.0932591781715284,0.9500000000000003,1.9,
ground_truth,0,0,0.4,0,20,47,True,False,0.0932591781715284,0.9500000000000003,1.9,
ground_truth,0,0,0.4,0,20,48,True,False,0.0932591781715284,0.9500000000000003,1.9,
ground_truth,0,0,0.4,0,20,49,True,False,0.0932591781715284,0.9500000000000003,1.9,
ground_truth,0,0,0.4,0,20,50,True,False,0.0932591781715284,0.9500000000000003,1.9,
ground_truth,0,0,0.4,0,20,51,True,False,0.0932591781715284,0.9500000000000003,1.9,
ground_truth,0,0,0.4,0,20,52,True,False,0.0932591781715284,0.9500000000000003,1.9,
ground_truth,0,0,0.4,0,20,53,True,False,0.0932591781715284,0.9500000000000003,1.9,
ground_truth,0,0,0.4,0,20,54,True,False,0.0932591781715284,0.9500000000000003,1.9,
ground_truth,0,0,0.4,0,20,55,True,False,0.0932591781715284,0.9500000000000003,1.9,
ground_truth,0,0,0.4,0,20,56,True,False,0.0932591781715284,0.9500000000000003,1.9,
ground_truth,0,0,0.4,0,20,57,True,False,0.0932591781715284,0.9500000000000003,1.9,
ground_truth,0,0,0.4,0,20,58,True,False,0.0932591781715284,0.9500000000000003,1.9,
ground_truth,0,0,0.4,0,20,59,True,False,0.0932591781715284,0.9500000000000003,1.9,
ground_truth,0,0,0.4,0,20,60,True,False,0.0932591781715284,0.9500000000000003,1.9,
ground_truth,0,0,0.4,0,20,61,True,False,0.0932591781715284,0.9500000000000003,1.9,
ground_truth,0,0,0.4,0,20,62,True,False,0.0932591781715284,0.9500000000000003,1.9,
ground_truth,0,0,0.4,0,20,63,True,False,0.0932591781715284,0.9500000000000003,1.9,
ground_truth,0,0,0.4,0,20,64,True,False,0.0932591781715284,0.9500000000000003,1.9,
ground_truth,0,0,0.4,0,20,65,True,False,0.0932591781715284,0.9500000000000003,1.9,
ground_truth,0,0,0.4,0,20,66,True,False,0.0932591781715284,0.9500000000000003,1.9,
ground_truth,0,0,0.4,0,20,67,True,False,0.0932591781715284,0.9500000000000003,1.9,
ground_truth,0,0,0.4,0,20,68,True,False,0.0932591781715284,0.9500000000000003,1.9,
ground_truth,0,0,0.4,0,20,69,True,False,0.0932591781715284,0.9500000000000003,1.9,
ground_truth,0,0,0.4,0,20,70,True,False,0.0932591781715284,0.9500000000000003,1.9,
ground_truth,0,0,0.4,0,20,71,True,False,0.0932591781715284,0.9500000000000003,1.9,
ground_truth,0,0,0.4,0,20,72,True,False,0.0932591781715284,0.9500000000000003,1.9,
ground_truth,0,0,0.4,0,20,73,True,False,0.0932591781715284,0.9500000000000003,1.9,
ground_truth,0,0,0.4,0,20,74,True,False,0.0932591781715284,0.9500000000000003,1.9,
ground_truth,0,0,0.4,0,20,75,True,False,0.0932591781715284,0.9500000000000003,1.9,
ground_truth,0,0,0.4,0,20,76,True,False,0.0932591781715284,0.9500000000000003,1.9,
ground_truth,0,0,0.4,0,20,77,True,False,0.0932591781715284,0.9500000000000003,1.9,
ground_truth,0,0,0.4,0,20,78,True,False,0.0932591781715284,0.9500000000000003,1.9,
ground_truth,0,0,0.4,0,20,79,True,False,0.0932591781715284,0.9500000000000003,1.9,
ground_truth,0,0,0.4,0,20,80,True,False,0.0932591781715284,0.9500000000000003,1.9,
ground_truth,0,0,0.4,0,20,81,True,False,0.0932591781715284,0.9500000000000003,1.9,
ground_truth,0,0,0.4,0,20,82,True,False,0.0932591781715284,0.9500000000000003,1.9,
ground_truth,0,0,0.4,0,20,83,True,False,0.0932591781715284,0.9500000000000003,1.9,
ground_truth,0,0,0.4,0,20,84,True,False,0.0932591781715284,0.9500000000000003,1.9,
ground_truth,0,0,0.4,0,20,85,True,False,0.0932591781715284,0.9500000000000003,1.9,
ground_truth,0,0,0.4,0,20,86,True,False,0.0932591781715284,0.9500000000000003,1.9,
ground_truth,0,0,0.4,0,20,87,True,False,0.0932591781715284,0.9500000000000003,1.9,
ground_truth,0,0,0.4,0,20,88,True,False,0.0932591781715284,0.9500000000000003,1.9,
ground_truth,0,0,0.4,0,20,89,True,False,0.0932591781715284,0.9500000000000003,1.9,
ground_truth,0,0,0.4,0,20,90,True,False,0.0932591781715284,0.9500000000000003,1.9,
ground_truth,0,0,0.4,0,20,91,True,False,0.0932591781715284,0.9500000000000003,1.9,
ground_truth,0,0,0.4,0,20,92,True,False,0.0932591781715284,0.9500000000000003,1.9,
ground_truth,0,0,0.4,0,20,93,True,False,0.0932591781715284,0.9500000000000003,1.9,
ground_truth,0,0,0.4,0,20,94,True,False,0.0932591781715284,0.9500000000000003,1.9,
ground_truth,0,0,0.4,0,20,95,True,False,0.0932591781715284,0.9500000000000003,1.9,
ground_truth,0,0,0.4,0,20,96,True,False,0.0932591781715284,0.9500000000000003,1.9,
ground_truth,0,0,0.4,0,20,97,True,False,0.0932591781715284,0.9500000000000003,1.9,
ground_truth,0,0,0.4,0,20,98,True,False,0.0932591781715284,0.9500000000000003,1.9,
ground_truth,0,0,0.4,0,20,99,True,False,0.0932591781715284,0.9500000000000003,1.9,
ground_truth,0,0,0.4,0,20,100,True,False,0.0932591781715284,0.9500000000000003,1.9,
noisy,0,0,0.4,0,20,1,True,False,0.22225318187922483,1.0000000000000002,1.9999999999999998,0.7110296684118652
noisy,0,0,0.4,0,20,2,True,False,0.22225318187922483,1.0000000000000002,1.9999999999999998,0.7110296684118652
noisy,0,0,0.4,0,20,3,True,False,0.22225318187922483,1.0000000000000002,1.9999999999999998,0.7110296684118652
noisy,0,0,0.4,0,20,4,True,False,0.22225318187922483,1.0000000000000002,1.9999999999999998,0.7110296684118652
noisy,0,0,0.4,0,20,5,True,False,0.22225318187922483,1.0000000000000002,1.9999999999999998,0.7110296684118652
noisy,0,0,0.4,0,20,6,True,False,0.22225318187922483,1.0000000000000002,1.9999999999999998,0.7110296684118652
noisy,0,0,0.4,0,20,7,True,False,0.22225318187922483,1.0000000000000002,1.9999999999999998,0.7110296684118652
noisy,0,0,0.4,0,20,8,True,False,0.22225318187922483,1.0000000000000002,1.9999999999999998,0.7110296684118652
noisy,0,0,0.4,0,20,9,True,False,0.22225318187922483,1.0000000000000002,1.9999999999999998,0.7110296684118652
noisy,0,0,0.4,0,20,10,True,False,0.22225318187922483,1.0000000000000002,1.9999999999999998,0.7110296684118652
noisy,0,0,0.4,0,20,11,True,False,0.22225318187922483,1.0000000000000002,1.9999999999999998,0.7110296684118652
noisy,0,0,0.4,0,20,12,True,False,0.22225318187922483,1.0000000000000002,1.9999999999999998,0.7110296684118652
noisy,0,0,0.4,0,20,13,True,False,0.22225318187922483,1.0000000000000002,1.9999999999999998,0.7110296684118652
noisy,0,0,0.4,0,20,14,True,False,0.22225318187922483,1.0000000000000002,1.9999999999999998,0.7110296684118652
noisy,0,0,0.4,0,20,15,True,False,0.22225318187922483,1.0000000000000002,1.9999999999999998,0.7110296684118652
noisy,0,0,0.4,0,20,16,True,False,0.22225318187922483,1.0000000000000002,1.9999999999999998,0.7110296684118652
noisy,0,0,0.4,0,20,17,True,False,0.22225318187922483,1.0000000000000002,1.9999999999999998,0.7110296684118652
noisy,0,0,0.4,0,20,18,True,False,0.22225318187922483,1.0000000000000002,1.9999999999999998,0.7110296684118652
noisy,0,0,0.4,0,20,19,True,False,0.22225318187922483,1.0000000000000002,1.9999999999999998,0.7110296684118652
noisy,0,0,0.4,0,20,20,True,False,0.22225318187922483,1.0000000000000002,1.9999999999999998,0.7110296684118652
noisy,0,0,0.4,0,20,21,True,False,0.22225318187922483,1.0000000000000002,1.9999999999999998,0.7110296684118652
noisy,0,0,0.4,0,20,22,True,False,0.22225318187922483,1.0000000000000002,1.9999999999999998,0.7110296684118652
noisy,0,0,0.4,0,20,23,True,False,0.22225318187922483,1.0000000000000002,1.9999999999999998,0.7110296684118652
noisy,0,0,0.4,0,20,24,True,False,0.22225318187922483,1.0000000000000002,1.9999999999999998,0.7110296684118652
noisy,0,0,0.4,0,20,25,True,False,0.22225318187922483,1.0000000000000002,1.9999999999999998,0.7110296684118652
noisy,0,0,0.4,0,20,26,True,False,0.22225318187922483,1.0000000000000002,1.9999999999999998,0.7110296684118652
noisy,0,0,0.4,0,20,27,True,False,0.22225318187922483,1.0000000000000002,1.9999999999999998,0.7110296684118652
noisy,0,0,0.4,0,20,28,True,False,0.22225318187922483,1.0000000000000002,1.9999999999999998,0.7110296684118652
noisy,0,0,0.4,0,20,29,True,False,0.22225318187922483,1.0000000000000002,1.9999999999999998,0.7110296684118652
noisy,0,0,0.4,0,20,30,True,False,0.22225318187922483,1.0000000000000002,1.9999999999999998,0.7110296684118652
noisy,0,0,0.4,0,20,31,True,False,0.22225318187922483,1.0000000000000002,1.9999999999999998,0.7110296684118652
noisy,0,0,0.4,0,20,32,True,False,0.22225318187922483,1.0000000000000002,1.9999999999999998,0.7110296684118652
noisy,0,0,0.4,0,20,33,True,False,0.22225318187922483,1.0000000000000002,1.9999999999999998,0.7110296684118652
noisy,0,0,0.4,0,20,34,True,False,0.22225318187922483,1.0000000000000002,1.9999999999999998,0.7110296684118652
noisy,0,0,0.4,0,20,35,True,False,0.22225318187922483,1.0000000000000002,1.9999999999999998,0.7110296684118652
noisy,0,0,0.4,0,20,36,True,False,0.22225318187922483,1.0000000000000002,1.9999999999999998,0.7110296684118652
noisy,0,0,0.4,0,20,37,True,False,0.22225318187922483,1.0000000000000002,1.9999999999999998,0.7110296684118652
noisy,0,0,0.4,0,20,38,True,False,0.22225318187922483,1.0000000000000002,1.9999999999999998,0.7110296684118652
noisy,0,0,0.4,0,20,39,True,False,0.22225318187922483,1.0000000000000002,1.9999999999999998,0.7110296684118652
noisy,0,0,0.4,0,20,40,True,False,0.22225318187922483,1.0000000000000002,1.9999999999999998,0.7110296684118652
noisy,0,0,0.4,0,20,41,True,False,0.22225318187922483,1.0000000000000002,1.9999999999999998,0.7110296684118652
noisy,0,0,0.4,0,20,42,True,False,0.22225318187922483,1.0000000000000002,1.9999999999999998,0.7110296684118652
noisy,0,0,0.4,0,20,43,True,False,0.22225318187922483,1.0000000000000002,1.9999999999999998,0.7110296684118652
noisy,0,0,0.4,0,20,44,True,False,0.22225318187922483,1.0000000000000002,1.9999999999999998,0.7110296684118652
noisy,0,0,0.4,0,20,45,True,False,0.22225318187922483,1.0000000000000002,1.9999999999999998,0.7110296684118652
noisy,0,0,0.4,0,20,46,True,False,0.22225318187922483,1.0000000000000002,1.9999999999999998,0.7110296684118652
noisy,0,0,0.4,0,20,47,True,False,0.22225318187922483,1.0000000000000002,1.9999999999999998,0.7110296684118652
noisy,0,0,0.4,0,20,48,True,False,0.22225318187922483,1.0000000000000002,1.9999999999999998,0.7110296684118652
noisy,0,0,0.4,0,20,49,True,False,0.22225318187922483,1.0000000000000002,1.9999999999999998,0.7110296684118652
noisy,0,0,0.4,0,20,50,True,False,0.22225318187922483,1.0000000000000002,1.9999999999999998,0.7110296684118652
noisy,0,0,0.4,0,20,51,True,False,0.22225318187922483,1.0000000000000002,1.9999999999999998,0.7110296684118652
noisy,0,0,0.4,0,20,52,True,False,0.22225318187922483,1.0000000000000002,1.9999999999999998,0.7110296684118652
noisy,0,0,0.4,0,20,53,True,False,0.22225318187922483,1.0000000000000002,1.9999999999999998,0.7110296684118652
noisy,0,0,0.4,0,20,54,True,False,0.22225318187922483,1.0000000000000002,1.9999999999999998,0.7110296684118652
noisy,0,0,0.4,0,20,55,True,False,0.22225318187922483,1.0000000000000002,1.9999999999999998,0.7110296684118652
noisy,0,0,0.4,0,20,56,True,False,0.22225318187922483,1.0000000000000002,1.9999999999999998,0.7110296684118652
noisy,0,0,0.4,0,20,57,True,False,0.22225318187922483,1.0000000000000002,1.9999999999999998,0.7110296684118652
noisy,0,0,0.4,0,20,58,True,False,0.22225318187922483,1.0000000000000002,1.9999999999999998,0.7110296684118652
noisy,0,0,0.4,0,20,59,True,False,0.22225318187922483,1.0000000000000002,1.9999999999999998,0.7110296684118652
noisy,0,0,0.4,0,20,60,True,False,0.22225318187922483,1.0000000000000002,1.9999999999999998,0.7110296684118652
noisy,0,0,0.4,0,20,61,True,False,0.22225318187922483,1.0000000000000002,1.9999999999999998,0.7110296684118652
noisy,0,0,0.4,0,20,62,True,False,0.22225318187922483,1.0000000000000002,1.9999999999999998,0.7110296684118652
noisy,0,0,0.4,0,20,63,True,False,0.22225318187922483,1.0000000000000002,1.9999999999999998,0.7110296684118652
noisy,0,0,0.4,0,20,64,True,False,0.22225318187922483,1.0000000000000002,1.9999999999999998,0.7110296684118652
noisy,0,0,0.4,0,20,65,True,False,0.22225318187922483,1.0000000000000002,1.9999999999999998,0.7110296684118652
noisy,0,0,0.4,0,20,66,True,False,0.22225318187922483,1.0000000000000002,1.9999999999999998,0.7110296684118652
noisy,0,0,0.4,0,20,67,True,False,0.22225318187922483,1.0000000000000002,1.9999999999999998,0.7110296684118652
noisy,0,0,0.4,0,20,68,True,False,0.22225318187922483,1.0000000000000002,1.9999999999999998,0.7110296684118652
noisy,0,0,0.4,0,20,69,True,False,0.22225318187922483,1.0000000000000002,1.9999999999999998,0.7110296684118652
noisy,0,0,0.4,0,20,70,True,False,0.22225318187922483,1.0000000000000002,1.9999999999999998,0.7110296684118652
noisy,0,0,0.4,0,20,71,True,False,0.22225318187922483,1.0000000000000002,1.9999999999999998,0.7110296684118652
noisy,0,0,0.4,0,20,72,True,False,0.22225318187922483,1.0000000000000002,1.9999999999999998,0.7110296684118652
noisy,0,0,0.4,0,20,73,True,False,0.22225318187922483,1.0000000000000002,1.9999999999999998,0.7110296684118652
noisy,0,0,0.4,0,20,74,True,False,0.22225318187922483,1.0000000000000002,1.9999999999999998,0.7110296684118652
noisy,0,0,0.4,0,20,75,True,False,0.22225318187922483,1.0000000000000002,1.9999999999999998,0.7110296684118652
noisy,0,0,0.4,0,20,76,True,False,0.22225318187922483,1.0000000000000002,1.9999999999999998,0.7110296684118652
noisy,0,0,0.4,0,20,77,True,False,0.22225318187922483,1.0000000000000002,1.9999999999999998,0.7110296684118652
noisy,0,0,0.4,0,20,78,True,False,0.22225318187922483,1.0000000000000002,1.9999999999999998,0.7110296684118652
noisy,0,0,0.4,0,20,79,True,False,0.22225318187922483,1.0000000000000002,1.9999999999999998,0.7110296684118652
noisy,0,0,0.4,0,20,80,True,False,0.22225318187922483,1.0000000000000002,1.9999999999999998,0.7110296684118652
noisy,0,0,0.4,0,20,81,True,False,0.22225318187922483,1.0000000000000002,1.9999999999999998,0.7110296684118652
noisy,0,0,0.4,0,20,82,True,False,0.22225318187922483,1.0000000000000002,1.9999999999999998,0.7110296684118652
noisy,0,0,0.4,0,20,83,True,False,0.22225318187922483,1.0000000000000002,1.9999999999999998,0.7110296684118652
noisy,0,0,0.4,0,20,84,True,False,0.22225318187922483,1.0000000000000002,1.9999999999999998,0.7110296684118652
noisy,0,0,0.4,0,20,85,True,False,0.22225318187922483,1.0000000000000002,1.9999999999999998,0.7110296684118652
noisy,0,0,0.4,0,20,86,True,False,0.22225318187922483,1.0000000000000002,1.9999999999999998,0.7110296684118652
noisy,0,0,0.4,0,20,87,True,False,0.22225318187922483,1.0000000000000002,1.9999999999999998,0.7110296684118652
noisy,0,0,0.4,0,20,88,True,False,0.22225318187922483,1.0000000000000002,1.9999999999999998,0.7110296684118652
noisy,0,0,0.4,0,20,89,True,False,0.22225318187922483,1.0000000000000002,1.9999999999999998,0.7110296684118652
noisy,0,0,0.4,0,20,90,True,False,0.22225318187922483,1.0000000000000002,1.9999999999999998,0.7110296684118652
noisy,0,0,0.4,0,20,91,True,False,0.22225318187922483,1.0000000000000002,1.9999999999999998,0.7110296684118652
noisy,0,0,0.4,0,20,92,True,False,0.22225318187922483,1.0000000000000002,1.9999999999999998,0.7110296684118652
noisy,0,0,0.4,0,20,93,True,False,0.22225318187922483,1.0000000000000002,1.9999999999999998,0.7110296684118652
noisy,0,0,0.4,0,20,94,True,False,0.22225318187922483,1.0000000000000002,1.9999999999999998,0.7110296684118652
noisy,0,0,0.4,0,20,95,True,False,0.22225318187922483,1.0000000000000002,1.9999999999999998,0.7110296684118652
noisy,0,0,0.4,0,20,96,True,False,0.22225318187922483,1.0000000000000002,1.9999999999999998,0.7110296684118652
noisy,0,0,0.4,0,20,97,True,False,0.22225318187922483,1.0000000000000002,1.9999999999999998,0.7110296684118652
noisy,0,0,0.4,0,20,98,True,False,0.22225318187922483,1.0000000000000002,1.9999999999999998,0.7110296684118652
noisy,0,0,0.4,0,20,99,True,False,0.22225318187922483,1.0000000000000002,1.9999999999999998,0.7110296684118652
noisy,0,0,0.4,0,20,100,True,False,0.22225318187922483,1.0000000000000002,1.9999999999999998,0.7110296684118652
kalman,0,0,0.4,0,20,1,False,True,-0.05356617253103568,,0.5000000000000001,0.7112734015027529
kalman,0,0,0.4,0,20,2,False,True,-0.05356617253103568,,0.5000000000000001,0.7112734015027529
kalman,0,0,0.4,0,20,3,False,True,-0.05356617253103568,,0.5000000000000001,0.7112734015027529
kalman,0,0,0.4,0,20,4,False,True,-0.05356617253103568,,0.5000000000000001,0.7112734015027529
kalman,0,0,0.4,0,20,5,False,True,-0.05356617253103568,,0.5000000000000001,0.7112734015027529
kalman,0,0,0.4,0,20,6,False,True,-0.05356617253103568,,0.5000000000000001,0.7112734015027529
kalman,0,0,0.4,0,20,7,False,True,-0.05356617253103568,,0.5000000000000001,0.7112734015027529
kalman,0,0,0.4,0,20,8,False,True,-0.05356617253103568,,0.5000000000000001,0.7112734015027529
kalman,0,0,0.4,0,20,9,False,True,-0.05356617253103568,,0.5000000000000001,0.7112734015027529
kalman,0,0,0.4,0,20,10,False,True,-0.05356617253103568,,0.5000000000000001,0.7112734015027529
kalman,0,0,0.4,0,20,11,False,True,-0.05356617253103568,,0.5000000000000001,0.7112734015027529
kalman,0,0,0.4,0,20,12,False,True,-0.05356617253103568,,0.5000000000000001,0.7112734015027529
kalman,0,0,0.4,0,20,13,False,True,-0.05356617253103568,,0.5000000000000001,0.7112734015027529
kalman,0,0,0.4,0,20,14,False,True,-0.05356617253103568,,0.5000000000000001,0.7112734015027529
kalman,0,0,0.4,0,20,15,False,True,-0.05356617253103568,,0.5000000000000001,0.7112734015027529
kalman,0,0,0.4,0,20,16,False,True,-0.05356617253103568,,0.5000000000000001,0.7112734015027529
kalman,0,0,0.4,0,20,17,False,True,-0.05356617253103568,,0.5000000000000001,0.7112734015027529
kalman,0,0,0.4,0,20,18,False,True,-0.05356617253103568,,0.5000000000000001,0.7112734015027529
kalman,0,0,0.4,0,20,19,False,True,-0.05356617253103568,,0.5000000000000001,0.7112734015027529
kalman,0,0,0.4,0,20,20,False,True,-0.05356617253103568,,0.5000000000000001,0.7112734015027529
kalman,0,0,0.4,0,20,21,False,True,-0.05356617253103568,,0.5000000000000001,0.7112734015027529
kalman,0,0,0.4,0,20,22,False,True,-0.05356617253103568,,0.5000000000000001,0.7112734015027529
kalman,0,0,0.4,0,20,23,False,True,-0.05356617253103568,,0.5000000000000001,0.7112734015027529
kalman,0,0,0.4,0,20,24,False,True,-0.05356617253103568,,0.5000000000000001,0.7112734015027529
kalman,0,0,0.4,0,20,25,False,True,-0.05356617253103568,,0.5000000000000001,0.7112734015027529
kalman,0,0,0.4,0,20,26,False,True,-0.05356617253103568,,0.5000000000000001,0.7112734015027529
kalman,0,0,0.4,0,20,27,False,True,-0.05356617253103568,,0.5000000000000001,0.7112734015027529
kalman,0,0,0.4,0,20,28,False,True,-0.05356617253103568,,0.5000000000000001,0.7112734015027529
kalman,0,0,0.4,0,20,29,False,True,-0.05356617253103568,,0.5000000000000001,0.7112734015027529
kalman,0,0,0.4,0,20,30,False,True,-0.05356617253103568,,0.5000000000000001,0.7112734015027529
kalman,0,0,0.4,0,20,31,False,True,-0.05356617253103568,,0.5000000000000001,0.7112734015027529
kalman,0,0,0.4,0,20,32,False,True,-0.05356617253103568,,0.5000000000000001,0.7112734015027529
kalman,0,0,0.4,0,20,33,False,True,-0.05356617253103568,,0.5000000000000001,0.7112734015027529
kalman,0,0,0.4,0,20,34,False,True,-0.05356617253103568,,0.5000000000000001,0.7112734015027529
kalman,0,0,0.4,0,20,35,False,True,-0.05356617253103568,,0.5000000000000001,0.7112734015027529
kalman,0,0,0.4,0,20,36,False,True,-0.05356617253103568,,0.5000000000000001,0.7112734015027529
kalman,0,0,0.4,0,20,37,False,True,-0.05356617253103568,,0.5000000000000001,0.7112734015027529
kalman,0,0,0.4,0,20,38,False,True,-0.05356617253103568,,0.5000000000000001,0.7112734015027529
kalman,0,0,0.4,0,20,39,False,True,-0.05356617253103568,,0.5000000000000001,0.7112734015027529
kalman,0,0,0.4,0,20,40,False,True,-0.05356617253103568,,0.5000000000000001,0.7112734015027529
kalman,0,0,0.4,0,20,41,False,True,-0.05356617253103568,,0.5000000000000001,0.7112734015027529
kalman,0,0,0.4,0,20,42,False,True,-0.05356617253103568,,0.5000000000000001,0.7112734015027529
kalman,0,0,0.4,0,20,43,False,True,-0.05356617253103568,,0.5000000000000001,0.7112734015027529
kalman,0,0,0.4,0,20,44,False,True,-0.05356617253103568,,0.5000000000000001,0.7112734015027529
kalman,0,0,0.4,0,20,45,False,True,-0.05356617253103568,,0.5000000000000001,0.7112734015027529
kalman,0,0,0.4,0,20,46,False,True,-0.05356617253103568,,0.5000000000000001,0.7112734015027529
kalman,0,0,0.4,0,20,47,False,True,-0.05356617253103568,,0.5000000000000001,0.7112734015027529
kalman,0,0,0.4,0,20,48,False,True,-0.05356617253103568,,0.5000000000000001,0.7112734015027529
kalman,0,0,0.4,0,20,49,False,True,-0.05356617253103568,,0.5000000000000001,0.7112734015027529
kalman,0,0,0.4,0,20,50,False,True,-0.05356617253103568,,0.5000000000000001,0.7112734015027529
kalman,0,0,0.4,0,20,51,False,True,-0.05356617253103568,,0.5000000000000001,0.7112734015027529
kalman,0,0,0.4,0,20,52,False,True,-0.05356617253103568,,0.5000000000000001,0.7112734015027529
kalman,0,0,0.4,0,20,53,False,True,-0.05356617253103568,,0.5000000000000001,0.7112734015027529
kalman,0,0,0.4,0,20,54,False,True,-0.05356617253103568,,0.5000000000000001,0.7112734015027529
kalman,0,0,0.4,0,20,55,False,True,-0.05356617253103568,,0.5000000000000001,0.7112734015027529
kalman,0,0,0.4,0,20,56,False,True,-0.05356617253103568,,0.5000000000000001,0.7112734015027529
kalman,0,0,0.4,0,20,57,False,True,-0.05356617253103568,,0.5000000000000001,0.7112734015027529
kalman,0,0,0.4,0,20,58,False,True,-0.05356617253103568,,0.5000000000000001,0.7112734015027529
kalman,0,0,0.4,0,20,59,False,True,-0.05356617253103568,,0.5000000000000001,0.7112734015027529
kalman,0,0,0.4,0,20,60,False,True,-0.05356617253103568,,0.5000000000000001,0.7112734015027529
kalman,0,0,0.4,0,20,61,False,True,-0.05356617253103568,,0.5000000000000001,0.7112734015027529
kalman,0,0,0.4,0,20,62,False,True,-0.05356617253103568,,0.5000000000000001,0.7112734015027529
kalman,0,0,0.4,0,20,63,False,True,-0.05356617253103568,,0.5000000000000001,0.7112734015027529
kalman,0,0,0.4,0,20,64,False,True,-0.05356617253103568,,0.5000000000000001,0.7112734015027529
kalman,0,0,0.4,0,20,65,False,True,-0.05356617253103568,,0.5000000000000001,0.7112734015027529
kalman,0,0,0.4,0,20,66,False,True,-0.05356617253103568,,0.5000000000000001,0.7112734015027529
kalman,0,0,0.4,0,20,67,False,True,-0.05356617253103568,,0.5000000000000001,0.7112734015027529
kalman,0,0,0.4,0,20,68,False,True,-0.05356617253103568,,0.5000000000000001,0.7112734015027529
kalman,0,0,0.4,0,20,69,False,True,-0.05356617253103568,,0.5000000000000001,0.7112734015027529
kalman,0,0,0.4,0,20,70,False,True,-0.05356617253103568,,0.5000000000000001,0.7112734015027529
kalman,0,0,0.4,0,20,71,False,True,-0.05356617253103568,,0.5000000000000001,0.7112734015027529
kalman,0,0,0.4,0,20,72,False,True,-0.05356617253103568,,0.5000000000000001,0.7112734015027529
kalman,0,0,0.4,0,20,73,False,True,-0.05356617253103568,,0.5000000000000001,0.7112734015027529
kalman,0,0,0.4,0,20,74,False,True,-0.05356617253103568,,0.5000000000000001,0.7112734015027529
kalman,0,0,0.4,0,20,75,False,True,-0.05356617253103568,,0.5000000000000001,0.7112734015027529
kalman,0,0,0.4,0,20,76,False,True,-0.05356617253103568,,0.5000000000000001,0.7112734015027529
kalman,0,0,0.4,0,20,77,False,True,-0.05356617253103568,,0.5000000000000001,0.7112734015027529
kalman,0,0,0.4,0,20,78,False,True,-0.05356617253103568,,0.5000000000000001,0.7112734015027529
kalman,0,0,0.4,0,20,79,False,True,-0.05356617253103568,,0.5000000000000001,0.7112734015027529
kalman,0,0,0.4,0,20,80,False,True,-0.05356617253103568,,0.5000000000000001,0.7112734015027529
kalman,0,0,0.4,0,20,81,False,True,-0.05356617253103568,,0.5000000000000001,0.7112734015027529
kalman,0,0,0.4,0,20,82,False,True,-0.05356617253103568,,0.5000000000000001,0.7112734015027529
kalman,0,0,0.4,0,20,83,False,True,-0.05356617253103568,,0.5000000000000001,0.7112734015027529
kalman,0,0,0.4,0,20,84,False,True,-0.05356617253103568,,0.5000000000000001,0.7112734015027529
kalman,0,0,0.4,0,20,85,False,True,-0.05356617253103568,,0.5000000000000001,0.7112734015027529
kalman,0,0,0.4,0,20,86,False,True,-0.05356617253103568,,0.5000000000000001,0.7112734015027529
kalman,0,0,0.4,0,20,87,False,True,-0.05356617253103568,,0.5000000000000001,0.7112734015027529
kalman,0,0,0.4,0,20,88,False,True,-0.05356617253103568,,0.5000000000000001,0.7112734015027529
kalman,0,0,0.4,0,20,89,False,True,-0.05356617253103568,,0.5000000000000001,0.7112734015027529
kalman,0,0,0.4,0,20,90,False,True,-0.05356617253103568,,0.5000000000000001,0.7112734015027529
kalman,0,0,0.4,0,20,91,False,True,-0.05356617253103568,,0.5000000000000001,0.7112734015027529
kalman,0,0,0.4,0,20,92,False,True,-0.05356617253103568,,0.5000000000000001,0.7112734015027529
kalman,0,0,0.4,0,20,93,False,True,-0.05356617253103568,,0.5000000000000001,0.7112734015027529
kalman,0,0,0.4,0,20,94,False,True,-0.05356617253103568,,0.5000000000000001,0.7112734015027529
kalman,0,0,0.4,0,20,95,False,True,-0.05356617253103568,,0.5000000000000001,0.7112734015027529
kalman,0,0,0.4,0,20,96,False,True,-0.05356617253103568,,0.5000000000000001,0.7112734015027529
kalman,0,0,0.4,0,20,97,False,True,-0.05356617253103568,,0.5000000000000001,0.7112734015027529
kalman,0,0,0.4,0,20,98,False,True,-0.05356617253103568,,0.5000000000000001,0.7112734015027529
kalman,0,0,0.4,0,20,99,False,True,-0.05356617253103568,,0.5000000000000001,0.7112734015027529
kalman,0,0,0.4,0,20,100,False,True,-0.05356617253103568,,0.5000000000000001,0.7112734015027529
ground_truth,0,0,0.5,0,20,1,True,False,0.0932591781715284,0.9500000000000003,1.9,
ground_truth,0,0,0.5,0,20,2,True,False,0.0932591781715284,0.9500000000000003,1.9,
ground_truth,0,0,0.5,0,20,3,True,False,0.0932591781715284,0.9500000000000003,1.9,
ground_truth,0,0,0.5,0,20,4,True,False,0.0932591781715284,0.9500000000000003,1.9,
ground_truth,0,0,0.5,0,20,5,True,False,0.0932591781715284,0.9500000000000003,1.9,
ground_truth,0,0,0.5,0,20,6,True,False,0.0932591781715284,0.9500000000000003,1.9,
ground_truth,0,0,0.5,0,20,7,True,False,0.0932591781715284,0.9500000000000003,1.9,
ground_truth,0,0,0.5,0,20,8,True,False,0.0932591781715284,0.9500000000000003,1.9,
ground_truth,0,0,0.5,0,20,9,True,False,0.0932591781715284,0.9500000000000003,1.9,
ground_truth,0,0,0.5,0,20,10,True,False,0.0932591781715284,0.9500000000000003,1.9,
ground_truth,0,0,0.5,0,20,11,True,False,0.0932591781715284,0.9500000000000003,1.9,
ground_truth,0,0,0.5,0,20,12,True,False,0.0932591781715284,0.9500000000000003,1.9,
ground_truth,0,0,0.5,0,20,13,True,False,0.0932591781715284,0.9500000000000003,1.9,
ground_truth,0,0,0.5,0,20,14,True,False,0.0932591781715284,0.9500000000000003,1.9,
ground_truth,0,0,0.5,0,20,15,True,False,0.0932591781715284,0.9500000000000003,1.9,
ground_truth,0,0,0.5,0,20,16,True,False,0.0932591781715284,0.9500000000000003,1.9,
ground_truth,0,0,0.5,0,20,17,True,False,0.0932591781715284,0.9500000000000003,1.9,
ground_truth,0,0,0.5,0,20,18,True,False,0.0932591781715284,0.9500000000000003,1.9,
ground_truth,0,0,0.5,0,20,19,True,False,0.0932591781715284,0.9500000000000003,1.9,
ground_truth,0,0,0.5,0,20,20,True,False,0.0932591781715284,0.9500000000000003,1.9,
ground_truth,0,0,0.5,0,20,21,True,False,0.0932591781715284,0.9500000000000003,1.9,
ground_truth,0,0,0.5,0,20,22,True,False,0.0932591781715284,0.9500000000000003,1.9,
ground_truth,0,0,0.5,0,20,23,True,False,0.0932591781715284,0.9500000000000003,1.9,
ground_truth,0,0,0.5,0,20,24,True,False,0.0932591781715284,0.9500000000000003,1.9,
ground_truth,0,0,0.5,0,20,25,True,False,0.0932591781715284,0.9500000000000003,1.9,
ground_truth,0,0,0.5,0,20,26,True,False,0.0932591781715284,0.9500000000000003,1.9,
ground_truth,0,0,0.5,0,20,27,True,False,0.0932591781715284,0.9500000000000003,1.9,
ground_truth,0,0,0.5,0,20,28,True,False,0.0932591781715284,0.9500000000000003,1.9,
ground_truth,0,0,0.5,0,20,29,True,False,0.0932591781715284,0.9500000000000003,1.9,
ground_truth,0,0,0.5,0,20,30,True,False,0.0932591781715284,0.9500000000000003,1.9,
ground_truth,0,0,0.5,0,20,31,True,False,0.0932591781715284,0.9500000000000003,1.9,
ground_truth,0,0,0.5,0,20,32,True,False,0.0932591781715284,0.9500000000000003,1.9,
ground_truth,0,0,0.5,0,20,33,True,False,0.0932591781715284,0.9500000000000003,1.9,
ground_truth,0,0,0.5,0,20,34,True,False,0.0932591781715284,0.9500000000000003,1.9,
ground_truth,0,0,0.5,0,20,35,True,False,0.0932591781715284,0.9500000000000003,1.9,
ground_truth,0,0,0.5,0,20,36,True,False,0.0932591781715284,0.9500000000000003,1.9,
ground_truth,0,0,0.5,0,20,37,True,False,0.0932591781715284,0.9500000000000003,1.9,
ground_truth,0,0,0.5,0,20,38,True,False,0.0932591781715284,0.9500000000000003,1.9,
ground_truth,0,0,0.5,0,20,39,True,False,0.0932591781715284,0.9500000000000003,1.9,
ground_truth,0,0,0.5,0,20,40,True,False,0.0932591781715284,0.9500000000000003,1.9,
ground_truth,0,0,0.5,0,20,41,True,False,0.0932591781715284,0.9500000000000003,1.9,
ground_truth,0,0,0.5,0,20,42,True,False,0.0932591781715284,0.9500000000000003,1.9,
ground_truth,0,0,0.5,0,20,43,True,False,0.0932591781715284,0.9500000000000003,1.9,
ground_truth,0,0,0.5,0,20,44,True,False,0.0932591781715284,0.9500000000000003,1.9,
ground_truth,0,0,0.5,0,20,45,True,False,0.0932591781715284,0.9500000000000003,1.9,
ground_truth,0,0,0.5,0,20,46,True,False,0.0932591781715284,0.9500000000000003,1.9,
ground_truth,0,0,0.5,0,20,47,True,False,0.0932591781715284,0.9500000000000003,1.9,
ground_truth,0,0,0.5,0,20,48,True,False,0.0932591781715284,0.9500000000000003,1.9,
ground_truth,0,0,0.5,0,20,49,True,False,0.0932591781715284,0.9500000000000003,1.9,
ground_truth,0,0,0.5,0,20,50,True,False,0.0932591781715284,0.9500000000000003,1.9,
ground_truth,0,0,0.5,0,20,51,True,False,0.0932591781715284,0.9500000000000003,1.9,
ground_truth,0,0,0.5,0,20,52,True,False,0.0932591781715284,0.9500000000000003,1.9,
ground_truth,0,0,0.5,0,20,53,True,False,0.0932591781715284,0.9500000000000003,1.9,
ground_truth,0,0,0.5,0,20,54,True,False,0.0932591781715284,0.9500000000000003,1.9,
ground_truth,0,0,0.5,0,20,55,True,False,0.0932591781715284,0.9500000000000003,1.9,
ground_truth,0,0,0.5,0,20,56,True,False,0.0932591781715284,0.9500000000000003,1.9,
ground_truth,0,0,0.5,0,20,57,True,False,0.0932591781715284,0.9500000000000003,1.9,
ground_truth,0,0,0.5,0,20,58,True,False,0.0932591781715284,0.9500000000000003,1.9,
ground_truth,0,0,0.5,0,20,59,True,False,0.0932591781715284,0.9500000000000003,1.9,
ground_truth,0,0,0.5,0,20,60,True,False,0.0932591781715284,0.9500000000000003,1.9,
ground_truth,0,0,0.5,0,20,61,True,False,0.0932591781715284,0.9500000000000003,1.9,
ground_truth,0,0,0.5,0,20,62,True,False,0.0932591781715284,0.9500000000000003,1.9,
ground_truth,0,0,0.5,0,20,63,True,False,0.0932591781715284,0.9500000000000003,1.9,
ground_truth,0,0,0.5,0,20,64,True,False,0.0932591781715284,0.9500000000000003,1.9,
ground_truth,0,0,0.5,0,20,65,True,False,0.0932591781715284,0.9500000000000003,1.9,
ground_truth,0,0,0.5,0,20,66,True,False,0.0932591781715284,0.9500000000000003,1.9,
ground_truth,0,0,0.5,0,20,67,True,False,0.0932591781715284,0.9500000000000003,1.9,
ground_truth,0,0,0.5,0,20,68,True,False,0.0932591781715284,0.9500000000000003,1.9,
ground_truth,0,0,0.5,0,20,69,True,False,0.0932591781715284,0.9500000000000003,1.9,
ground_truth,0,0,0.5,0,20,70,True,False,0.0932591781715284,0.9500000000000003,1.9,
ground_truth,0,0,0.5,0,20,71,True,False,0.0932591781715284,0.9500000000000003,1.9,
ground_truth,0,0,0.5,0,20,72,True,False,0.0932591781715284,0.9500000000000003,1.9,
ground_truth,0,0,0.5,0,20,73,True,False,0.0932591781715284,0.9500000000000003,1.9,
ground_truth,0,0,0.5,0,20,74,True,False,0.0932591781715284,0.9500000000000003,1.9,
ground_truth,0,0,0.5,0,20,75,True,False,0.0932591781715284,0.9500000000000003,1.9,
ground_truth,0,0,0.5,0,20,76,True,False,0.0932591781715284,0.9500000000000003,1.9,
ground_truth,0,0,0.5,0,20,77,True,False,0.0932591781715284,0.9500000000000003,1.9,
ground_truth,0,0,0.5,0,20,78,True,False,0.0932591781715284,0.9500000000000003,1.9,
ground_truth,0,0,0.5,0,20,79,True,False,0.0932591781715284,0.9500000000000003,1.9,
ground_truth,0,0,0.5,0,20,80,True,False,0.0932591781715284,0.9500000000000003,1.9,
ground_truth,0,0,0.5,0,20,81,True,False,0.0932591781715284,0.9500000000000003,1.9,
ground_truth,0,0,0.5,0,20,82,True,False,0.0932591781715284,0.9500000000000003,1.9,
ground_truth,0,0,0.5,0,20,83,True,False,0.0932591781715284,0.9500000000000003,1.9,
ground_truth,0,0,0.5,0,20,84,True,False,0.0932591781715284,0.9500000000000003,1.9,
ground_truth,0,0,0.5,0,20,85,True,False,0.0932591781715284,0.9500000000000003,1.9,
ground_truth,0,0,0.5,0,20,86,True,False,0.0932591781715284,0.9500000000000003,1.9,
ground_truth,0,0,0.5,0,20,87,True,False,0.0932591781715284,0.9500000000000003,1.9,
ground_truth,0,0,0.5,0,20,88,True,False,0.0932591781715284,0.9500000000000003,1.9,
ground_truth,0,0,0.5,0,20,89,True,False,0.0932591781715284,0.9500000000000003,1.9,
ground_truth,0,0,0.5,0,20,90,True,False,0.0932591781715284,0.9500000000000003,1.9,
ground_truth,0,0,0.5,0,20,91,True,False,0.0932591781715284,0.9500000000000003,1.9,
ground_truth,0,0,0.5,0,20,92,True,False,0.0932591781715284,0.9500000000000003,1.9,
ground_truth,0,0,0.5,0,20,93,True,False,0.0932591781715284,0.9500000000000003,1.9,
ground_truth,0,0,0.5,0,20,94,True,False,0.0932591781715284,0.9500000000000003,1.9,
ground_truth,0,0,0.5,0,20,95,True,False,0.0932591781715284,0.9500000000000003,1.9,
ground_truth,0,0,0.5,0,20,96,True,False,0.0932591781715284,0.9500000000000003,1.9,
ground_truth,0,0,0.5,0,20,97,True,False,0.0932591781715284,0.9500000000000003,1.9,
ground_truth,0,0,0.5,0,20,98,True,False,0.0932591781715284,0.9500000000000003,1.9,
ground_truth,0,0,0.5,0,20,99,True,False,0.0932591781715284,0.9500000000000003,1.9,
ground_truth,0,0,0.5,0,20,100,True,False,0.0932591781715284,0.9500000000000003,1.9,
noisy,0,0,0.5,0,20,1,True,False,0.24773347805719026,1.0000000000000002,2.0,0.34689664843640516
noisy,0,0,0.5,0,20,2,True,False,0.24773347805719026,1.0000000000000002,2.0,0.34689664843640516
noisy,0,0,0.5,0,20,3,True,False,0.24773347805719026,1.0000000000000002,2.0,0.34689664843640516
noisy,0,0,0.5,0,20,4,True,False,0.24773347805719026,1.0000000000000002,2.0,0.34689664843640516
noisy,0,0,0.5,0,20,5,True,False,0.24773347805719026,1.0000000000000002,2.0,0.34689664843640516
noisy,0,0,0.5,0,20,6,True,False,0.24773347805719026,1.0000000000000002,2.0,0.34689664843640516
noisy,0,0,0.5,0,20,7,True,False,0.24773347805719026,1.0000000000000002,2.0,0.34689664843640516
noisy,0,0,0.5,0,20,8,True,False,0.24773347805719026,1.0000000000000002,2.0,0.34689664843640516
noisy,0,0,0.5,0,20,9,True,False,0.24773347805719026,1.0000000000000002,2.0,0.34689664843640516
noisy,0,0,0.5,0,20,10,True,False,0.24773347805719026,1.0000000000000002,2.0,0.34689664843640516
noisy,0,0,0.5,0,20,11,True,False,0.24773347805719026,1.0000000000000002,2.0,0.34689664843640516
noisy,0,0,0.5,0,20,12,True,False,0.24773347805719026,1.0000000000000002,2.0,0.34689664843640516
noisy,0,0,0.5,0,20,13,True,False,0.24773347805719026,1.0000000000000002,2.0,0.34689664843640516
noisy,0,0,0.5,0,20,14,True,False,0.24773347805719026,1.0000000000000002,2.0,0.34689664843640516
noisy,0,0,0.5,0,20,15,True,False,0.24773347805719026,1.0000000000000002,2.0,0.34689664843640516
noisy,0,0,0.5,0,20,16,True,False,0.24773347805719026,1.0000000000000002,2.0,0.34689664843640516
noisy,0,0,0.5,0,20,17,True,False,0.24773347805719026,1.0000000000000002,2.0,0.34689664843640516
noisy,0,0,0.5,0,20,18,True,False,0.24773347805719026,1.0000000000000002,2.0,0.34689664843640516
noisy,0,0,0.5,0,20,19,True,False,0.24773347805719026,1.0000000000000002,2.0,0.34689664843640516
noisy,0,0,0.5,0,20,20,True,False,0.24773347805719026,1.0000000000000002,2.0,0.34689664843640516
noisy,0,0,0.5,0,20,21,True,False,0.24773347805719026,1.0000000000000002,2.0,0.34689664843640516
noisy,0,0,0.5,0,20,22,True,False,0.24773347805719026,1.0000000000000002,2.0,0.34689664843640516
noisy,0,0,0.5,0,20,23,True,False,0.24773347805719026,1.0000000000000002,2.0,0.34689664843640516
noisy,0,0,0.5,0,20,24,True,False,0.24773347805719026,1.0000000000000002,2.0,0.34689664843640516
noisy,0,0,0.5,0,20,25,True,False,0.24773347805719026,1.0000000000000002,2.0,0.34689664843640516
noisy,0,0,0.5,0,20,26,True,False,0.24773347805719026,1.0000000000000002,2.0,0.34689664843640516
noisy,0,0,0.5,0,20,27,True,False,0.24773347805719026,1.0000000000000002,2.0,0.34689664843640516
noisy,0,0,0.5,0,20,28,True,False,0.24773347805719026,1.0000000000000002,2.0,0.34689664843640516
noisy,0,0,0.5,0,20,29,True,False,0.24773347805719026,1.0000000000000002,2.0,0.34689664843640516
noisy,0,0,0.5,0,20,30,True,False,0.24773347805719026,1.0000000000000002,2.0,0.34689664843640516
noisy,0,0,0.5,0,20,31,True,False,0.24773347805719026,1.0000000000000002,2.0,0.34689664843640516
noisy,0,0,0.5,0,20,32,True,False,0.24773347805719026,1.0000000000000002,2.0,0.34689664843640516
noisy,0,0,0.5,0,20,33,True,False,0.24773347805719026,1.0000000000000002,2.0,0.34689664843640516
noisy,0,0,0.5,0,20,34,True,False,0.24773347805719026,1.0000000000000002,2.0,0.34689664843640516
noisy,0,0,0.5,0,20,35,True,False,0.24773347805719026,1.0000000000000002,2.0,0.34689664843640516
noisy,0,0,0.5,0,20,36,True,False,0.24773347805719026,1.0000000000000002,2.0,0.34689664843640516
noisy,0,0,0.5,0,20,37,True,False,0.24773347805719026,1.0000000000000002,2.0,0.34689664843640516
noisy,0,0,0.5,0,20,38,True,False,0.24773347805719026,1.0000000000000002,2.0,0.34689664843640516
noisy,0,0,0.5,0,20,39,True,False,0.24773347805719026,1.0000000000000002,2.0,0.34689664843640516
noisy,0,0,0.5,0,20,40,True,False,0.24773347805719026,1.0000000000000002,2.0,0.34689664843640516
noisy,0,0,0.5,0,20,41,True,False,0.24773347805719026,1.0000000000000002,2.0,0.34689664843640516
noisy,0,0,0.5,0,20,42,True,False,0.24773347805719026,1.0000000000000002,2.0,0.34689664843640516
noisy,0,0,0.5,0,20,43,True,False,0.24773347805719026,1.0000000000000002,2.0,0.34689664843640516
noisy,0,0,0.5,0,20,44,True,False,0.24773347805719026,1.0000000000000002,2.0,0.34689664843640516
noisy,0,0,0.5,0,20,45,True,False,0.24773347805719026,1.0000000000000002,2.0,0.34689664843640516
noisy,0,0,0.5,0,20,46,True,False,0.24773347805719026,1.0000000000000002,2.0,0.34689664843640516
noisy,0,0,0.5,0,20,47,True,False,0.24773347805719026,1.0000000000000002,2.0,0.34689664843640516
noisy,0,0,0.5,0,20,48,True,False,0.24773347805719026,1.0000000000000002,2.0,0.34689664843640516
noisy,0,0,0.5,0,20,49,True,False,0.24773347805719026,1.0000000000000002,2.0,0.34689664843640516
noisy,0,0,0.5,0,20,50,True,False,0.24773347805719026,1.0000000000000002,2.0,0.34689664843640516
noisy,0,0,0.5,0,20,51,True,False,0.24773347805719026,1.0000000000000002,2.0,0.34689664843640516
noisy,0,0,0.5,0,20,52,True,False,0.24773347805719026,1.0000000000000002,2.0,0.34689664843640516
noisy,0,0,0.5,0,20,53,True,False,0.24773347805719026,1.0000000000000002,2.0,0.34689664843640516
noisy,0,0,0.5,0,20,54,True,False,0.24773347805719026,1.0000000000000002,2.0,0.34689664843640516
noisy,0,0,0.5,0,20,55,True,False,0.24773347805719026,1.0000000000000002,2.0,0.34689664843640516
noisy,0,0,0.5,0,20,56,True,False,0.24773347805719026,1.0000000000000002,2.0,0.34689664843640516
noisy,0,0,0.5,0,20,57,True,False,0.24773347805719026,1.0000000000000002,2.0,0.34689664843640516
noisy,0,0,0.5,0,20,58,True,False,0.24773347805719026,1.0000000000000002,2.0,0.34689664843640516
noisy,0,0,0.5,0,20,59,True,False,0.24773347805719026,1.0000000000000002,2.0,0.34689664843640516
noisy,0,0,0.5,0,20,60,True,False,0.24773347805719026,1.0000000000000002,2.0,0.34689664843640516
noisy,0,0,0.5,0,20,61,True,False,0.24773347805719026,1.0000000000000002,2.0,0.34689664843640516
noisy,0,0,0.5,0,20,62,True,False,0.24773347805719026,1.0000000000000002,2.0,0.34689664843640516
noisy,0,0,0.5,0,20,63,True,False,0.24773347805719026,1.0000000000000002,2.0,0.34689664843640516
noisy,0,0,0.5,0,20,64,True,False,0.24773347805719026,1.0000000000000002,2.0,0.34689664843640516
noisy,0,0,0.5,0,20,65,True,False,0.24773347805719026,1.0000000000000002,2.0,0.34689664843640516
noisy,0,0,0.5,0,20,66,True,False,0.24773347805719026,1.0000000000000002,2.0,0.34689664843640516
noisy,0,0,0.5,0,20,67,True,False,0.24773347805719026,1.0000000000000002,2.0,0.34689664843640516
noisy,0,0,0.5,0,20,68,True,False,0.24773347805719026,1.0000000000000002,2.0,0.34689664843640516
noisy,0,0,0.5,0,20,69,True,False,0.24773347805719026,1.0000000000000002,2.0,0.34689664843640516
noisy,0,0,0.5,0,20,70,True,False,0.24773347805719026,1.0000000000000002,2.0,0.34689664843640516
noisy,0,0,0.5,0,20,71,True,False,0.24773347805719026,1.0000000000000002,2.0,0.34689664843640516
noisy,0,0,0.5,0,20,72,True,False,0.24773347805719026,1.0000000000000002,2.0,0.34689664843640516
noisy,0,0,0.5,0,20,73,True,False,0.24773347805719026,1.0000000000000002,2.0,0.34689664843640516
noisy,0,0,0.5,0,20,74,True,False,0.24773347805719026,1.0000000000000002,2.0,0.34689664843640516
noisy,0,0,0.5,0,20,75,True,False,0.24773347805719026,1.0000000000000002,2.0,0.34689664843640516
noisy,0,0,0.5,0,20,76,True,False,0.24773347805719026,1.0000000000000002,2.0,0.34689664843640516
noisy,0,0,0.5,0,20,77,True,False,0.24773347805719026,1.0000000000000002,2.0,0.34689664843640516
noisy,0,0,0.5,0,20,78,True,False,0.24773347805719026,1.0000000000000002,2.0,0.34689664843640516
noisy,0,0,0.5,0,20,79,True,False,0.24773347805719026,1.0000000000000002,2.0,0.34689664843640516
noisy,0,0,0.5,0,20,80,True,False,0.24773347805719026,1.0000000000000002,2.0,0.34689664843640516
noisy,0,0,0.5,0,20,81,True,False,0.24773347805719026,1.0000000000000002,2.0,0.34689664843640516
noisy,0,0,0.5,0,20,82,True,False,0.24773347805719026,1.0000000000000002,2.0,0.34689664843640516
noisy,0,0,0.5,0,20,83,True,False,0.24773347805719026,1.0000000000000002,2.0,0.34689664843640516
noisy,0,0,0.5,0,20,84,True,False,0.24773347805719026,1.0000000000000002,2.0,0.34689664843640516
noisy,0,0,0.5,0,20,85,True,False,0.24773347805719026,1.0000000000000002,2.0,0.34689664843640516
noisy,0,0,0.5,0,20,86,True,False,0.24773347805719026,1.0000000000000002,2.0,0.34689664843640516
noisy,0,0,0.5,0,20,87,True,False,0.24773347805719026,1.0000000000000002,2.0,0.34689664843640516
noisy,0,0,0.5,0,20,88,True,False,0.24773347805719026,1.0000000000000002,2.0,0.34689664843640516
noisy,0,0,0.5,0,20,89,True,False,0.24773347805719026,1.0000000000000002,2.0,0.34689664843640516
noisy,0,0,0.5,0,20,90,True,False,0.24773347805719026,1.0000000000000002,2.0,0.34689664843640516
noisy,0,0,0.5,0,20,91,True,False,0.24773347805719026,1.0000000000000002,2.0,0.34689664843640516
noisy,0,0,0.5,0,20,92,True,False,0.24773347805719026,1.0000000000000002,2.0,0.34689664843640516
noisy,0,0,0.5,0,20,93,True,False,0.24773347805719026,1.0000000000000002,2.0,0.34689664843640516
noisy,0,0,0.5,0,20,94,True,False,0.24773347805719026,1.0000000000000002,2.0,0.34689664843640516
noisy,0,0,0.5,0,20,95,True,False,0.24773347805719026,1.0000000000000002,2.0,0.34689664843640516
noisy,0,0,0.5,0,20,96,True,False,0.24773347805719026,1.0000000000000002,2.0,0.34689664843640516
noisy,0,0,0.5,0,20,97,True,False,0.24773347805719026,1.0000000000000002,2.0,0.34689664843640516
noisy,0,0,0.5,0,20,98,True,False,0.24773347805719026,1.0000000000000002,2.0,0.34689664843640516
noisy,0,0,0.5,0,20,99,True,False,0.24773347805719026,1.0000000000000002,2.0,0.34689664843640516
noisy,0,0,0.5,0,20,100,True,False,0.24773347805719026,1.0000000000000002,2.0,0.34689664843640516
kalman,0,0,0.5,0,20,1,True,False,0.2536714267991913,1.0000000000000002,2.0000000000000004,0.3470904543297302
kalman,0,0,0.5,0,20,2,True,False,0.2536714267991913,1.0000000000000002,2.0000000000000004,0.3470904543297302
kalman,0,0,0.5,0,20,3,True,False,0.2536714267991913,1.0000000000000002,2.0000000000000004,0.3470904543297302
kalman,0,0,0.5,0,20,4,True,False,0.2536714267991913,1.0000000000000002,2.0000000000000004,0.3470904543297302
kalman,0,0,0.5,0,20,5,True,False,0.2536714267991913,1.0000000000000002,2.0000000000000004,0.3470904543297302
kalman,0,0,0.5,0,20,6,True,False,0.2536714267991913,1.0000000000000002,2.0000000000000004,0.3470904543297302
kalman,0,0,0.5,0,20,7,True,False,0.2536714267991913,1.0000000000000002,2.0000000000000004,0.3470904543297302
kalman,0,0,0.5,0,20,8,True,False,0.2536714267991913,1.0000000000000002,2.0000000000000004,0.3470904543297302
kalman,0,0,0.5,0,20,9,True,False,0.2536714267991913,1.0000000000000002,2.0000000000000004,0.3470904543297302
kalman,0,0,0.5,0,20,10,True,False,0.2536714267991913,1.0000000000000002,2.0000000000000004,0.3470904543297302
kalman,0,0,0.5,0,20,11,True,False,0.2536714267991913,1.0000000000000002,2.0000000000000004,0.3470904543297302
kalman,0,0,0.5,0,20,12,True,False,0.2536714267991913,1.0000000000000002,2.0000000000000004,0.3470904543297302
kalman,0,0,0.5,0,20,13,True,False,0.2536714267991913,1.0000000000000002,2.0000000000000004,0.3470904543297302
kalman,0,0,0.5,0,20,14,True,False,0.2536714267991913,1.0000000000000002,2.0000000000000004,0.3470904543297302
kalman,0,0,0.5,0,20,15,True,False,0.2536714267991913,1.0000000000000002,2.0000000000000004,0.3470904543297302
kalman,0,0,0.5,0,20,16,True,False,0.2536714267991913,1.0000000000000002,2.0000000000000004,0.3470904543297302
kalman,0,0,0.5,0,20,17,True,False,0.2536714267991913,1.0000000000000002,2.0000000000000004,0.3470904543297302
kalman,0,0,0.5,0,20,18,True,False,0.2536714267991913,1.0000000000000002,2.0000000000000004,0.3470904543297302
kalman,0,0,0.5,0,20,19,True,False,0.2536714267991913,1.0000000000000002,2.0000000000000004,0.3470904543297302
kalman,0,0,0.5,0,20,20,True,False,0.2536714267991913,1.0000000000000002,2.0000000000000004,0.3470904543297302
kalman,0,0,0.5,0,20,21,True,False,0.2536714267991913,1.0000000000000002,2.0000000000000004,0.3470904543297302
kalman,0,0,0.5,0,20,22,True,False,0.2536714267991913,1.0000000000000002,2.0000000000000004,0.3470904543297302
kalman,0,0,0.5,0,20,23,True,False,0.2536714267991913,1.0000000000000002,2.0000000000000004,0.3470904543297302
kalman,0,0,0.5,0,20,24,True,False,0.2536714267991913,1.0000000000000002,2.0000000000000004,0.3470904543297302
kalman,0,0,0.5,0,20,25,True,False,0.2536714267991913,1.0000000000000002,2.0000000000000004,0.3470904543297302
kalman,0,0,0.5,0,20,26,True,False,0.2536714267991913,1.0000000000000002,2.0000000000000004,0.3470904543297302
kalman,0,0,0.5,0,20,27,True,False,0.2536714267991913,1.0000000000000002,2.0000000000000004,0.3470904543297302
kalman,0,0,0.5,0,20,28,True,False,0.2536714267991913,1.0000000000000002,2.0000000000000004,0.3470904543297302
kalman,0,0,0.5,0,20,29,True,False,0.2536714267991913,1.0000000000000002,2.0000000000000004,0.3470904543297302
kalman,0,0,0.5,0,20,30,True,False,0.2536714267991913,1.0000000000000002,2.0000000000000004,0.3470904543297302
kalman,0,0,0.5,0,20,31,True,False,0.2536714267991913,1.0000000000000002,2.0000000000000004,0.3470904543297302
kalman,0,0,0.5,0,20,32,True,False,0.2536714267991913,1.0000000000000002,2.0000000000000004,0.3470904543297302
kalman,0,0,0.5,0,20,33,True,False,0.2536714267991913,1.0000000000000002,2.0000000000000004,0.3470904543297302
kalman,0,0,0.5,0,20,34,True,False,0.2536714267991913,1.0000000000000002,2.0000000000000004,0.3470904543297302
kalman,0,0,0.5,0,20,35,True,False,0.2536714267991913,1.0000000000000002,2.0000000000000004,0.3470904543297302
kalman,0,0,0.5,0,20,36,True,False,0.2536714267991913,1.0000000000000002,2.0000000000000004,0.3470904543297302
kalman,0,0,0.5,0,20,37,True,False,0.2536714267991913,1.0000000000000002,2.0000000000000004,0.3470904543297302
kalman,0,0,0.5,0,20,38,True,False,0.2536714267991913,1.0000000000000002,2.0000000000000004,0.3470904543297302
kalman,0,0,0.5,0,20,39,True,False,0.2536714267991913,1.0000000000000002,2.0000000000000004,0.3470904543297302
kalman,0,0,0.5,0,20,40,True,False,0.2536714267991913,1.0000000000000002,2.0000000000000004,0.3470904543297302
kalman,0,0,0.5,0,20,41,True,False,0.2536714267991913,1.0000000000000002,2.0000000000000004,0.3470904543297302
kalman,0,0,0.5,0,20,42,True,False,0.2536714267991913,1.0000000000000002,2.0000000000000004,0.3470904543297302
kalman,0,0,0.5,0,20,43,True,False,0.2536714267991913,1.0000000000000002,2.0000000000000004,0.3470904543297302
kalman,0,0,0.5,0,20,44,True,False,0.2536714267991913,1.0000000000000002,2.0000000000000004,0.3470904543297302
kalman,0,0,0.5,0,20,45,True,False,0.2536714267991913,1.0000000000000002,2.0000000000000004,0.3470904543297302
kalman,0,0,0.5,0,20,46,True,False,0.2536714267991913,1.0000000000000002,2.0000000000000004,0.3470904543297302
kalman,0,0,0.5,0,20,47,True,False,0.2536714267991913,1.0000000000000002,2.0000000000000004,0.3470904543297302
kalman,0,0,0.5,0,20,48,True,False,0.2536714267991913,1.0000000000000002,2.0000000000000004,0.3470904543297302
kalman,0,0,0.5,0,20,49,True,False,0.2536714267991913,1.0000000000000002,2.0000000000000004,0.3470904543297302
kalman,0,0,0.5,0,20,50,True,False,0.2536714267991913,1.0000000000000002,2.0000000000000004,0.3470904543297302
kalman,0,0,0.5,0,20,51,True,False,0.2536714267991913,1.0000000000000002,2.0000000000000004,0.3470904543297302
kalman,0,0,0.5,0,20,52,True,False,0.2536714267991913,1.0000000000000002,2.0000000000000004,0.3470904543297302
kalman,0,0,0.5,0,20,53,True,False,0.2536714267991913,1.0000000000000002,2.0000000000000004,0.3470904543297302
kalman,0,0,0.5,0,20,54,True,False,0.2536714267991913,1.0000000000000002,2.0000000000000004,0.3470904543297302
kalman,0,0,0.5,0,20,55,True,False,0.2536714267991913,1.0000000000000002,2.0000000000000004,0.3470904543297302
kalman,0,0,0.5,0,20,56,True,False,0.2536714267991913,1.0000000000000002,2.0000000000000004,0.3470904543297302
kalman,0,0,0.5,0,20,57,True,False,0.2536714267991913,1.0000000000000002,2.0000000000000004,0.3470904543297302
kalman,0,0,0.5,0,20,58,True,False,0.2536714267991913,1.0000000000000002,2.0000000000000004,0.3470904543297302
kalman,0,0,0.5,0,20,59,True,False,0.2536714267991913,1.0000000000000002,2.0000000000000004,0.3470904543297302
kalman,0,0,0.5,0,20,60,True,False,0.2536714267991913,1.0000000000000002,2.0000000000000004,0.3470904543297302
kalman,0,0,0.5,0,20,61,True,False,0.2536714267991913,1.0000000000000002,2.0000000000000004,0.3470904543297302
kalman,0,0,0.5,0,20,62,True,False,0.2536714267991913,1.0000000000000002,2.0000000000000004,0.3470904543297302
kalman,0,0,0.5,0,20,63,True,False,0.2536714267991913,1.0000000000000002,2.0000000000000004,0.3470904543297302
kalman,0,0,0.5,0,20,64,True,False,0.2536714267991913,1.0000000000000002,2.0000000000000004,0.3470904543297302
kalman,0,0,0.5,0,20,65,True,False,0.2536714267991913,1.0000000000000002,2.0000000000000004,0.3470904543297302
kalman,0,0,0.5,0,20,66,True,False,0.2536714267991913,1.0000000000000002,2.0000000000000004,0.3470904543297302
kalman,0,0,0.5,0,20,67,True,False,0.2536714267991913,1.0000000000000002,2.0000000000000004,0.3470904543297302
kalman,0,0,0.5,0,20,68,True,False,0.2536714267991913,1.0000000000000002,2.0000000000000004,0.3470904543297302
kalman,0,0,0.5,0,20,69,True,False,0.2536714267991913,1.0000000000000002,2.0000000000000004,0.3470904543297302
kalman,0,0,0.5,0,20,70,True,False,0.2536714267991913,1.0000000000000002,2.0000000000000004,0.3470904543297302
kalman,0,0,0.5,0,20,71,True,False,0.2536714267991913,1.0000000000000002,2.0000000000000004,0.3470904543297302
kalman,0,0,0.5,0,20,72,True,False,0.2536714267991913,1.0000000000000002,2.0000000000000004,0.3470904543297302
kalman,0,0,0.5,0,20,73,True,False,0.2536714267991913,1.0000000000000002,2.0000000000000004,0.3470904543297302
kalman,0,0,0.5,0,20,74,True,False,0.2536714267991913,1.0000000000000002,2.0000000000000004,0.3470904543297302
kalman,0,0,0.5,0,20,75,True,False,0.2536714267991913,1.0000000000000002,2.0000000000000004,0.3470904543297302
kalman,0,0,0.5,0,20,76,True,False,0.2536714267991913,1.0000000000000002,2.0000000000000004,0.3470904543297302
kalman,0,0,0.5,0,20,77,True,False,0.2536714267991913,1.0000000000000002,2.0000000000000004,0.3470904543297302
kalman,0,0,0.5,0,20,78,True,False,0.2536714267991913,1.0000000000000002,2.0000000000000004,0.3470904543297302
kalman,0,0,0.5,0,20,79,True,False,0.2536714267991913,1.0000000000000002,2.0000000000000004,0.3470904543297302
kalman,0,0,0.5,0,20,80,True,False,0.2536714267991913,1.0000000000000002,2.0000000000000004,0.3470904543297302
kalman,0,0,0.5,0,20,81,True,False,0.2536714267991913,1.0000000000000002,2.0000000000000004,0.3470904543297302
kalman,0,0,0.5,0,20,82,True,False,0.2536714267991913,1.0000000000000002,2.0000000000000004,0.3470904543297302
kalman,0,0,0.5,0,20,83,True,False,0.2536714267991913,1.0000000000000002,2.0000000000000004,0.3470904543297302
kalman,0,0,0.5,0,20,84,True,False,0.2536714267991913,1.0000000000000002,2.0000000000000004,0.3470904543297302
kalman,0,0,0.5,0,20,85,True,False,0.2536714267991913,1.0000000000000002,2.0000000000000004,0.3470904543297302
kalman,0,0,0.5,0,20,86,True,False,0.2536714267991913,1.0000000000000002,2.0000000000000004,0.3470904543297302
kalman,0,0,0.5,0,20,87,True,False,0.2536714267991913,1.0000000000000002,2.0000000000000004,0.3470904543297302
kalman,0,0,0.5,0,20,88,True,False,0.2536714267991913,1.0000000000000002,2.0000000000000004,0.3470904543297302
kalman,0,0,0.5,0,20,89,True,False,0.2536714267991913,1.0000000000000002,2.0000000000000004,0.3470904543297302
kalman,0,0,0.5,0,20,90,True,False,0.2536714267991913,1.0000000000000002,2.0000000000000004,0.3470904543297302
kalman,0,0,0.5,0,20,91,True,False,0.2536714267991913,1.0000000000000002,2.0000000000000004,0.3470904543297302
kalman,0,0,0.5,0,20,92,True,False,0.2536714267991913,1.0000000000000002,2.0000000000000004,0.3470904543297302
kalman,0,0,0.5,0,20,93,True,False,0.2536714267991913,1.0000000000000002,2.0000000000000004,0.3470904543297302
kalman,0,0,0.5,0,20,94,True,False,0.2536714267991913,1.0000000000000002,2.0000000000000004,0.3470904543297302
kalman,0,0,0.5,0,20,95,True,False,0.2536714267991913,1.0000000000000002,2.0000000000000004,0.3470904543297302
kalman,0,0,0.5,0,20,96,True,False,0.2536714267991913,1.0000000000000002,2.0000000000000004,0.3470904543297302
kalman,0,0,0.5,0,20,97,True,False,0.2536714267991913,1.0000000000000002,2.0000000000000004,0.3470904543297302
kalman,0,0,0.5,0,20,98,True,False,0.2536714267991913,1.0000000000000002,2.0000000000000004,0.3470904543297302
kalman,0,0,0.5,0,20,99,True,False,0.2536714267991913,1.0000000000000002,2.0000000000000004,0.3470904543297302
kalman,0,0,0.5,0,20,100,True,False,0.2536714267991913,1.0000000000000002,2.0000000000000004,0.3470904543297302
